gyro_rad[0],gyro_rad[1],gyro_rad[2],accelerometer_m_s2[0],accelerometer_m_s2[1],accelerometer_m_s2[2],timestamp,DTMode
0.00026631617,2.9551788e-11,5.1577596e-19,-0.011971009,-0.00119693,-9.801862,12852000,2_3
0.0007989483,0.0002663161,4.648101e-12,-0.019153614,0.010774078,-9.8198185,12864000,2_3
0.0002663161,-0.0002663161,-1.7013804e-10,-0.016759412,0.009576978,-9.829395,12871000,2_3
0.00026631617,-0.00026631617,-4.6480935e-12,-0.015562311,0.0023943735,-9.815032,12875000,2_3
0.00079894846,0.0005326324,-0.0005326323,-0.021547817,-0.0023940306,-9.812637,12883000,2_3
0.0002663161,0.0002663161,-0.00026631608,-0.019153614,-0.0011969297,-9.805452,12888000,2_3
0.0,0.0,0.0,0.003591303,-0.0011969304,-9.776722,12891000,2_3
0.0,0.0,0.0,0.019153617,-0.01436504,-9.763555,12895000,2_3
-0.0002663161,4.648093e-12,-0.0002663161,0.019153614,-0.02873025,-9.76116,12900000,2_3
-0.00026631617,-0.0002663161,-0.00026631608,0.019153615,-0.03950416,-9.755176,12903000,2_3
0.00053263217,-0.0005326322,0.00026631617,0.008379706,-0.035912856,-9.758766,12908000,2_3
0.00079894834,0.0002663161,0.0005326326,-0.01436521,0.005985675,-9.75757,12917000,2_3
-7.092429e-11,0.00053263217,0.0002663163,-0.021547815,0.010774078,-9.783905,12923000,2_3
-0.00053263234,-7.0924294e-11,1.4184859e-10,-0.019153617,0.020350888,-9.812637,12927000,2_3
-0.0002663161,-0.00079894846,1.279043e-10,-0.020350715,0.019153789,-9.822212,12933000,2_3
0.0002663163,-0.0005326324,-0.000266316,-0.017956514,0.0011972717,-9.795877,12937000,2_3
0.00026631623,0.00026631617,-0.00053263217,-0.004788404,-0.013167939,-9.793483,12943000,2_3
-0.00026631614,1.110345e-10,-0.00026631606,-0.0023942017,-0.008379535,-9.823409,12948000,2_3
0.00026631614,4.648092e-12,-0.00026631606,0.0011971008,0.017956683,-9.832987,12957000,2_3
-0.0002663161,0.00053263246,-0.0007989484,-0.005985504,0.004788575,-9.799467,12959000,2_3
0.0005326324,0.0005326318,-0.0005326324,-0.0047884034,-0.004788231,-9.831789,12972000,2_3
0.00053263234,-2.4571042e-10,0.0005326321,0.015562311,-0.0011969291,-9.847353,12975000,2_3
0.0005326323,-0.0005326323,0.0010652643,0.009576807,0.007182776,-9.84017,12980000,2_3
0.0,-0.00026631623,0.00053263217,-0.01197101,0.0047885757,-9.821016,12983000,2_3
-0.0005326322,-6.627618e-11,-0.00026631614,-0.0035913028,-0.0047882325,-9.793482,12988000,2_3
2.3641429e-11,0.0002663161,-0.00026631617,0.031124622,-0.025138952,-9.782709,12995000,2_3
-0.00026631617,0.00026631617,-0.0005326322,0.010773907,-0.021547647,-9.782709,13001000,2_3
-0.00026631617,-0.00026631623,-0.0005326323,-0.010773908,0.005985675,-9.767147,13011000,2_3
-0.00053263234,-0.00026631603,0.00026631617,0.0035913028,0.0023943721,-9.742007,13019000,2_3
-0.00026631617,-0.00079894846,0.00079894846,0.0035913023,0.0071827755,-9.743204,13027000,2_3
-0.0005326323,-0.00026631632,-1.2285525e-10,-0.007182605,0.007182776,-9.76595,13031000,2_3
7.092428e-11,-0.0002663162,-0.0007989483,-0.005985504,-0.0047882325,-9.793482,13041000,2_3
0.0007989483,-0.00026631667,-0.0007989481,0.0023942017,-0.014365039,-9.813832,13048000,2_3
0.0007989485,0.0002663159,-0.0002663159,0.003591303,-0.005985334,-9.79827,13051000,2_3
-5.910357e-11,-0.0005326322,-0.00026631617,0.01316811,0.0011972726,-9.830594,13059000,2_3
-0.00026631617,-0.0005326322,0.00026631606,0.02633622,1.7145082e-07,-9.823409,13064000,2_3
-0.0002663161,-0.00053263234,3.798667e-11,0.0047884043,0.0035914737,-9.794682,13072000,2_3
-4.7282858e-11,-0.0005326322,0.00026631617,-0.001197101,0.014365383,-9.809044,13075000,2_3
-0.00026631614,-0.0005326322,0.00053263217,-0.010773908,0.016759582,-9.798269,13080000,2_3
-0.0005326321,-0.00053263234,-6.839976e-11,-0.017956514,-0.00119693,-9.801863,13083000,2_3
-0.0005326321,-0.0005326323,-0.00079894834,-0.01316811,-0.010773736,-9.805452,13088000,2_3
-0.0005326321,-0.00026631617,-0.0010652647,0.0,1.7094939e-07,-9.794679,13091000,2_3
0.0005326322,-0.00026631635,-0.00053263234,0.019153617,0.016759584,-9.806652,13100000,2_3
3.5462137e-11,0.0005326322,0.00026631614,0.0011971008,0.032321893,-9.834184,13108000,2_3
-0.00026631614,0.00026631614,0.00026631623,-0.0011971011,0.040701605,-9.817425,13112000,2_3
0.00026631617,0.00026631617,-3.0814053e-11,0.0,0.013168282,-9.835382,13119000,2_3
0.00053263234,8.252415499999999e-19,-4.7282855e-11,-0.0071826046,0.003591475,-9.866506,13123000,2_3
0.00053263234,0.0002663161,0.00026631623,-0.016759414,0.0071827774,-9.878479,13127000,2_3
0.0002663162,-0.0002663161,-0.0002663162,-0.015562311,0.014365383,-9.852142,13136000,2_3
0.00053263234,0.00026631608,7.5572375e-11,0.0011971007,0.010774078,-9.780314,13139000,2_3
0.0,0.00053263217,0.0005326323,-0.0035913025,-0.0059853345,-9.706094,13152000,2_3
-0.00026631617,0.0005326323,0.0005326324,-0.008379708,-0.011970838,-9.8281975,13156000,2_3
-0.0005326324,0.0005326323,0.00026631623,0.0,-0.0023940292,-9.880873,13160000,2_3
-0.00026631614,-0.00053263234,0.0002663162,-0.0023942022,0.022745091,-9.868902,13167000,2_3
-0.0005326323,-0.00026631623,-0.00026631623,0.0,0.020350888,-9.830592,13171000,2_3
-0.00026631617,-0.0002663161,1.8993335e-11,-0.005985505,0.009576979,-9.817424,13177000,2_3
-1.0638643e-10,-0.0005326321,0.0007989485,-0.010773907,0.0047885757,-9.847351,13183000,2_3
-1.0638643e-10,-0.0002663161,0.00079894834,-0.0035913025,-0.0011969291,-9.840169,13188000,2_3
-0.00026631617,-9.795154e-11,0.0005326322,0.001197101,-0.01436504,-9.804256,13191000,2_3
-0.0005326323,-0.00026631617,0.0005326324,-0.0035913025,-0.01316794,-9.779117,13199000,2_3
-0.0007989484,-0.0005326324,0.00053263234,-0.0047884043,-0.011970838,-9.794682,13203000,2_3
-0.0010652647,-0.0002663163,0.00026631606,-0.011971008,-0.0047882325,-9.807847,13207000,2_3
-0.0010652645,-0.0002663161,0.0002663161,-0.023942016,1.7109565e-07,-9.803059,13212000,2_3
-0.0005326324,-0.00053263205,0.00079894863,-0.027533323,-0.0047882325,-9.813835,13216000,2_3
1.1820712e-10,-0.0007989483,0.00053263234,-0.022744916,-0.0035911307,-9.842564,13221000,2_3
3.2506958e-10,-0.0010652645,-0.00026631614,-0.01316811,-0.0011969288,-9.860519,13228000,2_3
2.4823496e-10,-0.00053263234,-0.00053263234,-0.0023942022,1.7168068e-07,-9.836578,13232000,2_3
-0.00079894846,7.0924294e-11,1.2378623e-18,0.03232173,0.011971177,-9.633072,13238000,2_3
-0.0010652645,-6.1628085e-11,-0.0005326322,0.014365211,0.014365379,-9.658209,13243000,2_3
-0.00026631617,-0.00026631608,-0.00026631608,-0.007182606,0.00837988,-9.913194,13251000,2_3
-0.0002663161,0.00026631617,0.00026631608,0.001197101,-0.0011969281,-9.911995,13257000,2_3
3.5462144e-11,0.00026631623,0.0005326322,0.001197101,-0.011970838,-9.856929,13263000,2_3
-0.00026631617,-7.0924294e-11,3.5462147e-11,0.0023942022,-0.008379536,-9.797075,13267000,2_3
-0.00026631617,0.0002663161,-0.00053263234,-0.0011971011,0.0011972715,-9.770737,13271000,2_3
-0.00026631626,9.296186e-12,-0.0005326323,0.008379708,-0.010773738,-9.816229,13279000,2_3
-9.456571e-11,-0.00053263234,-0.0002663161,0.01316811,-0.020350542,-9.827002,13283000,2_3
0.0,0.0,0.0,-0.019153617,0.00119727,-9.6917305,13297000,2_3
0.0005326322,0.0,0.0,-0.009576808,0.010774076,-9.604341,13303000,2_3
0.00053263234,0.0,0.0,0.0047884043,0.010774078,-9.69532,13307000,2_3
0.00053263234,-0.00026631623,0.0002663161,-0.0035913025,0.01077408,-9.823412,13311000,2_3
0.00053263246,-0.0005326321,-0.00053263217,-0.014365212,0.0047885757,-9.838972,13323000,2_3
0.0015978969,0.00026631574,-0.00026631574,0.0,-0.004788231,-9.850943,13333000,2_3
0.0007989483,-8.865534e-11,-8.865534e-11,-0.0047884034,0.010774078,-9.804256,13340000,2_3
0.0005326322,-0.000266316,-0.0002663163,-0.011971011,0.01675958,-9.763555,13343000,2_3
5.3193203e-11,0.0005326322,-0.000266316,-0.023942016,0.0035914723,-9.76954,13348000,2_3
-0.0005326321,0.0007989485,0.00026631623,-0.022744918,0.0011972721,-9.799468,13351000,2_3
-0.0005326322,-0.00053263234,-0.0005326321,0.004788404,0.032321893,-9.832987,13359000,2_3
-0.00026631614,-0.0002663162,-0.00053263234,0.009576809,0.020350888,-9.829395,13363000,2_3
0.00026631597,-0.0005326325,-0.0005326323,0.017956512,-0.027533151,-9.812637,13376000,2_3
0.0007989483,-0.0002663163,1.1355905e-10,0.021547815,-0.029927352,-9.834185,13379000,2_3
0.00079894834,1.1568258e-10,-0.00053263217,0.01316811,-0.020350544,-9.827002,13384000,2_3
-0.0005326321,0.0002663164,4.648098e-12,0.0,-0.0071824356,-9.738415,13395000,2_3
-0.0002663161,0.00026631617,0.0002663161,0.002394202,-0.0047882344,-9.714474,13401000,2_3
0.00079894846,-9.204119e-11,0.0005326322,0.01197101,1.7061512e-07,-9.775526,13411000,2_3
0.00026631623,-0.0002663159,-0.00053263234,0.005985505,-0.009576637,-9.788693,13419000,2_3
5.319321e-11,6.713749e-11,-0.00079894846,-0.0035913025,-0.007182435,-9.777922,13423000,2_3
4.7282855e-11,0.00026631617,0.00026631617,0.010773908,-0.01436504,-9.797075,13435000,2_3
-7.092429e-11,0.0005326322,0.0002663161,-0.01197101,-0.0035911321,-9.78989,13447000,2_3
-7.092427e-11,0.0005326322,9.296186e-12,-0.009576807,-0.0047882325,-9.79468,13452000,2_3
-5.9103576e-11,4.6480935e-12,-0.00026631617,0.0023942022,-0.009576637,-9.810242,13456000,2_3
-7.0924294e-11,-0.00079894846,-0.00053263234,0.009576809,-0.0059853327,-9.815032,13460000,2_3
0.00026631614,-0.00053263234,4.389702e-11,-0.0011971011,-0.010773738,-9.79827,13467000,2_3
0.00053263234,0.00053263234,1.8660688e-10,-0.0011971011,0.0071827774,-9.848549,13476000,2_3
-0.00026631623,0.0005326324,-0.0005326322,-0.0035913023,-0.01436504,-9.786301,13483000,2_3
-0.000532632,0.00079894846,3.7585702e-11,-0.011971008,-0.01675924,-9.80665,13493000,2_3
-0.00026631574,-0.00026631603,0.0010652648,-0.005985504,0.004788576,-9.854535,13503000,2_3
0.00026631626,-0.00053263217,0.0010652648,-0.01316811,0.00957698,-9.855732,13507000,2_3
-0.000266316,-0.0007989485,0.0005326321,-0.009576808,0.033519,-9.782709,13517000,2_3
-0.00026631597,-0.00026631623,-0.00026631623,0.002394202,0.026336389,-9.7324295,13523000,2_3
7.092427e-11,0.00026631606,-0.00026631614,0.008379706,-0.009576637,-9.725246,13528000,2_3
-0.00026631614,0.0002663162,3.419988e-11,-0.005985504,-0.031124454,-9.742006,13532000,2_3
0.0,-0.0005326321,0.00053263234,0.004788404,1.710121e-07,-9.798271,13543000,2_3
0.0005326324,-0.0005326322,0.00026631632,0.007182605,-0.0035911314,-9.815032,13551000,2_3
0.00026631626,-0.0005326323,-1.03861905e-10,-0.0023942022,0.0023943733,-9.810242,13555000,2_3
0.0,-0.0002663161,-2.8289522e-11,-0.01316811,0.0047885748,-9.804256,13561000,2_3
8.274499e-11,0.0005326322,0.0005326322,-0.029927526,0.0023943726,-9.764751,13571000,2_3
-0.00079894846,-0.00026631623,-7.5572375e-11,-0.007182606,-0.023941847,-9.821016,13583000,2_3
0.0002663161,-0.000266316,0.0005326322,0.019153614,0.01556248,-9.7803135,13592000,2_3
0.0002663162,-0.00026631614,0.00026631617,0.039504327,0.02513929,-9.763555,13596000,2_3
-0.0002663161,-3.8847967e-11,0.0005326322,0.031124622,0.007182777,-9.832987,13604000,2_3
-0.0007989484,0.00026631606,0.0005326322,0.01675941,1.7178513e-07,-9.842564,13611000,2_3
-0.00079894846,0.00026631617,0.00053263234,0.0035913023,-0.0035911321,-9.7803135,13615000,2_3
-0.0005326324,0.00026631608,-1.8993335e-11,-0.0035913025,-0.011970839,-9.709686,13619000,2_3
-0.0005326324,0.00079894834,-0.00053263246,-0.0047884043,-0.016759247,-9.72884,13623000,2_3
-0.00026631597,0.0010652647,-9.961478e-11,-0.016759416,-0.0011969302,-9.805455,13631000,2_3
0.0002663161,0.00026631623,-4.2634764e-11,-0.0035913025,0.013168283,-9.848549,13639000,2_3
-0.00053263234,2.8289522e-11,-0.0002663161,0.005985504,-0.010773737,-9.855732,13643000,2_3
-0.00026631614,-0.0005326321,0.00079894863,0.020350715,-0.019153446,-9.809044,13652000,2_3
-0.0002663161,-0.00053263234,-0.0005326324,0.020350713,-0.009576638,-9.78989,13659000,2_3
-0.0010652645,-0.0002663159,-1.7013807e-10,0.01556231,-0.0071824337,-9.798269,13664000,2_3
-0.0015978968,3.406771e-10,0.0007989481,0.01795651,-0.007182435,-9.736021,13671000,2_3
-0.00053263234,0.0002663161,0.0005326321,0.015562311,-0.008379535,-9.815031,13679000,2_3
-0.00053263246,0.00079894834,-0.00026631623,0.020350713,-0.008379533,-9.933543,13683000,2_3
-0.00026631617,0.0007989483,-0.0005326323,0.01556231,0.0011972738,-9.913193,13688000,2_3
-0.00026631623,0.0002663161,-0.00053263217,0.001197101,0.0059856772,-9.8677025,13691000,2_3
-0.00026631617,-0.00026631617,-0.00026631608,0.004788404,-0.016759243,-9.829395,13698000,2_3
1.7731068e-11,-0.00026631614,-0.0005326322,0.0,-0.008379535,-9.801862,13703000,2_3
5.9103555e-11,9.296186e-12,-0.0005326322,0.0,0.001197271,-9.759962,13708000,2_3
0.0,9.296186e-12,-0.0005326322,0.008379707,0.0023943721,-9.743205,13711000,2_3
7.092427e-11,0.0005326322,-0.0005326322,0.01436521,0.009576977,-9.76116,13716000,2_3
-0.00053263217,0.0010652647,-0.0007989482,0.002394202,0.015562482,-9.782707,13719000,2_3
-0.0015978967,0.00053263234,-0.00079894817,-0.020350711,1.6900631e-07,-9.683349,13728000,2_3
-0.00026631597,0.0010652647,0.0005326321,-0.005985505,0.013168281,-9.774329,13739000,2_3
-0.0002663162,0.0013315806,-9.496669e-11,-0.007182605,0.0035914737,-9.846154,13748000,2_3
1.4775892e-10,0.0007989485,0.00026631608,-0.007182605,0.021547988,-9.815031,13752000,2_3
-0.0010652647,0.00053263217,0.0007989486,0.005985504,0.023942187,-9.768345,13759000,2_3
-0.00053263246,0.0010652646,-1.2325621e-10,0.007182605,0.01077408,-9.821015,13767000,2_3
-0.0005326323,9.921379e-11,-0.0002663159,0.0023942017,0.016759578,-9.708488,13776000,2_3
-0.0010652645,-0.00053263217,-0.000266316,-0.0011971008,0.014365379,-9.757569,13781000,2_3
-0.0010652645,-0.00026631623,-0.00053263234,0.005985504,0.005985675,-9.793482,13788000,2_3
-0.0010652645,0.0007989483,-0.0007989485,0.02633622,-0.0059853345,-9.739613,13795000,2_3
-0.0010652642,0.0013315807,-0.00053263234,0.017956512,-0.019153442,-9.836578,13800000,2_3
-0.00053263194,0.0013315809,-2.7227734e-10,0.010773907,-0.010773735,-9.907208,13803000,2_3
-8.865533e-11,0.0010652645,-0.0002663162,-0.005985504,0.0035914755,-9.93474,13808000,2_3
-0.00026631603,0.0013315806,1.414476e-10,-0.019153617,0.017956685,-9.842566,13812000,2_3
-0.0007989483,0.0013315806,0.00026631635,-0.010773907,0.017956682,-9.739612,13817000,2_3
-0.0007989485,0.0013315803,-0.00079894875,0.025139121,-0.01316794,-9.746798,13827000,2_3
-0.00053263217,0.0010652645,-0.0005326322,0.029927518,-0.0071824347,-9.800664,13832000,2_3
-0.0010652649,0.0002663163,-0.00053263194,0.020350713,0.01197118,-9.824609,13836000,2_3
-0.0013315805,0.00053263246,-0.00026631623,0.023942016,0.021547986,-9.722853,13838000,2_3
-0.0010652642,0.0015978968,0.00053263217,0.034715924,0.016759584,-9.809044,13853000,2_3
-0.0005326324,-1.0173833e-10,-0.00026631603,0.0,-0.008379535,-9.868902,13863000,2_3
-0.0010652647,0.00026631614,0.00026631608,0.03232173,-0.023941847,-9.77433,13872000,2_3
-0.0010652645,0.0010652643,-2.6510474e-10,0.021547817,-0.017956343,-9.751583,13877000,2_3
-0.0010652645,0.0015978969,-2.0852568e-10,0.0,-0.014365043,-9.707291,13883000,2_3
-0.00053263234,0.0015978969,-3.9765716e-10,-0.005985504,-0.008379537,-9.769541,13887000,2_3
0.0,0.0018642128,-2.9844333e-10,0.011971009,0.002394373,-9.813833,13892000,2_3
-0.0015978969,0.0010652645,1.0233528e-09,0.009576808,0.021547984,-9.74919,13903000,2_3
-0.0018642129,0.0002663159,-0.00026631533,-0.010773907,0.029927693,-9.785102,13908000,2_3
-0.0013315807,-2.5666988e-10,-0.00053263217,-0.005985504,0.029927697,-9.824609,13912000,2_3
-0.00079894846,2.828953e-11,-0.0002663161,-0.004788404,0.031124795,-9.818622,13915000,2_3
-0.00053263234,0.0010652645,-0.0002663163,-0.019153615,1.7007187e-07,-9.7444,13923000,2_3
-0.00079894834,0.0015978967,-0.0005326322,0.0023942017,0.001197271,-9.757568,13928000,2_3
-0.0010652646,0.00053263246,1.8660688e-10,-0.005985504,0.022745091,-9.77313,13937000,2_3
-0.00026631608,0.00053263234,0.000266316,-0.021547815,0.0371103,-9.793483,13943000,2_3
-0.0005326322,0.0007989485,0.0007989485,-0.015562311,0.0407016,-9.822214,13947000,2_3
-0.0023968453,0.0010652639,6.3917976e-10,0.0047884034,0.017956683,-9.805452,13957000,2_3
-0.0010652649,0.0015978971,0.000532631,0.0011971011,0.041898705,-9.756373,13967000,2_3
-0.0021305294,0.0015978969,1.20996e-09,0.0023942022,0.017956685,-9.776724,13976000,2_3
-0.0023968453,0.0010652645,-0.0002663156,0.0,0.003591473,-9.753977,13980000,2_3
-0.000532632,0.0005326324,0.00053263217,0.003591302,0.017956685,-9.880871,13988000,2_3
-0.0005326324,0.0005326323,0.00026631617,-0.009576809,0.015562484,-9.868902,13992000,2_3
-0.0007989485,0.0010652647,0.00026631614,-0.008379708,0.011971179,-9.786302,13996000,2_3
-0.0018642126,0.0010652645,0.0005326326,-0.0011971008,0.026336389,-9.720459,14001000,2_3
-0.0023968455,0.0013315803,-3.9048445e-10,0.004788404,0.02753349,-9.733627,14011000,2_3
-0.0029294773,0.001864213,1.7438528e-10,0.017956512,0.005985674,-9.721656,14021000,2_3
-0.0031957938,0.001864213,2.8077188e-10,0.009576808,-0.0047882344,-9.716868,14027000,2_3
-0.0021305294,0.0013315803,-0.00026631623,0.004788404,-0.008379537,-9.763555,14033000,2_3
-0.0018642131,0.0010652639,-0.00079894817,0.0011971008,-0.004788233,-9.774328,14040000,2_3
-0.0021305294,0.0007989482,-0.001065264,-0.003591303,-0.0011969309,-9.7444,14043000,2_3
-0.0013315807,0.000266316,-0.0007989483,-0.007182605,0.0059856744,-9.7563715,14048000,2_3
-0.00053263217,0.0007989485,-9.697151e-12,-0.008379707,0.016759582,-9.785102,14055000,2_3
-0.0013315806,0.00079894846,1.735239e-10,-0.004788404,0.013168281,-9.765949,14061000,2_3
-0.0015978969,0.0018642129,-0.0005326327,0.0047884043,0.016759584,-9.816229,14071000,2_3
-0.0026631611,0.0013315809,-0.0002663152,0.008379708,0.005985676,-9.822214,14075000,2_3
-0.0031957934,0.0005326327,0.00026631705,0.019153614,0.002394373,-9.813833,14080000,2_3
-0.0026631611,0.00053263234,0.000266316,0.010773907,0.0023943726,-9.782709,14083000,2_3
-0.0021305294,0.00026631603,1.1103452e-10,-0.0023942022,0.005985675,-9.759963,14087000,2_3
-0.002396845,0.00053263246,0.00026631597,0.001197101,0.011971179,-9.7719345,14093000,2_3
-0.0013315809,0.002130529,-1.1626179e-09,0.02753332,0.015562483,-9.825805,14103000,2_3
-0.0015978969,0.0007989483,-0.00026631547,0.02633622,0.025139289,-9.801862,14108000,2_3
-0.0026631618,-4.9807415e-11,-0.00053263135,0.02394202,0.027533492,-9.765949,14111000,2_3
-0.0021305291,0.0021305303,0.0007989469,0.01316811,0.02154799,-9.880873,14118000,2_3
-0.002396845,0.002130529,0.0007989485,0.019153614,0.013168281,-9.810242,14123000,2_3
-0.0021305294,0.001864212,6.208834e-11,0.0071826056,0.005985674,-9.733627,14128000,2_3
-0.0018642135,0.0023968446,-0.00053263287,-0.0023942022,0.0035914725,-9.7240505,14132000,2_3
-0.0023968448,0.0013315807,4.4878615e-10,0.011971008,-0.005985333,-9.767145,14141000,2_3
-0.002130529,0.0018642131,0.00026631547,0.009576808,-0.01197084,-9.752781,14147000,2_3
-0.0018642127,0.0013315809,0.0005326327,0.007182605,-0.0071824365,-9.718067,14151000,2_3
-0.001597897,0.0007989481,2.267171e-10,0.01316811,0.01556248,-9.7324295,14155000,2_3
-0.002130529,0.001065264,-0.0005326322,0.009576807,0.028730592,-9.7719345,14160000,2_3
-0.0023968448,0.0010652652,1.3679949e-10,-0.001197101,0.020350887,-9.783905,14163000,2_3
-0.0023968453,0.0021305287,0.0002663159,-0.017956512,-0.0011969303,-9.770737,14172000,2_3
-0.0029294773,0.0015978969,0.00026631716,-0.015562311,-0.0023940308,-9.807847,14175000,2_3
-0.0039947424,0.001065264,-2.4146343e-10,-0.007182605,-0.01795634,-9.804257,14183000,2_3
-0.0031957938,0.001597896,-0.0005326332,-0.005985504,-0.023941845,-9.811439,14188000,2_3
-0.0029294775,0.0013315809,-0.00026631597,-0.0023942022,-0.02633605,-9.779118,14192000,2_3
-0.0037284258,0.00079894904,0.00026631702,0.007182605,-0.027533153,-9.730038,14196000,2_3
-0.00346211,0.0007989485,0.000798948,0.01675941,0.013168281,-9.751583,14203000,2_3
-0.0037284256,0.0013315803,0.0005326318,0.011971008,0.025139289,-9.838972,14208000,2_3
-0.0026631611,0.00213053,0.0007989467,0.010773908,0.0071827774,-9.907209,14212000,2_3
-0.003195794,0.0015978963,9.853665e-10,0.0,0.0035914737,-9.792284,14219000,2_3
-0.0023968448,0.00079894875,0.00026631655,-0.0023942022,0.009576978,-9.788693,14223000,2_3
-0.0021305294,0.0002663162,0.00026631646,-0.0047884043,0.0023943733,-9.799467,14227000,2_3
-0.0026631611,-2.3641428e-10,2.3641428e-10,0.011971008,-0.0047882325,-9.804256,14232000,2_3
-0.0029294777,0.00026631617,-2.9086977e-10,0.041898537,1.7005098e-07,-9.743204,14236000,2_3
-0.003728426,0.0010652642,-0.00026631678,0.04668694,-0.002394033,-9.68335,14239000,2_3
-0.0039947424,0.0010652652,-0.00026631565,0.02274492,-0.0035911328,-9.75757,14252000,2_3
-0.004261058,0.0015978975,-1.2014656e-09,0.020350713,0.019153789,-9.862914,14255000,2_3
-0.003728426,0.0021305294,-7.4298256e-10,0.010773908,0.017956687,-9.868902,14259000,2_3
-0.0037284263,0.0015978965,-0.00026631544,0.0011971011,0.01077408,-9.84017,14263000,2_3
-0.003994743,0.001065264,-0.0007989476,-0.0023942022,0.017956685,-9.855732,14267000,2_3
-0.0034621092,0.00213053,-0.00026631687,0.02274492,-0.0035911305,-9.858126,14276000,2_3
-0.0031957938,0.00053263234,8.249254e-10,0.009576809,-0.02633605,-9.856929,14283000,2_3
-0.0031957934,0.0005326322,9.296273e-12,0.0023942017,0.0011972722,-9.830592,14288000,2_3
-0.0031957934,0.00079894834,2.2671713e-10,0.01556231,0.01197118,-9.854534,14296000,2_3
-0.0029294777,0.00079894846,-0.00026631638,0.020350713,0.0083798785,-9.815031,14303000,2_3
-0.0031957936,0.0010652653,0.000266316,0.01436521,0.017956687,-9.799467,14307000,2_3
-0.002130529,0.0005326323,0.00026631626,0.009576807,0.0359132,-9.876081,14320000,2_3
-0.0026631611,0.00026631606,0.0002663166,0.02753332,0.027533492,-9.812636,14323000,2_3
-0.0031957938,-5.580982e-10,-0.0005326321,0.035913028,0.017956685,-9.800665,14327000,2_3
-0.0026631611,-3.6431858e-10,-0.00079894846,0.02633622,0.009576979,-9.807847,14331000,2_3
-0.0029294773,5.48401e-10,-0.0002663161,0.01197101,1.7046887e-07,-9.767146,14337000,2_3
-0.00346211,0.00026631737,0.00053263194,-0.001197101,-0.002394032,-9.753978,14343000,2_3
-0.002396845,0.000532633,0.00079894776,-0.009576809,0.0011972715,-9.7719345,14347000,2_3
-0.002130529,0.00026631553,1.7013808e-10,-0.008379705,0.0011972713,-9.764751,14352000,2_3
-0.0031957936,0.0010652656,0.0007989478,0.0011971011,0.015562482,-9.76954,14361000,2_3
-0.0029294773,0.00053263234,0.0007989488,0.01316811,0.032321893,-9.747992,14364000,2_3
-0.002130529,-2.3515198e-10,0.0002663164,0.02873042,0.02753349,-9.788693,14371000,2_3
-0.002130529,-3.3097994e-10,-5.7766893999999996e-18,0.022744916,0.009576978,-9.830592,14376000,2_3
-0.00346211,2.3176616e-10,0.0002663161,0.008379705,0.0035914753,-9.865309,14379000,2_3
-0.0023968453,0.0015978961,-0.00026631763,0.0035913025,-0.0035911305,-9.85214,14388000,2_3
-0.003728426,3.3097994e-10,1.6548998e-09,0.015562311,0.020350887,-9.7719345,14395000,2_3
-0.004261058,-0.0005326322,4.871738e-10,0.008379707,0.02513929,-9.767146,14398000,2_3
-0.0039947415,-0.00079894805,0.0002663164,0.0023942017,0.008379876,-9.782707,14403000,2_3
-0.0039947415,-0.00079894846,0.0007989479,0.01316811,-0.008379533,-9.805452,14412000,2_3
-0.003728426,-0.00026631693,0.00026631533,0.01436521,-0.0071824337,-9.815032,14416000,2_3
-0.0029294773,0.00026631652,0.0005326317,0.01197101,-0.0011969304,-9.770737,14419000,2_3
-0.0026631611,0.00026631693,0.0015978969,0.007182605,1.6992561e-07,-9.736021,14423000,2_3
-0.002929477,-1.6973717e-10,0.0015978969,0.008379705,0.003591473,-9.775526,14428000,2_3
-0.0026631618,0.00026631536,0.00079894805,0.010773907,0.013168282,-9.8198185,14431000,2_3
-0.002130529,0.0005326321,0.000532632,0.0023942017,0.022745088,-9.824607,14441000,2_3
-0.0021305287,-0.00026631574,0.0005326328,0.0035913025,0.037110295,-9.803059,14452000,2_3
-0.0015978966,-0.0005326327,-5.6579068e-11,0.011971011,0.029927695,-9.8198185,14459000,2_3
-0.0031957938,-0.000532632,-1.2750327e-10,-0.0011971011,0.028730594,-9.846155,14472000,2_3
-0.002929478,1.1254924e-09,0.00053263124,-0.004788404,0.041898705,-9.88566,14475000,2_3
-0.0026631611,-7.138909e-10,0.0002663166,0.02633622,0.047884203,-9.903616,14487000,2_3
-0.0018642128,0.0002663164,-3.4997333e-10,0.0,0.005985675,-9.803059,14496000,2_3
-0.0026631611,0.00026631675,0.0007989485,0.003591303,0.02274509,-9.813833,14499000,2_3
-0.002663161,-0.0002663161,0.0007989487,0.021547815,0.037110295,-9.80665,14504000,2_3
-0.002130529,-0.0007989485,0.00053263287,0.028730424,0.029927695,-9.810242,14510000,2_3
-0.002396845,-0.00053263234,0.00053263194,0.028730424,0.015562483,-9.837775,14516000,2_3
-0.0026631611,2.1782191e-10,0.0010652647,0.029927526,0.020350887,-9.800666,14523000,2_3
-0.002396845,-0.00026631638,0.0005326324,0.02633622,0.013168281,-9.821014,14528000,2_3
-0.0023968453,0.00026631617,0.0005326318,0.011971008,0.014365383,-9.858126,14532000,2_3
-0.0026631611,3.5967043e-10,0.0010652649,0.007182605,0.023942187,-9.847352,14536000,2_3
-0.0031957936,-0.00079894916,0.0005326329,0.01316811,0.034716096,-9.8198185,14540000,2_3
-0.003728426,-0.00079894846,-2.0898613e-10,0.01436521,0.017956685,-9.807848,14551000,2_3
-0.0031957938,-0.0002663161,-1.0448709e-09,0.004788404,0.009576979,-9.84017,14557000,2_3
-0.003728426,4.208976e-10,0.00026631562,0.008379707,0.017956685,-9.870097,14563000,2_3
-0.0061252704,0.00026631547,0.00026631568,0.009576808,0.015562483,-9.861717,14573000,2_3
-0.0055926396,0.000798949,0.0005326316,0.021547817,0.021547986,-9.785103,14583000,2_3
-0.004527375,0.0010652642,1.8592367e-11,0.0023942022,-0.0059853317,-9.859323,14592000,2_3
-0.004261058,0.0013315806,-4.7322957e-10,0.0011971008,-0.0023940299,-9.829395,14597000,2_3
-0.0034621092,0.0010652656,0.00053263217,0.016759416,0.026336389,-9.696517,14608000,2_3
-0.0029294773,0.0015978975,0.0010652636,0.021547815,0.028730592,-9.728838,14611000,2_3
-0.0031957938,0.0013315803,0.00079894875,0.025139121,0.022745093,-9.940725,14615000,2_3
-0.004527375,0.0018642126,0.00026631597,-0.0023942022,0.0442929,-9.647436,14623000,2_3
-0.0039947415,0.0013315802,4.960687e-10,-0.008379706,0.0395045,-9.773131,14628000,2_3
-0.004261058,0.0015978976,0.00053263194,-0.004788404,0.013168281,-9.762359,14631000,2_3
-0.005060006,0.0021305298,0.0010652645,0.0047884043,0.0011972692,-9.631875,14639000,2_3
-0.004527375,0.0034621086,-2.4692068e-09,-0.0011971006,0.019153783,-9.721656,14652000,2_3
-0.0029294773,0.004261058,-6.787556e-09,-0.014365212,0.016759584,-9.725247,14655000,2_3
-0.0029294775,0.0042610588,0.00026631626,-0.020350713,0.013168282,-9.798271,14659000,2_3
-0.0045273746,0.0039947424,0.00053263496,-0.029927524,0.014365382,-9.763555,14663000,2_3
-0.005326322,0.0037284263,0.0007989499,-0.03232173,0.027533492,-9.714474,14667000,2_3
-0.003728427,0.003994742,0.00053263054,0.0047884043,0.015562482,-9.828198,14676000,2_3
-0.0031957945,0.0034621092,1.3142283e-11,0.020350715,0.0011972742,-9.916786,14680000,2_3
-0.003462109,0.0031957943,0.00079894904,0.02753332,-0.009576634,-10.006567,14683000,2_3
-0.0042610597,0.0037284251,0.0013315807,0.008379708,0.004788575,-9.779118,14691000,2_3
-0.0037284265,0.0031957934,0.00079894863,-0.007182605,1.6802433e-07,-9.627085,14695000,2_3
-0.0023968439,0.0026631623,0.001597896,-0.017956512,0.0035914702,-9.640253,14700000,2_3
-0.0015978969,0.003462111,0.0021305273,-0.021547815,0.016759582,-9.868899,14703000,2_3
-0.0018642128,0.0039947415,0.002396845,-0.020350711,0.014365386,-10.103531,14708000,2_3
-0.001597896,0.0026631611,0.0021305298,-0.019153615,0.0011972788,-10.187328,14711000,2_3
-0.00053263194,0.0013315809,0.001864213,-0.009576808,-0.017956337,-10.131065,14719000,2_3
-0.0013315807,0.0018642127,0.0023968453,0.005985504,-0.0131679345,-10.103531,14723000,2_3
-0.000798949,0.0018642131,0.0015978965,0.01436521,-0.002394026,-10.104729,14727000,2_3
0.00053263194,0.0018642136,0.0010652636,0.005985505,0.0011972784,-10.168175,14733000,2_3
0.0010652647,0.0026631611,0.0015978965,-0.004788404,0.009576988,-10.29387,14739000,2_3
0.0007989491,0.003195793,0.0023968457,-0.009576809,0.026336404,-10.429142,14743000,2_3
0.00079894956,0.0023968448,0.002929477,-0.0107739065,0.015562496,-10.539276,14752000,2_3
0.0018642164,0.0010652663,0.003462107,-0.0047884034,-0.013167921,-10.687716,14757000,2_3
0.0026631616,0.00079894956,0.0034621092,-0.005985504,-0.013167919,-10.861298,14761000,2_3
0.0015978977,-0.00079894875,0.0026631607,0.01436521,0.019153807,-11.012133,14772000,2_3
0.002396846,-0.0013315799,0.0031957938,0.03232172,-0.0011969073,-11.103111,14775000,2_3
0.0034621102,-0.002130528,0.0031957934,0.027533319,-0.009576611,-11.190498,14780000,2_3
0.0042610588,-0.0021305264,0.0021305298,0.007182606,0.004788601,-11.277888,14783000,2_3
0.006125271,-0.0039947424,0.002663158,0.019153614,0.0083799055,-11.494562,14792000,2_3
0.0074568503,-0.0045273746,0.003195796,0.01316811,-0.002393999,-11.611879,14801000,2_3
0.008255799,-0.0047936896,0.0034621102,0.0,-0.015562106,-11.704055,14808000,2_3
0.009054753,-0.0055926354,0.002929476,0.0035913025,-0.021547612,-11.773487,14812000,2_3
0.00905475,-0.0061252723,0.003195792,0.010773908,-0.02035051,-11.781868,14816000,2_3
0.008788433,-0.0071905386,0.004261055,0.027533324,-0.015562106,-11.804611,14820000,2_3
0.010120014,-0.008788427,0.0034621097,0.011971008,-0.017956302,-11.917139,14828000,2_3
0.011451593,-0.007989486,0.003195798,0.008379708,0.013168318,-11.924324,14841000,2_3
0.011717907,-0.0061252685,0.0037284316,0.005985504,2.0573682e-07,-11.787852,14852000,2_3
0.012516859,-0.0061252723,0.0031957927,-0.009576809,0.008379913,-11.790249,14859000,2_3
0.013315807,-0.006391584,0.002929479,0.0023942017,0.010774113,-11.717222,14868000,2_3
0.01438107,-0.0055926396,0.0031958008,0.0011971011,-0.013167907,-11.695677,14872000,2_3
0.0149137005,-0.004527381,0.004527381,-0.008379707,-0.025138918,-11.659762,14876000,2_3
0.013582123,-0.0053263204,0.003994739,0.005985504,-0.035912827,-11.490971,14883000,2_3
0.011717909,-0.00506001,0.004527375,-0.01316811,-0.005985306,-11.3712635,14891000,2_3
0.012516858,-0.0042610597,0.0050600106,-0.015562311,0.0059857015,-11.314999,14895000,2_3
0.013848437,-0.0037284244,0.0053263274,-0.01316811,0.0071828025,-11.270704,14901000,2_3
0.014114754,-0.003728423,0.005060007,-0.010773907,0.008379901,-11.21444,14908000,2_3
0.013848437,-0.0031957945,0.0050600097,0.0011971011,0.011971203,-11.14501,14912000,2_3
0.013582122,-0.0021305308,0.0053263274,0.01197101,0.007182799,-11.0672,14915000,2_3
0.013582122,-0.0015978941,0.004527376,0.011971008,0.011971199,-10.998962,14920000,2_3
0.014114755,-0.0015978899,0.0034621102,0.003591303,0.017956706,-10.952278,14923000,2_3
0.013848438,-0.001597897,0.0034621095,-0.008379706,0.004788594,-10.906786,14928000,2_3
0.01304949,-0.0015978982,0.0034621092,-0.01316811,-0.0047882143,-10.851721,14932000,2_3
0.013315806,-0.0026631625,0.003994739,-0.009576807,-0.008379519,-10.71525,14940000,2_3
0.013315804,-0.0015978996,0.0053263246,-0.005985504,-0.011970823,-10.605116,14948000,2_3
0.013049494,-0.0026631607,0.00506,-0.003591303,-0.016759226,-10.548854,14951000,2_3
0.013049493,-0.0034621074,0.004261056,0.0023942022,-0.015562127,-10.498577,14955000,2_3
0.0135821225,-0.0026631628,0.0047936947,-0.002394202,-0.0047882223,-10.420765,14961000,2_3
0.014114757,-0.0026631523,0.0037284216,-0.017956512,-0.027533144,-10.242396,14972000,2_3
0.012516859,-0.00346211,0.002929477,-0.02873042,-0.009576631,-10.1621895,14980000,2_3
0.01304949,-0.003195794,0.0031957952,-0.020350715,0.0047885804,-10.125078,14983000,2_3
0.013582122,-0.0037284277,0.00399474,-0.009576807,0.010774083,-10.0664215,14988000,2_3
0.013582126,-0.006391586,0.0039947354,-0.004788404,0.017956687,-9.925164,14995000,2_3
0.01304949,-0.0077231694,0.0045273686,-0.0023942017,0.011971181,-9.880871,15000000,2_3
0.012516857,-0.007989489,0.00532632,0.009576809,0.005985676,-9.810242,15004000,2_3
0.01198423,-0.007989484,0.004527372,0.01436521,0.0023943714,-9.710884,15011000,2_3
0.011451591,-0.008522121,0.0039947433,0.0,0.029927693,-9.630676,15019000,2_3
0.010652644,-0.007989486,0.0042610588,-0.0035913025,0.03591319,-9.581594,15027000,2_3
0.009054747,-0.008788438,0.0045273704,-0.005985505,0.0047885706,-9.560048,15035000,2_3
0.008255803,-0.00878843,0.0045273737,0.003591303,0.0011972664,-9.477448,15044000,2_3
0.007989485,-0.009321062,0.00399474,-0.0011971008,-0.004788238,-9.471462,15051000,2_3
0.006391593,-0.009853696,0.0031957817,-0.01675941,-0.014365045,-9.457097,15056000,2_3
0.0047936887,-0.009853697,0.0031957938,-0.009576809,0.003591466,-9.372103,15063000,2_3
0.0055926377,-0.00958738,0.0037284286,-0.005985504,0.015562475,-9.366119,15067000,2_3
0.0055926396,-0.0098536955,0.0034621088,-0.007182605,0.014365373,-9.355343,15072000,2_3
0.005060007,-0.00958738,0.0031957917,-0.007182605,0.0023943647,-9.315839,15076000,2_3
0.0045273756,-0.009054749,0.0026631604,-0.015562311,-0.011970847,-9.299079,15079000,2_3
0.003195794,-0.009054748,0.0013315788,-0.0071826056,-0.008379544,-9.289503,15088000,2_3
0.0039947378,-0.008522119,0.0037284272,-0.0023942022,-0.0071824426,-9.300278,15096000,2_3
0.003462109,-0.0077231685,0.0037284251,-0.007182606,-0.008379543,-9.307459,15099000,2_3
0.0029294782,-0.007190536,0.003195793,-0.009576809,-0.010773747,-9.281124,15103000,2_3
0.0021305282,-0.006657904,0.0034621086,-0.008379708,-0.021547657,-9.254788,15107000,2_3
0.0010652677,-0.008522116,0.0023968436,-0.007182604,0.0047885645,-9.233238,15116000,2_3
0.0013315814,-0.009054749,0.002396846,-0.015562311,0.014365373,-9.264364,15119000,2_3
0.0021305287,-0.008522116,0.0023968455,0.0023942017,0.0035914637,-9.238027,15128000,2_3
0.0015978995,-0.00958738,0.0021305264,0.01316811,-0.00119694,-9.227253,15139000,2_3
0.00079894846,-0.009587381,0.002130525,0.007182605,0.004788565,-9.221268,15143000,2_3
0.0013315773,-0.00878843,0.002929479,0.0047884034,0.02513928,-9.23683,15148000,2_3
0.0018642095,-0.0074568517,0.0034621123,0.0023942022,0.027533485,-9.2619705,15152000,2_3
0.0015978995,-0.007989484,0.0023968453,0.01316811,0.016759576,-9.260773,15160000,2_3
0.0018642121,-0.007723168,0.0026631618,0.01197101,0.010774071,-9.260774,15163000,2_3
0.0015978966,-0.007456851,0.0026631604,0.010773907,0.01197117,-9.272743,15168000,2_3
0.0013315803,-0.007190535,0.0021305282,0.002394202,0.020350879,-9.354147,15179000,2_3
0.0013315806,-0.005326322,0.0015978976,0.008379708,-0.0131679475,-9.360134,15187000,2_3
0.0015978969,-0.0053263223,0.0015978973,-0.0047884043,0.0023943668,-9.41041,15191000,2_3
0.0013315806,-0.0053263223,0.0015978962,-0.01436521,0.015562477,-9.473858,15195000,2_3
-0.00026631562,-0.005858956,0.0010652628,0.01316811,0.0035914674,-9.448717,15203000,2_3
-0.00026631725,-0.0034621095,0.0015978967,0.007182605,-0.0011969367,-9.41041,15212000,2_3
-0.00053263234,-0.0034621097,0.0015978963,0.0011971011,-0.0011969362,-9.443931,15216000,2_3
-0.00026631675,-0.0034621092,0.0021305296,0.010773908,-0.005985339,-9.472661,15220000,2_3
-0.0010652641,-0.00346211,0.002130529,0.021547817,-0.0035911363,-9.524134,15227000,2_3
-0.0007989475,-0.002929478,0.0010652647,0.007182606,-0.0011969354,-9.489419,15233000,2_3
-0.0005326322,-0.002130529,0.00079894834,-0.0047884034,0.00718277,-9.464279,15238000,2_3
-0.0005326328,-0.002929477,0.0018642129,-0.017956514,0.01915378,-9.5013895,15243000,2_3
-0.00053263316,-0.0034621092,0.002929478,-0.025139121,0.01675958,-9.558852,15247000,2_3
-0.0005326323,-0.0031957938,0.0026631611,-0.015562311,-0.0011969333,-9.589975,15251000,2_3
-0.0007989485,-0.0018642129,0.0013315801,-0.009576807,0.0011972671,-9.537302,15260000,2_3
-0.0013315809,-0.0013315809,0.00133158,-0.014365212,0.023942184,-9.537302,15263000,2_3
-0.001597896,-0.0026631618,0.00079894846,0.01316811,0.029927688,-9.618706,15273000,2_3
-0.0018642127,-0.0018642136,0.00026631515,0.0047884043,0.022745088,-9.645043,15277000,2_3
-0.0018642131,1.1860815e-10,0.0013315801,-0.0035913025,1.6875559e-07,-9.668983,15288000,2_3
-0.0029294773,-6.1427624e-10,0.0013315806,-0.005985505,-0.011970841,-9.641452,15291000,2_3
-0.0029294777,-4.0402784e-10,0.00079894846,-0.008379708,-0.005985337,-9.615116,15295000,2_3
-0.002396845,-1.2750334e-10,0.0005326322,-0.008379707,0.0071827727,-9.60075,15301000,2_3
-0.0026631611,-2.2379177e-11,0.00026631617,-0.0011971011,-0.007182437,-9.65103,15312000,2_3
-0.0031957938,8.3714713e-10,0.00079894846,0.017956512,-0.026336052,-9.692927,15316000,2_3
-0.0045273746,0.0002663158,0.00079894805,0.02633622,-0.031124452,-9.714474,15319000,2_3
-0.005060006,0.001065264,0.00026631527,0.02274492,-0.025138952,-9.706094,15323000,2_3
-0.0050600055,0.0018642135,0.000532632,0.007182604,-0.010773737,-9.707291,15332000,2_3
-0.0053263223,0.0026631628,0.0010652632,0.004788404,-0.008379539,-9.710883,15335000,2_3
-0.0045273746,0.0018642135,0.0010652656,-0.0047884043,0.01316828,-9.726444,15343000,2_3
-0.005060006,0.0021305296,0.0013315805,-0.0047884043,0.007182775,-9.742006,15347000,2_3
-0.005326323,0.0029294768,0.0007989474,-0.0011971011,0.007182775,-9.740809,15351000,2_3
-0.005060007,0.002929477,0.00053263205,0.002394202,0.011971179,-9.720459,15357000,2_3
-0.0037284251,0.0023968464,0.0007989478,0.01316811,0.004788574,-9.7324295,15363000,2_3
-0.0034621102,0.002929477,0.0005326323,0.02274492,-0.0047882334,-9.775528,15371000,2_3
-0.0034621083,0.0045273756,0.0007989462,0.002394202,-0.0035911324,-9.783905,15383000,2_3
-0.0023968455,0.0042610588,0.0005326304,-0.007182605,-0.004788233,-9.803061,15391000,2_3
-0.002130529,0.005060006,-0.0005326327,-0.020350715,-0.009576637,-9.82341,15401000,2_3
-0.0021305266,0.0063915877,0.00026631483,0.0,0.0011972726,-9.836578,15408000,2_3
-0.001864213,0.006657903,0.00026631495,0.005985504,0.0083798785,-9.856928,15412000,2_3
-0.0015978975,0.0061252704,-1.5314915e-10,0.004788404,0.016759582,-9.850944,15415000,2_3
-0.0015978974,0.0061252713,-0.00026631606,0.0047884043,0.016759584,-9.838972,15419000,2_3
-0.001597898,0.0074568517,-0.00079894904,0.007182605,0.004788576,-9.846155,15423000,2_3
-0.0018642123,0.008255801,-0.0007989481,0.020350715,-0.004788233,-9.792285,15431000,2_3
-0.0010652631,0.008255801,-0.00026631818,0.025139121,0.002394373,-9.794682,15435000,2_3
-0.0002663154,0.008255799,-2.0545616e-09,0.013168108,0.0035914737,-9.821016,15440000,2_3
0.0,0.007989483,-7.4711065e-10,-0.001197101,0.0023943735,-9.832987,15443000,2_3
0.0,0.0077231675,1.347947e-10,-0.0035913025,0.0023943738,-9.85214,15452000,2_3
0.0002663161,0.007190535,-1.4171043e-09,-0.0011971008,-0.0023940294,-9.868899,15457000,2_3
0.00079894846,0.00692422,-1.5044975e-09,-0.001197101,0.0035914753,-9.880872,15463000,2_3
0.0023968443,0.006924219,-0.00026631835,-0.01316811,0.013168283,-9.88207,15472000,2_3
0.0034621106,0.0058589536,-1.8599807e-09,0.0035913025,0.00957698,-9.913193,15481000,2_3
0.0031957945,0.0050600055,0.0005326319,-0.010773907,-0.0047882297,-9.935938,15488000,2_3
0.0039947405,0.0055926396,-0.00026631725,-0.008379706,-0.002394029,-9.902418,15497000,2_3
0.005060006,0.0055926396,-0.0005326346,0.004788404,-0.0059853327,-9.880872,15503000,2_3
0.00479369,0.0026631611,-0.00026631798,0.0,-0.007182432,-9.935939,15511000,2_3
0.005060006,0.0034621097,-0.0005326311,0.011971008,-0.0011969276,-9.916783,15516000,2_3
0.0047936905,0.0042610583,-0.000266314,0.025139121,-0.0011969281,-9.903616,15520000,2_3
0.003994742,0.0039947415,7.7896317e-10,0.025139118,0.0059856777,-9.909601,15523000,2_3
0.0037284251,0.0026631614,-0.0002663173,0.007182605,0.014365382,-9.858126,15533000,2_3
0.0037284254,0.0018642131,-0.0005326334,-0.0035913025,0.011971181,-9.850943,15540000,2_3
0.002130529,0.0010652642,1.8592367e-11,-0.011971009,-0.013167936,-9.856929,15548000,2_3
0.0015978966,0.0010652647,-0.0002663159,0.0023942015,-0.0023940308,-9.82341,15551000,2_3
0.003195793,0.0007989485,-0.001597898,-0.004788404,-0.0011969294,-9.83179,15558000,2_3
0.002396845,0.00079894846,-0.0013315803,-0.008379706,-0.0035911312,-9.824607,15563000,2_3
0.002396845,0.002130529,-0.0007989489,0.008379705,0.008379879,-9.848549,15573000,2_3
0.0039947415,0.0015978973,-0.0015978994,0.009576809,0.008379879,-9.849747,15581000,2_3
0.004793691,0.002130528,-0.0015978961,0.011971011,0.01077408,-9.837775,15584000,2_3
0.004527375,0.0031957945,-0.0010652632,-0.005985504,0.013168282,-9.838972,15595000,2_3
0.0045273737,0.004527375,-0.0018642106,0.0,0.014365382,-9.862914,15600000,2_3
0.0037284265,0.005060006,-0.001597894,0.007182605,0.015562482,-9.848549,15605000,2_3
0.005326322,0.003994741,-0.0010652684,0.011971009,0.009576977,-9.777919,15616000,2_3
0.0053263227,0.0034621088,-0.0005326334,0.0,0.0023943726,-9.770737,15620000,2_3
0.004261058,0.0034621102,-0.00053263106,-0.005985505,-0.0059853345,-9.767146,15623000,2_3
0.003994741,0.0039947424,-0.0013315796,-0.007182605,-0.0071824347,-9.770737,15628000,2_3
0.004261058,0.003994741,-0.0010652647,-0.0035913025,-0.0035911314,-9.803059,15633000,2_3
0.0037284268,0.0045273746,-0.0007989466,0.011971008,1.7128373e-07,-9.813835,15641000,2_3
0.0031957938,0.005858956,-0.0010652595,0.020350713,0.01197118,-9.79827,15647000,2_3
0.003195795,0.0063915863,-0.00079894747,0.014365212,0.014365383,-9.812636,15653000,2_3
0.004527371,0.0069242194,-0.0018642154,-0.0023942017,0.003591473,-9.770737,15664000,2_3
0.004261059,0.0066579026,-0.0015978965,-0.0071826046,1.7030172e-07,-9.75757,15672000,2_3
0.0034621106,0.0074568503,1.3014659e-10,-0.01316811,-0.0011969305,-9.755174,15680000,2_3
0.0037284251,0.006391588,-0.0010652647,-0.01675941,0.0047885743,-9.774329,15689000,2_3
0.0042610606,0.0061252704,-7.087236e-10,0.015562311,-0.0023940315,-9.765951,15699000,2_3
0.003462103,0.006391592,-0.0021305287,0.0011971011,-0.014365041,-9.770737,15712000,2_3
0.004261057,0.0053263223,-0.002396848,-0.01197101,-0.019153444,-9.774329,15715000,2_3
0.0039947424,0.0050600055,-0.0015978963,-0.01675941,-0.01436504,-9.787497,15722000,2_3
0.0026631623,0.0053263227,-0.0013315759,-0.008379705,-0.005985333,-9.775524,15727000,2_3
0.0021305275,0.0050600073,-0.0021305284,-0.005985504,-0.0059853336,-9.759963,15731000,2_3
0.0018642129,0.005060006,-0.002663161,0.01316811,-0.0035911326,-9.740809,15740000,2_3
0.0026631618,0.005060005,-0.002396847,0.008379705,-0.0011969307,-9.767146,15743000,2_3
0.0031957931,0.0042610574,-0.0023968464,0.0047884034,-0.0011969303,-9.770737,15748000,2_3
0.002929479,0.0031957922,-0.0015978974,0.007182605,0.009576977,-9.736021,15759000,2_3
0.0037284265,0.0039947405,-0.0010652643,0.0047884034,0.0047885734,-9.750386,15764000,2_3
0.003728425,0.0042610588,-0.0015978961,0.0047884034,0.0047885734,-9.739613,15771000,2_3
0.0026631588,0.0023968467,-0.0018642142,0.017956514,0.01436538,-9.727641,15776000,2_3
0.002396845,0.0010652636,-0.00079894956,0.019153615,0.010774078,-9.745598,15779000,2_3
0.0018642126,0.0007989485,-0.0002663161,0.011971009,-0.0047882325,-9.7803135,15788000,2_3
0.0015978967,0.0010652654,-0.0010652643,0.020350713,-0.0035911321,-9.779117,15792000,2_3
0.0023968446,0.0010652642,-0.002396846,-0.0011971007,-0.002394031,-9.7863,15803000,2_3
0.001864212,0.00026631614,-0.0018642135,-0.011971008,0.0047885743,-9.791088,15808000,2_3
0.0007989482,-0.00026631608,-0.001864213,0.002394202,0.0035914737,-9.78989,15817000,2_3
0.0010652641,-0.0005326328,-0.0010652647,-0.002394202,1.705733e-07,-9.77313,15823000,2_3
0.0015978969,-0.0005326324,-0.0002663161,-0.0011971011,-0.014365042,-9.716867,15832000,2_3
0.0026631614,0.0005326324,-0.0015978967,0.019153617,0.008379876,-9.716867,15839000,2_3
0.0023968446,-0.0013315806,-0.0013315815,0.03351882,0.0071827737,-9.736021,15848000,2_3
0.00053263246,-0.00026631585,-0.0010652645,0.002394202,0.008379876,-9.753977,15854000,2_3
0.0013315803,-0.0018642131,-0.0010652647,-0.004788404,0.0371103,-9.7874975,15863000,2_3
0.00079894846,-0.0021305287,-0.0013315809,-0.0023942017,0.0383074,-9.776722,15868000,2_3
-0.00053263234,-0.0013315806,-0.0010652647,-0.009576809,0.009576978,-9.750386,15875000,2_3
-0.00053263264,-0.002396845,-0.0013315803,-0.0035913025,0.004788575,-9.786302,15879000,2_3
-0.00026631646,-0.001864213,-7.98195e-11,-0.016759414,0.005985676,-9.818622,15891000,2_3
-0.00079894846,-0.001864213,-6.944967e-10,-0.002394202,0.0143653825,-9.8114395,15895000,2_3
-0.0015978963,-0.0031957934,-0.0005326324,0.005985504,0.020350883,-9.797073,15900000,2_3
-0.0021305284,-0.0042610588,-0.0010652647,-0.004788404,0.0071827765,-9.775525,15903000,2_3
-0.0021305298,-0.0037284258,-0.00026631623,0.010773908,-0.011970838,-9.815032,15912000,2_3
-0.0026631588,-0.0042610588,-0.0026631614,0.01316811,-0.0035911307,-9.812635,15921000,2_3
-0.0021305287,-0.003994742,-0.0026631607,0.009576808,0.011971179,-9.783905,15924000,2_3
-0.0018642148,-0.0050600055,-0.0013315799,-0.0047884034,0.016759584,-9.781511,15933000,2_3
-0.003728426,-0.007190536,-0.00026631862,-0.0023942022,0.01077408,-9.838972,15943000,2_3
-0.004261056,-0.0069242194,-0.0007989501,0.0035913025,-0.0011969289,-9.850943,15948000,2_3
-0.004261058,-0.0066579035,-0.0010652653,0.0047884043,-0.013167939,-9.803061,15952000,2_3
-0.0042610588,-0.007190536,-0.001065264,-0.0023942022,-0.010773739,-9.7803135,15956000,2_3
-0.0039947415,-0.0074568526,-0.0013315798,-0.010773907,0.003591474,-9.818622,15959000,2_3
-0.0039947424,-0.007723167,-0.0013315805,-0.008379707,0.0143653825,-9.843762,15963000,2_3
-0.0042610597,-0.007989484,-0.0010652652,-0.0011971011,0.017956687,-9.827002,15967000,2_3
-0.004527374,-0.007989483,-0.0010652653,0.0,0.016759584,-9.79468,15972000,2_3
-0.0053263237,-0.0071905344,-0.0007989527,-0.004788404,0.015562482,-9.765949,15975000,2_3
-0.0050600055,-0.0055926386,-0.0007989501,-0.0035913025,0.020350883,-9.767145,15980000,2_3
-0.0037284256,-0.0045273756,-0.0007989476,-0.008379708,0.021547988,-9.804258,15984000,2_3
-0.002929478,-0.0042610588,-0.0005326315,-0.017956514,0.004788576,-9.832989,15992000,2_3
-0.003195793,-0.0037284263,-0.00079895026,-0.005985505,-0.019153444,-9.829395,15995000,2_3
-0.0037284254,-0.0021305303,-0.0015978974,0.0023942022,-0.004788234,-9.72884,16003000,2_3
-0.0034621095,-0.0026631614,-0.0018642119,0.008379706,0.010774077,-9.721656,16008000,2_3
-0.0034621113,-0.0034621083,-0.0007989474,0.011971008,0.007182776,-9.759963,16012000,2_3
-0.003195794,-0.0029294763,-3.5846756e-10,0.0035913025,0.0023943724,-9.783905,16017000,2_3
-0.0029294768,-0.0021305298,-0.00053263304,-0.010773907,0.007182777,-9.813833,16023000,2_3
-0.0026631614,-0.002663161,-0.0013315806,-0.009576807,-0.008379535,-9.824607,16033000,2_3
-0.002396845,-0.0031957943,-0.0015978959,-0.005985504,-0.010773738,-9.811439,16037000,2_3
-0.0013315799,-0.003994743,-0.0026631597,-0.005985505,-0.023941847,-9.78989,16043000,2_3
-0.0013315806,-0.0039947415,-0.0026631611,-0.008379706,-0.031124448,-9.765949,16048000,2_3
-0.0013315814,-0.0029294768,-0.0015978975,-0.004788404,-0.016759245,-9.751583,16051000,2_3
-0.00026631652,-0.0029294773,-0.0007989479,-0.01436521,-0.023941845,-9.823409,16060000,2_3
8.865538e-11,-0.0026631611,-0.00079894817,-0.007182605,-0.01556214,-9.837775,16064000,2_3
6.856014e-10,-0.001864213,-0.0013315806,-0.001197101,-0.010773736,-9.806651,16067000,2_3
-0.0002663162,-0.0015978968,-0.0010652648,-0.0071826046,-0.019153448,-9.75757,16071000,2_3
2.6005564e-10,-0.0034621097,-0.0018642126,-0.031124622,-0.01316794,-9.768345,16079000,2_3
0.0010652642,-0.0031957945,-0.0013315795,-0.010773908,-0.007182435,-9.775527,16083000,2_3
0.0013315798,-0.0023968455,-0.00026631556,0.020350711,-0.002394031,-9.779117,16088000,2_3
0.0010652649,-0.002396845,-0.0005326326,0.02753332,1.7109566e-07,-9.803059,16091000,2_3
0.0018642126,-0.0039947415,-0.0010652649,0.010773907,0.0047885748,-9.79468,16101000,2_3
0.0013315806,-0.0039947415,-0.0010652656,0.01675941,0.016759584,-9.756372,16104000,2_3
0.0007989488,-0.0037284258,-0.0013315812,0.017956512,0.023942186,-9.740809,16112000,2_3
0.0013315809,-0.0042610588,-0.0023968443,-0.002394202,0.015562482,-9.776722,16119000,2_3
0.0026631607,-0.0042610597,-0.0018642118,0.015562311,0.010774079,-9.763554,16123000,2_3
0.0026631597,-0.004527374,-0.0010652648,0.027533319,0.0059856744,-9.763554,16128000,2_3
0.0013315794,-0.0053263223,-0.00053263584,0.014365212,0.017956685,-9.768344,16131000,2_3
0.0005326326,-0.0063915877,-0.00079895,0.0011971011,0.023942187,-9.767147,16135000,2_3
0.0010652656,-0.006657903,-0.0013315798,0.0011971011,0.005985675,-9.773131,16139000,2_3
0.0015978978,-0.0058589554,-0.0015978954,-0.0047884043,-0.0071824347,-9.779117,16143000,2_3
0.0005326317,-0.0053263223,-0.0010652659,0.009576808,-0.0011969307,-9.762359,16151000,2_3
0.0010652643,-0.0053263223,-0.0007989478,0.031124622,-0.005985334,-9.743204,16155000,2_3
0.0015978958,-0.00559264,-0.00026631536,0.029927526,-0.0011969309,-9.736021,16159000,2_3
0.0010652641,-0.0058589554,-1.2370466e-09,0.01316811,0.015562482,-9.743204,16163000,2_3
0.0010652656,-0.005060006,-0.00053263217,0.008379707,0.010774078,-9.733627,16167000,2_3
0.0015978985,-0.0034621092,-0.0013315794,0.009576809,-0.008379538,-9.730038,16171000,2_3
0.00026631527,-0.0042610574,-0.0013315815,-0.0023942017,-0.01795634,-9.77313,16180000,2_3
0.00079894724,-0.0037284263,-0.0005326313,-0.010773908,-0.017956344,-9.762359,16183000,2_3
0.0010652642,-0.0015978969,6.4589195e-10,-0.019153614,-0.017956343,-9.755174,16188000,2_3
0.0013315806,-0.0002663161,7.636982e-10,-0.022744918,-0.0047882344,-9.750386,16191000,2_3
0.001864213,-0.0005326322,-0.00026631623,-0.025139121,0.014365381,-9.744401,16195000,2_3
0.0015978967,-0.0015978963,-0.0007989491,-0.019153614,0.023942184,-9.727642,16200000,2_3
0.0005326322,-0.0015978965,-0.00079894904,-0.0071826056,0.020350883,-9.706094,16203000,2_3
0.0010652647,-0.0002663163,1.7266259e-10,-0.0011971011,0.011971178,-9.726444,16212000,2_3
0.0015978969,-0.0007989484,-0.00053263234,-0.021547817,0.0011972719,-9.78989,16220000,2_3
0.0015978966,-0.0013315806,-0.0005326326,-0.022744918,0.008379878,-9.774329,16223000,2_3
0.00079894863,-0.0013315803,-0.0010652649,-0.017956514,0.003591473,-9.755177,16227000,2_3
0.00079894863,-0.0007989483,-0.0013315803,-0.017956514,-0.005985334,-9.740809,16232000,2_3
0.0005326321,-0.0007989483,-0.0010652645,-0.008379706,-0.0023940317,-9.742006,16237000,2_3
-0.00053263246,-0.0010652642,-0.0010652652,-0.008379708,0.005985675,-9.759963,16241000,2_3
-0.0005326322,-0.00053263217,-0.00053263234,-0.022744918,0.0023943726,-9.773131,16244000,2_3
0.0002663161,-3.546214e-11,3.546214e-11,-0.025139118,0.0023943717,-9.739613,16251000,2_3
-0.0010652647,-0.0010652647,-0.0002663162,-0.017956512,0.005985674,-9.719263,16259000,2_3
-0.00053263234,-0.00053263234,-0.00026631626,0.010773908,1.7005098e-07,-9.743204,16267000,2_3
-0.0013315805,-0.0010652649,-0.0005326323,0.009576809,-0.015562142,-9.743204,16276000,2_3
-0.0010652645,-0.00053263264,-0.0010652648,-0.0011971011,-0.023941848,-9.76116,16280000,2_3
-1.2411748e-10,-0.0013315807,-0.0010652643,-0.008379706,-0.031124448,-9.736021,16288000,2_3
-0.00026631597,-0.0013315805,-0.0013315809,-0.008379707,-0.038307063,-9.761161,16291000,2_3
-0.001331581,-0.002663161,-0.000532632,-0.010773907,-0.01795634,-9.788693,16300000,2_3
-0.0010652645,-0.0037284263,-0.0007989475,-0.009576808,-0.0047882325,-9.805453,16303000,2_3
-0.0029294768,-0.0031957931,-0.0015978987,-0.014365212,0.008379876,-9.7719345,16311000,2_3
-0.002396845,-0.002929478,-0.0015978967,-0.016759416,0.0059856744,-9.746798,16315000,2_3
-0.0021305294,-0.0031957938,-0.0013315803,-0.015562311,-0.003591133,-9.738415,16321000,2_3
-0.0021305298,-0.0039947415,-0.0010652639,-0.020350715,-0.0047882344,-9.74919,16327000,2_3
-0.0026631623,-0.0053263213,-0.00079894805,-0.033518825,0.0059856744,-9.775524,16332000,2_3
-0.0029294775,-0.00479369,-0.00079894974,-0.034715924,0.013168281,-9.783907,16336000,2_3
-0.0026631607,-0.0034621097,-0.0010652656,-0.019153617,0.009576978,-9.770737,16340000,2_3
-0.0029294782,-0.0039947415,-0.00053263217,-0.008379707,0.0023943721,-9.757568,16343000,2_3
-0.0023968455,-0.00479369,-0.00026631507,-0.01436521,-0.0047882334,-9.732429,16348000,2_3
-0.0018642131,-0.0037284254,-0.00026631737,-0.039504327,0.02513929,-9.770737,16355000,2_3
-0.002396845,-0.0029294773,-0.00026631702,-0.022744916,0.032321893,-9.799467,16360000,2_3
-0.002130529,-0.002663161,-0.00026631635,0.01316811,0.034716092,-9.805452,16368000,2_3
-0.002130529,-0.0029294773,-0.00026631597,0.010773907,0.0347161,-9.792285,16371000,2_3
-0.0013315805,-0.0034621097,-0.0005326315,0.016759414,0.020350887,-9.779117,16375000,2_3
-0.0013315809,-0.0039947415,-0.00053263205,0.020350713,0.005985676,-9.781512,16378000,2_3
-0.00026631527,-0.0037284265,-0.0013315795,-0.010773908,-0.009576639,-9.722853,16392000,2_3
-0.0018642131,-0.0021305291,-0.000532633,-0.019153617,0.021547986,-9.752781,16399000,2_3
-0.0013315806,-0.002396845,-0.000266316,-0.0035913025,0.0023943717,-9.752781,16408000,2_3
-0.0021305284,-0.002130529,-0.0005326332,-0.009576807,0.0023943714,-9.731233,16413000,2_3
-0.002396845,-0.002396845,-0.00026631574,-0.016759414,0.0071827765,-9.753978,16423000,2_3
-0.0010652641,-0.001331581,-0.0013315807,0.0047884043,-0.019153448,-9.736021,16432000,2_3
-0.0018642131,-0.002663161,-0.0007989481,0.0023942015,-0.0071824356,-9.713275,16444000,2_3
-0.0026631611,-0.0026631607,-0.0007989498,0.016759414,0.0035914727,-9.73722,16448000,2_3
-0.0023968455,-0.0021305284,-0.00026631638,0.020350713,-0.0011969307,-9.761161,16451000,2_3
-0.001864213,-0.001864213,-0.00026631603,0.014365212,-0.01436504,-9.755176,16457000,2_3
-0.0031957936,-0.0013315807,-0.00053263403,0.010773908,-0.020350544,-9.719263,16461000,2_3
-0.0029294775,-0.0013315801,0.00026631643,0.009576807,-0.008379536,-9.714474,16471000,2_3
-0.0026631611,-0.0010652649,0.00026631597,0.010773907,-0.0119708385,-9.7563715,16479000,2_3
-0.0015978968,-0.0018642131,-0.0002663157,-0.007182605,0.0023943726,-9.768345,16491000,2_3
-0.0023968448,-0.0015978969,-0.00053263345,-0.01316811,0.001197271,-9.759962,16496000,2_3
-0.0026631611,-0.000532632,-0.00026631742,0.0023942024,-0.0035911324,-9.762358,16500000,2_3
-0.0026631611,-0.0002663159,-2.410624e-10,0.01316811,0.0011972719,-9.788693,16503000,2_3
-0.0029294777,-0.00026631617,-3.5926945e-10,-0.0035913025,1.7042707e-07,-9.764753,16512000,2_3
-0.002396845,2.554076e-10,0.00026631597,0.0,-0.0011969308,-9.76116,16516000,2_3
-0.0013315806,0.00026631664,0.00079894817,-0.005985504,1.7046882e-07,-9.767145,16521000,2_3
-0.001864213,0.00026631576,1.6422774e-10,-0.008379708,-0.0011969305,-9.77433,16532000,2_3
-0.0034621092,0.0018642134,-0.0005326328,-0.034715924,0.009576978,-9.767147,16539000,2_3
-0.003994742,0.0018642141,0.0002663165,-0.019153617,0.009576978,-9.763555,16543000,2_3
-0.0034621097,0.002663161,-1.0410247e-09,-0.005985504,0.0023943726,-9.758768,16551000,2_3
-0.002130529,0.0029294773,-1.6865163e-09,0.005985505,-0.0059853345,-9.74919,16563000,2_3
-0.002130529,0.00479369,-1.9022144e-09,0.016759412,-0.0023940308,-9.787497,16568000,2_3
-0.0029294777,0.0058589554,7.523977e-10,0.011971008,-0.0011969301,-9.797075,16572000,2_3
-0.0029294777,0.0058589554,-0.00026631606,-0.0023942022,1.7107476e-07,-9.801862,16578000,2_3
-0.003462109,0.0058589545,6.2236943e-10,0.008379705,0.001197272,-9.80665,16583000,2_3
-0.0034621102,0.0042610574,-0.0007989474,-0.005985504,0.0011972717,-9.793482,16592000,2_3
-0.0047936896,0.003994743,1.488207e-09,-0.0023942022,0.008379878,-9.745598,16600000,2_3
-0.0045273746,0.0039947415,-0.00026631643,-0.008379705,1.700092e-07,-9.740809,16603000,2_3
-0.0029294777,0.004261057,-0.00079895015,-0.008379705,-0.013167939,-9.734823,16608000,2_3
-0.0026631614,0.003728426,-0.00079894817,-0.0011971011,-0.019153448,-9.719263,16612000,2_3
-0.0031957934,0.0021305298,0.0005326328,0.0023942022,0.0011972707,-9.718066,16619000,2_3
-0.0031957943,0.0026631607,-5.209133e-10,0.017956512,0.0011972706,-9.708489,16623000,2_3
-0.0029294782,0.0029294773,-0.0005326328,0.029927526,-0.01077374,-9.733627,16627000,2_3
-0.0031957936,0.002929478,-0.00026631582,0.021547817,-0.003591132,-9.788694,16631000,2_3
-0.0042610574,0.0034621097,5.332536e-10,0.0011971006,0.007182776,-9.799467,16636000,2_3
-0.0045273746,0.0037284265,0.00026631614,-0.010773908,0.004788575,-9.792284,16640000,2_3
-0.0037284265,0.003195793,3.8675674e-10,0.0023942022,0.0071827765,-9.797075,16648000,2_3
-0.0031957934,0.0034621097,-0.0002663176,0.009576809,-0.0059853336,-9.76954,16657000,2_3
-0.0037284256,0.003994743,0.00026631675,-0.011971008,-0.013167941,-9.718067,16667000,2_3
-0.0018642131,0.004261058,0.00026631486,-0.002394202,-0.022744749,-9.740809,16677000,2_3
-0.0018642136,0.0045273746,-1.692176e-10,-0.002394202,-0.015562142,-9.730037,16683000,2_3
-0.0029294773,0.0058589545,1.2725095e-09,-0.009576807,-0.0047882334,-9.731233,16688000,2_3
-0.0039947415,0.0053263223,1.5705508e-09,-0.019153614,0.005985674,-9.751583,16700000,2_3
-0.0053263223,0.006924219,-2.099862e-11,0.020350711,0.0023943724,-9.773131,16708000,2_3
-0.0047936887,0.008522118,0.0007989462,0.014365209,0.0011972708,-9.714474,16716000,2_3
-0.005326322,0.008255801,0.0010652667,0.001197101,-0.01197084,-9.708488,16719000,2_3
-0.0031957945,0.0082558,0.00079894316,0.027533319,0.009576976,-9.694121,16728000,2_3
-0.0039947424,0.007989485,0.00053263485,-0.005985504,0.009576978,-9.740809,16735000,2_3
-0.003994741,0.007723167,0.0007989488,-0.0011971008,0.016759582,-9.734823,16740000,2_3
-0.003462109,0.0085221175,0.0010652617,0.005985505,0.001197271,-9.738415,16743000,2_3
-0.003994742,0.007190536,0.0005326354,0.0011971011,-0.022744747,-9.777922,16752000,2_3
-0.0026631597,0.0069242194,0.0010652617,0.009576807,-0.008379536,-9.777919,16757000,2_3
-0.0015978987,0.007989483,0.0005326281,0.01316811,-0.0023940315,-9.768344,16763000,2_3
-0.0018642151,0.008522117,7.8705736e-10,0.01316811,-0.010773739,-9.743204,16771000,2_3
-0.001864213,0.007723168,1.1277348e-09,0.009576809,-0.0047882344,-9.713276,16775000,2_3
-0.001864213,0.006657903,7.781624e-10,0.017956512,0.0059856744,-9.731234,16779000,2_3
-0.001864213,0.0061252713,4.3788662e-10,0.025139121,0.013168281,-9.776724,16787000,2_3
-0.00053262984,0.0047936905,0.001597896,-0.0071826046,0.0395045,-9.7803135,16796000,2_3
-0.001065264,0.0045273746,0.001864214,0.003591303,0.038307402,-9.758766,16799000,2_3
-0.00213053,0.0047936896,0.0013315819,-0.0035913028,0.02274509,-9.752781,16803000,2_3
-0.0023968462,0.005326322,0.0007989485,-0.017956514,0.019153785,-9.767145,16808000,2_3
-0.0018642136,0.004261058,0.00026631608,-0.014365212,0.017956682,-9.764751,16811000,2_3
-0.0010652649,0.0026631611,-5.9905435e-11,-0.01436521,0.005985675,-9.764753,16815000,2_3
-0.00026631565,0.002929478,0.00053263153,-0.015562311,-0.0047882325,-9.806652,16819000,2_3
-0.00053263205,0.0042610588,0.0010652649,-0.008379707,-0.0047882325,-9.817425,16823000,2_3
-0.0018642135,0.0047936896,0.0005326341,-0.007182605,0.007182775,-9.765949,16828000,2_3
-0.0021305298,0.005060006,0.00026631652,-0.007182606,0.007182776,-9.73722,16831000,2_3
-0.0010652642,0.005060007,0.00053263106,-0.002394202,-0.0071824356,-9.738415,16837000,2_3
-0.0005326316,0.0034621095,0.0005326324,-0.003591302,-0.0023940317,-9.743204,16848000,2_3
-0.00053263234,0.0031957938,0.0010652647,-0.011971011,-0.010773739,-9.761161,16857000,2_3
-0.0013315814,0.0029294768,0.0005326337,-0.007182606,-0.014365042,-9.753977,16863000,2_3
-0.0018642129,0.0023968448,0.00053263345,0.0047884043,-0.004788234,-9.749191,16867000,2_3
-0.0010652645,0.0010652645,0.00026631632,0.016759412,-0.008379537,-9.734823,16872000,2_3
-0.001864213,0.0013315806,1.6508907e-10,0.0,-0.015562142,-9.745598,16879000,2_3
-0.001864213,0.00053263234,5.057661e-10,0.017956512,-0.0047882334,-9.767147,16883000,2_3
-0.0010652647,-3.3009661999999997e-18,1.8913142e-10,0.019153617,0.0011972714,-9.762358,16887000,2_3
-0.00026631617,-0.00053263234,4.9807384e-11,-0.015562311,0.0023943724,-9.755177,16896000,2_3
-0.00053263234,-0.0013315806,0.0002663161,-0.017956514,0.0011972716,-9.774329,16899000,2_3
-0.00026631606,-0.002130529,0.00053263217,-0.021547815,0.0059856744,-9.7719345,16908000,2_3
-0.00079894846,-0.001864213,0.0005326323,-0.02274492,0.008379878,-9.785105,16915000,2_3
-0.0005326319,-0.0026631611,0.0002663164,-0.0059855045,0.01436538,-9.774328,16920000,2_3
-0.0013315805,-0.002396845,-0.00026631655,-0.0011971008,-0.003591132,-9.783905,16932000,2_3
-0.00079894916,-0.0018642122,0.0002663165,0.0,-0.0035911314,-9.792284,16937000,2_3
-0.00026631623,-0.0026631611,0.00053263287,-0.003591303,-0.0011969307,-9.757568,16943000,2_3
-1.418485e-10,-0.0034621095,0.0007989487,-0.019153614,-0.009576636,-9.739612,16948000,2_3
-0.0005326322,-0.0034621102,0.00079894764,-0.02394202,-0.008379537,-9.753978,16951000,2_3
0.0002663159,-0.0023968448,0.00053263287,-0.011971008,-0.014365042,-9.703699,16959000,2_3
0.00026631547,-0.002396845,0.0013315806,-0.017956514,0.0035914723,-9.714474,16964000,2_3
-5.9103555e-10,-0.0013315807,0.0013315805,-0.0059855045,0.017956685,-9.742006,16972000,2_3
0.0,-0.00053263234,0.00053263234,0.0047884043,0.009576978,-9.745598,16976000,2_3
0.00026631635,-0.0010652645,2.8690484e-11,0.0,0.0023943721,-9.753977,16979000,2_3
0.0005326322,-0.0013315806,-2.3240486e-11,-0.010773907,0.010774078,-9.738415,16988000,2_3
0.0007989482,-0.0021305294,0.0002663161,-0.0035913025,-0.0035911328,-9.7444,16992000,2_3
0.00079894846,-0.001864213,0.00026631617,-0.002394202,-0.016759245,-9.725246,16995000,2_3
0.0005326324,4.6480922e-12,-0.00026631608,0.0,-0.0059853345,-9.7240505,17003000,2_3
0.00079894834,-1.2285523e-10,0.0002663161,0.0023942017,1.6967489e-07,-9.721656,17008000,2_3
0.0010652647,-0.00053263234,0.00053263205,0.004788404,-0.0047882353,-9.697715,17011000,2_3
0.00079894846,-0.0010652643,-1.8592326e-11,0.01316811,-0.0071824347,-9.744401,17020000,2_3
0.0010652647,-0.0015978969,-8.6992115e-11,0.021547817,-0.004788233,-9.779117,17024000,2_3
0.00079894817,-0.0015978968,0.00026631594,0.020350713,1.7117922e-07,-9.807847,17031000,2_3
0.0005326313,-0.00053263264,0.0010652647,0.01556231,0.011971178,-9.8281975,17036000,2_3
0.0005326322,-0.0005326322,0.0010652645,0.014365212,0.027533492,-9.830592,17039000,2_3
0.0002663162,-0.00053263217,-0.00026631606,-0.0035913025,0.022745088,-9.7719345,17048000,2_3
0.00053263234,-2.490369e-11,-0.000266316,0.0035913028,0.011971179,-9.746796,17051000,2_3
0.0,8.022046e-11,-0.0005326322,0.022744916,0.009576977,-9.745598,17056000,2_3
7.092428e-11,0.00079894834,0.000266316,0.013168108,0.031124791,-9.799467,17064000,2_3
0.00053263264,0.0007989485,0.0010652645,-0.0023942022,0.021547988,-9.785105,17072000,2_3
0.00026631623,3.3338568e-11,0.00079894846,0.001197101,0.0011972708,-9.727642,17079000,2_3
0.0005326323,0.00026631623,0.00053263234,0.0047884043,-0.005985334,-9.731234,17083000,2_3
-0.00026631623,0.0005326322,0.0002663163,-0.009576809,-0.014365042,-9.72884,17087000,2_3
-0.0013315806,0.0005326321,1.9842764e-10,-0.017956514,1.7013454e-07,-9.747992,17093000,2_3
-0.0010652647,0.0013315806,-5.796159e-10,-0.011971009,0.0047885748,-9.776724,17101000,2_3
-0.001065264,0.002130529,0.00026631684,-0.021547815,-0.020350542,-9.743204,17112000,2_3
-0.0013315803,0.0013315809,0.00053263287,-0.017956512,-0.009576639,-9.73722,17115000,2_3
-0.0002663162,0.0015978967,0.0002663157,-0.009576807,-0.007182435,-9.720459,17120000,2_3
0.0005326321,0.0029294773,0.00026631553,0.001197101,0.002394371,-9.709684,17123000,2_3
0.00026631608,0.0042610588,0.00053263246,-0.0023942022,-0.025138952,-9.694122,17135000,2_3
0.00053263246,0.003728426,0.000532632,-0.0011971011,-0.037109967,-9.703699,17139000,2_3
-0.0007989484,0.0015978968,0.00026631678,0.0011971011,-0.026336052,-9.719263,17151000,2_3
-0.0005326326,0.0010652643,-0.00026631617,0.022744918,-0.013167941,-9.731233,17159000,2_3
-0.00053263234,0.0010652647,-0.00026631614,0.019153617,-0.014365042,-9.720461,17163000,2_3
-0.000266316,0.0005326322,0.0002663161,0.01316811,-0.037109956,-9.707291,17172000,2_3
-0.0007989482,0.00026631617,0.00079894863,0.008379708,-0.033518657,-9.727644,17176000,2_3
3.5462137e-11,-0.00026631614,-0.00026631606,0.011971008,0.004788573,-9.714474,17184000,2_3
-0.0002663162,-0.0007989483,-4.3496057e-11,0.01795651,0.01675958,-9.743204,17191000,2_3
-2.482349e-10,-0.0010652643,0.0005326324,0.02873042,0.017956683,-9.7719345,17196000,2_3
0.0007989485,-0.0013315805,0.0005326326,0.031124622,0.010774078,-9.768344,17199000,2_3
0.0010652647,-0.0021305294,0.00079894834,0.02274492,0.01197118,-9.740809,17203000,2_3
0.0013315807,-0.002396845,0.00079894834,0.008379706,0.015562478,-9.721656,17208000,2_3
0.0018642131,-0.0015978965,0.0002663171,0.004788404,0.0023943721,-9.738415,17211000,2_3
0.0013315805,-0.0010652647,0.0002663159,0.014365212,0.01556248,-9.726444,17219000,2_3
0.0034621097,-0.0029294775,2.79851e-10,-0.01436521,0.0011972698,-9.661802,17227000,2_3
0.0042610574,-0.0023968455,0.00026631745,-0.01436521,0.0023943698,-9.635464,17232000,2_3
0.004527375,-0.0013315806,0.00026631827,0.0,0.009576975,-9.62589,17236000,2_3
0.0053263223,-0.0015978963,-7.51717e-11,0.010773908,0.027533492,-9.636662,17240000,2_3
0.00479369,-0.0010652643,-0.0002663154,0.016759412,0.025139287,-9.719261,17248000,2_3
0.0053263223,-0.00053263287,1.2909821e-09,0.014365212,1.697376e-07,-9.725247,17251000,2_3
0.006924219,-6.193252e-10,0.00026631675,0.009576809,1.6954955e-07,-9.714474,17259000,2_3
0.0061252713,-7.557238e-11,0.00026631617,0.01436521,0.014365381,-9.708489,17263000,2_3
0.0061252713,-4.6480935e-12,0.00026631617,0.021547817,0.016759584,-9.713276,17267000,2_3
0.0061252704,-0.0002663172,0.0007989478,0.02753332,0.008379877,-9.737218,17273000,2_3
0.0053263223,-0.0005326318,0.00053263135,0.02633622,0.0023943721,-9.738415,17279000,2_3
0.00479369,-0.00026631344,-0.0005326317,0.021547817,0.009576977,-9.72884,17283000,2_3
0.0053263223,-8.526967e-11,-0.00053263176,0.011971008,0.015562478,-9.736021,17288000,2_3
0.0061252713,-2.5507496e-09,0.00053263234,0.009576809,0.0059856744,-9.726444,17292000,2_3
0.005060006,0.0005326326,0.00053263275,0.034715924,-0.01197084,-9.700108,17299000,2_3
0.0039947415,8.084565e-10,-0.00026631646,0.021547813,-0.003591134,-9.677363,17312000,2_3
0.0034621095,0.00053263246,-0.00026631454,0.025139121,0.0035914723,-9.71208,17316000,2_3
0.0034621097,0.0013315803,9.452562e-10,0.02633622,0.0011972705,-9.706093,17320000,2_3
0.002396845,0.001864213,1.1200425e-09,0.03232172,0.0035914718,-9.6845455,17323000,2_3
0.0015978971,0.002663161,0.00026631623,0.033518832,0.0011972705,-9.703699,17331000,2_3
0.001597896,0.0026631616,-0.00053263194,-0.0011971011,-0.0071824356,-9.749191,17340000,2_3
0.0010652643,0.002929478,-0.00079894776,-0.010773907,-0.008379539,-9.731233,17343000,2_3
0.00026631646,0.0026631611,-0.00026631556,0.0035913023,-0.010773741,-9.67976,17347000,2_3
4.9647e-10,0.0029294773,0.0002663164,0.025139118,-0.021547645,-9.667787,17352000,2_3
0.0007989477,0.0045273746,-0.00026631623,-0.003591303,-0.014365043,-9.700108,17359000,2_3
-0.00026631608,0.005060006,-0.0002663147,-0.0047884034,0.0023943707,-9.689335,17368000,2_3
0.00026631617,0.006657903,-1.160435e-09,0.0035913025,0.014365381,-9.716867,17375000,2_3
0.00026631547,0.007190535,-0.00026631594,-0.011971008,0.01436538,-9.749189,17380000,2_3
0.00026631542,0.007723168,-0.00053263205,-0.03232172,0.005985676,-9.788694,17383000,2_3
0.00026631664,0.007989483,-0.00026631594,-0.03232172,-0.008379535,-9.8114395,17388000,2_3
-0.0002663152,0.007989483,1.9125495e-09,-0.010773907,-0.026336048,-9.783905,17393000,2_3
0.0005326329,0.007989483,0.00026631486,-0.019153614,-0.011970838,-9.743204,17404000,2_3
0.0005326334,0.008788433,0.00053263275,-0.016759416,0.019153785,-9.721657,17412000,2_3
0.0005326315,0.009054749,0.00026631617,0.017956512,0.0011972708,-9.727642,17419000,2_3
0.0010652641,0.008255801,-1.1680087e-09,0.020350713,1.7025994e-07,-9.755177,17423000,2_3
0.0018642137,0.007989485,0.000266314,0.01316811,-0.0119708385,-9.77313,17431000,2_3
0.0013315794,0.007989485,2.9764133e-09,0.009576809,-0.02513895,-9.783907,17435000,2_3
-1.4184856e-09,0.007190535,-0.00053262897,0.004788404,-0.027533151,-9.793483,17441000,2_3
0.0010652661,0.006657903,0.0002663128,0.0023942017,-0.029927349,-9.783905,17452000,2_3
0.0010652645,0.005060006,0.0005326328,0.021547817,-0.017956344,-9.742006,17459000,2_3
0.0005326309,0.0047936905,-0.0002663152,0.005985504,-0.010773737,-9.730036,17464000,2_3
0.0005326328,0.0039947424,-1.0758936e-10,0.0011971011,-0.0059853336,-9.762358,17472000,2_3
0.00026631824,0.0023968448,0.0007989486,-0.003591303,0.010774078,-9.774329,17475000,2_3
0.0005326324,0.0010652645,0.00079894805,-0.0023942017,0.017956682,-9.739612,17480000,2_3
0.001864213,0.000798949,0.0005326316,0.007182606,0.013168279,-9.714474,17483000,2_3
0.0021305294,0.0007989485,0.0005326323,0.0047884043,0.011971178,-9.731234,17487000,2_3
0.0010652647,0.00026631617,0.00026631608,0.0011971011,0.008379877,-9.750386,17491000,2_3
0.0015978967,4.2634764e-11,0.00026631597,0.0047884034,-0.0047882334,-9.747992,17496000,2_3
0.0029294777,-0.0005326324,0.000532632,0.007182605,-0.019153448,-9.755177,17500000,2_3
0.002929478,-0.0013315803,-0.00053263246,0.005985504,-0.01316794,-9.747993,17511000,2_3
0.003994742,-0.001864214,-0.0002663163,0.0011971011,-0.004788234,-9.738417,17515000,2_3
0.0039947415,-0.001597897,3.267328e-10,-0.0011971008,-0.0011969312,-9.718064,17520000,2_3
0.0045273746,-0.0005326327,0.00026631824,0.005985505,1.6936151e-07,-9.7037,17523000,2_3
0.006657903,-0.00026631274,-0.0005326321,0.025139118,0.01316828,-9.739612,17536000,2_3
0.0058589554,0.00026631705,-0.0007989471,0.020350713,0.009576978,-9.767147,17540000,2_3
0.0061252704,0.00026631504,-0.00026631617,0.015562311,0.01197118,-9.768344,17543000,2_3
0.007190536,-4.787389e-10,-4.787389e-10,0.0011971008,0.015562482,-9.762358,17547000,2_3
0.008255802,-0.00026631547,-0.00026631678,-0.02274492,0.004788574,-9.715671,17555000,2_3
0.009321064,-0.00079894776,-0.0005326336,-0.020350715,0.010774078,-9.706094,17559000,2_3
0.007989483,0.00026631454,0.00026631833,0.0023942017,0.02035088,-9.714474,17568000,2_3
0.007190536,0.0002663152,0.00053263246,0.008379707,0.017956685,-9.716867,17572000,2_3
0.0063915867,-1.5114451e-10,0.00053263165,0.007182605,0.0035914718,-9.698911,17581000,2_3
0.0055926386,-3.2845557e-10,0.0005326322,0.0011971008,-0.014365041,-9.688137,17588000,2_3
0.0058589545,7.344891e-11,0.0005326322,0.008379706,-0.0119708385,-9.703699,17598000,2_3
0.0050600055,-2.4571029e-10,0.0005326322,0.0059855036,-0.014365039,-9.746795,17614000,2_3
0.0039947415,-1.7693201e-09,0.00079894834,0.0023942017,-0.0119708385,-9.759962,17619000,2_3
0.004261058,7.75519e-10,0.0002663161,0.0035913025,-0.0011969312,-9.714473,17634000,2_3
0.0034621095,-1.996898e-10,0.0002663161,0.0011971008,-0.0035911326,-9.722853,17639000,2_3
0.0023968448,-0.0002663166,0.00053263176,0.0023942015,0.00119727,-9.701305,17650000,2_3
0.0013315806,-0.0002663163,0.00053263234,-0.016759414,0.007182776,-9.734824,17659000,2_3
0.0021305294,2.9299332e-10,-0.00053263234,-0.010773908,0.009576978,-9.742006,17667000,2_3
0.0021305294,-0.00026631638,-0.00026631638,-0.005985504,0.01197118,-9.764753,17671000,2_3
0.0015978969,-0.00053263234,0.00026631626,-0.0023942022,-0.0047882325,-9.779117,17683000,2_3
0.0013315805,-0.0005326323,-0.00026631646,0.025139121,-0.0011969298,-9.795877,17692000,2_3
0.0015978968,-0.0013315807,-3.30579e-10,0.020350713,0.002394373,-9.795877,17696000,2_3
0.0018642128,-0.0013315806,9.4966666e-11,0.0047884034,-0.0011969301,-9.785102,17701000,2_3
0.0015978966,-0.0010652645,4.051115e-11,-0.0011971008,1.7103297e-07,-9.799467,17708000,2_3
0.0013315809,-0.0010652642,-0.00026631635,0.004788404,-0.01556214,-9.81144,17711000,2_3
0.0007989485,-0.000532632,-0.00079894834,0.01556231,-0.031124448,-9.792285,17716000,2_3
0.0007989484,-0.00026631608,-0.0007989482,0.017956512,-0.021547647,-9.763554,17725000,2_3
0.00053263176,-0.00079894863,-3.8629672e-10,0.008379706,-0.008379536,-9.751583,17732000,2_3
-0.0005326326,-0.0005326325,0.00053263194,0.01436521,-0.0071824356,-9.750386,17736000,2_3
-0.0013315806,0.0002663159,-2.7904906e-10,0.029927526,-0.003591133,-9.744401,17739000,2_3
-0.0013315806,0.000266316,-0.00053263234,0.029927526,-0.01316794,-9.738417,17743000,2_3
-0.00053263217,0.00026631608,-0.00026631617,0.019153614,-0.022744747,-9.734823,17753000,2_3
2.9551778e-10,0.0010652645,0.00026631565,0.007182604,-0.010773737,-9.737217,17758000,2_3
2.9551774e-11,0.0018642128,0.0005326323,0.011971008,-0.0035911321,-9.750386,17763000,2_3
4.7282855e-11,0.0013315806,0.0002663162,0.0047884043,0.008379878,-9.738417,17771000,2_3
0.00026631638,0.00079894834,0.0007989483,-0.0047884034,0.0023943717,-9.752781,17776000,2_3
0.00053263264,0.0002663162,0.0010652646,0.0,-0.0023940313,-9.773131,17780000,2_3
0.0002663161,0.00026631608,0.00079894846,0.015562311,-0.0035911324,-9.765949,17783000,2_3
-8.865533e-11,0.0005326322,0.00026631614,0.03112462,-0.010773737,-9.758766,17793000,2_3
0.0010652645,0.00053263234,0.0002663161,0.0011971011,-0.015562141,-9.762359,17803000,2_3
0.0010652647,0.0013315806,-0.0002663163,0.0,1.7092852e-07,-9.793484,17812000,2_3
0.0015978969,0.0007989482,-4.116014e-10,-0.001197101,0.0011972714,-9.763554,17815000,2_3
0.0013315806,0.0002663161,-1.5493153e-10,-0.005985504,1.6971666e-07,-9.72405,17820000,2_3
0.0015978969,0.0005326321,0.00026631623,-0.001197101,0.0011972708,-9.726444,17823000,2_3
0.0029294777,0.0015978968,0.0007989487,0.009576809,0.008379877,-9.7396145,17827000,2_3
0.005060006,0.0021305298,0.0002663156,0.020350715,0.019153785,-9.7444,17837000,2_3
0.0053263223,0.0021305298,-2.4651312e-10,0.007182606,0.02274509,-9.782709,17843000,2_3
0.0055926396,0.0015978961,0.0005326317,-0.007182606,0.0035914737,-9.775526,17851000,2_3
0.00479369,0.0007989495,-0.0005326332,0.004788404,-0.0047882344,-9.745598,17859000,2_3
0.004527375,-2.7904914e-10,-0.00026631705,0.005985504,-0.004788234,-9.747993,17863000,2_3
0.0058589554,-0.0021305291,0.00026631515,0.020350713,1.7009278e-07,-9.745598,17872000,2_3
0.00559264,-0.002396844,-0.00026631687,0.02274492,-0.0011969312,-9.734823,17876000,2_3
0.0045273746,-0.002130529,-0.00026631652,0.01675941,-0.01197084,-9.707291,17879000,2_3
