timestamp,timestamp_sample,vibe[0],vibe[1],vibe[2],output_tracking_error[0],output_tracking_error[1],output_tracking_error[2],control_mode_flags,filter_fault_flags,pos_horiz_accuracy,pos_vert_accuracy,mag_test_ratio,vel_test_ratio,pos_test_ratio,hgt_test_ratio,tas_test_ratio,hagl_test_ratio,beta_test_ratio,time_slip,accel_device_id,gyro_device_id,baro_device_id,mag_device_id,gps_check_fail_flags,innovation_check_flags,solution_status_flags,reset_count_vel_ne,reset_count_vel_d,reset_count_pos_ne,reset_count_pod_d,reset_count_quat,pre_flt_fail_innov_heading,pre_flt_fail_innov_vel_horiz,pre_flt_fail_innov_vel_vert,pre_flt_fail_innov_height,pre_flt_fail_mag_field_disturbed,health_flags,timeout_flags
691000,691000,1.489861e-11,4.132355e-06,0.006321365,1.15522835e-05,0.0006479146,5.8861283e-06,512,0,0.70622146,3.5000029,0.0,nan,nan,1.1754944e-38,0.0,0.0,0.0,0.0,1310996,1310996,6620172,197388,0,0,228,1,0,1,0,1,0,0,0,0,0,0,0
703000,703000,1.5252377e-11,4.173888e-06,0.006232929,1.3236473e-05,0.000847117,1.3629908e-05,512,0,0.7097526,3.5000114,0.0,nan,nan,1.1754944e-38,0.0,0.0,0.0,0.0,1310996,1310996,6620172,197388,0,0,228,1,0,1,0,1,0,0,0,0,0,0,0
879000,879000,1.7768344e-11,4.7112276e-06,0.007520986,7.480063e-05,0.00022988791,0.0023324536,512,0,1.3338645,1.5656834,0.0,nan,nan,1.8520828e-05,0.0,0.0,0.0,0.0,1310996,1310996,6620172,197388,0,0,228,1,0,1,0,1,0,0,0,0,0,0,0
1092000,1092000,1.9930274e-11,5.253513e-06,0.007563752,1.5428755e-05,0.000272908,0.005082775,512,0,1.202546,1.1693277,0.0,nan,nan,6.9855514e-06,0.0,0.0,0.0,0.0,1310996,1310996,6620172,197388,0,0,228,1,0,1,0,1,0,0,0,0,0,0,0
1285000,1285000,2.3260373e-11,5.7971056e-06,0.008740221,3.7859027e-06,0.00021981743,0.0016902164,512,0,0.94969237,1.0181954,0.0,nan,nan,0.00040945306,0.0,0.0,0.0,0.0,1310996,1310996,6620172,197388,0,0,228,1,0,1,0,1,0,0,0,0,0,0,0
1484000,1484000,2.6988885e-11,6.694093e-06,0.010565515,3.0823912e-06,0.00041867123,0.0017387088,512,0,0.8086403,0.8908557,0.0,nan,nan,0.0017852215,0.0,0.0,0.0,0.0,1310996,1310996,6620172,197388,0,0,228,1,0,1,0,1,0,0,0,0,0,0,0
1692000,1692000,2.6328318e-11,6.6326766e-06,0.0120955175,1.0534305e-05,0.0005074056,0.001970502,512,0,0.7414255,0.8136743,0.0,nan,nan,0.0006364118,0.0,0.0,0.0,0.0,1310996,1310996,6620172,197388,0,0,228,1,0,1,0,1,0,0,0,0,0,0,0
1892000,1892000,2.752057e-11,6.974289e-06,0.01630541,7.57206e-06,0.00029380518,0.00087862794,512,0,0.68059444,0.76274514,0.0,nan,nan,0.00043834717,0.0,0.0,0.0,0.0,1310996,1310996,6620172,197388,0,0,228,1,0,1,0,1,0,0,0,0,0,0,0
2092000,2092000,2.9457006e-11,6.8246068e-06,0.016054899,2.67501e-06,0.0007104912,0.0024552103,512,0,0.67513025,0.73547506,0.0,nan,nan,0.0011488728,0.0,0.0,0.0,0.0,1310996,1310996,6620172,197388,0,0,228,1,0,1,0,1,0,0,0,0,0,0,0
2291000,2291000,2.5945994e-11,6.602515e-06,0.015246942,1.28993925e-05,0.00033165485,0.00083708554,512,0,0.6594961,0.7180345,0.0,nan,nan,0.00096020766,0.0,0.0,0.0,0.0,1310996,1310996,6620172,197388,0,0,228,1,0,1,0,1,0,0,0,0,0,0,0
2490000,2490000,2.6021098e-11,6.711598e-06,0.016885277,1.7556125e-05,0.0017230428,0.003957837,512,0,0.6612729,0.71282476,0.0,nan,nan,0.0021445968,0.0,0.0,0.0,0.0,1310996,1310996,6620172,197388,0,0,228,1,0,1,0,1,0,0,0,0,0,0,0
2696000,2696000,2.5202103e-11,6.60058e-06,0.016398354,4.4323708e-05,0.0008160613,0.0013508294,512,0,0.67268974,0.733378,0.0,nan,nan,0.0002852658,0.0,0.0,0.0,0.0,1310996,1310996,6620172,197388,0,0,228,1,0,1,0,1,0,0,0,0,0,0,0
2887000,2887000,2.4696108e-11,6.6212115e-06,0.016764859,7.5618045e-05,0.00083667116,0.000685046,512,0,0.6580132,0.73597723,0.0,nan,nan,0.000345819,0.0,0.0,0.0,0.0,1310996,1310996,6620172,197388,0,0,228,1,0,1,0,1,0,0,0,0,0,0,0
3091000,3091000,2.7086436e-11,6.976668e-06,0.017018149,0.000103893864,0.0013163686,0.0023373878,512,0,0.64694923,0.744971,0.0,nan,nan,0.0007594576,0.0,0.0,0.0,0.0,1310996,1310996,6620172,197388,0,0,228,1,0,1,0,1,0,0,0,0,0,0,0
3285000,3285000,2.8644318e-11,6.954735e-06,0.015756855,8.171886e-05,0.00096156995,0.0009736879,512,0,0.6373934,0.7544031,0.0,nan,nan,0.00043455735,0.0,0.0,0.0,0.0,1310996,1310996,6620172,197388,0,0,228,1,0,1,0,1,0,0,0,0,0,0,0
3495000,3495000,2.865945e-11,7.0545934e-06,0.015237336,7.570374e-05,0.0011269855,0.0009829648,512,0,0.6318946,0.7667185,0.0,nan,nan,0.0015568767,0.0,0.0,0.0,0.0,1310996,1310996,6620172,197388,0,0,228,1,0,1,0,1,0,0,0,0,0,0,0
3684000,3684000,2.5805684e-11,6.70314e-06,0.016512014,0.000111996116,0.0014164394,0.0012327239,512,0,0.59191376,0.78470325,0.0,nan,nan,0.0007898532,0.0,0.0,0.0,0.0,1310996,1310996,6620172,197388,0,0,228,1,0,1,0,1,0,0,0,0,0,0,0
3896000,3896000,2.5258785e-11,6.516329e-06,0.014630564,0.000121961166,0.0013277841,0.0010092121,512,0,0.5947415,0.7991873,0.0,nan,nan,0.00043216906,0.0,0.0,0.0,0.0,1310996,1310996,6620172,197388,0,0,228,1,0,1,0,1,0,0,0,0,0,0,0
4092000,4092000,2.593087e-11,6.4322776e-06,0.015885588,9.0271984e-05,0.0012452499,0.0009906226,512,0,0.5728385,0.7982937,0.0,nan,nan,0.0007759692,0.0,0.0,0.0,0.0,1310996,1310996,6620172,197388,0,0,228,1,0,1,0,1,0,0,0,0,0,0,0
4276000,4272000,2.3951185e-11,5.993018e-06,0.01456453,5.9446105e-05,0.0015330323,0.0020456526,512,0,0.55103344,0.79597276,0.0,nan,nan,0.0010810953,0.0,0.0,0.0,0.0,1310996,1310996,6620172,197388,0,0,228,1,0,1,0,1,0,0,0,0,0,0,0
4488000,4484000,2.6486723e-11,6.2042523e-06,0.015761038,5.028002e-05,0.002599677,0.0046303226,512,0,0.5511617,0.8002051,0.0,nan,nan,0.0017081423,0.0,0.0,0.0,0.0,1310996,1310996,6620172,197388,0,0,228,1,0,1,0,1,0,0,0,0,0,0,0
4692000,4688000,2.7235164e-11,6.245364e-06,0.012189649,6.146316e-05,0.0011195097,0.001678184,512,0,0.539976,0.79885626,0.0,nan,nan,0.00010484102,0.0,0.0,0.0,0.0,1310996,1310996,6620172,197388,0,0,228,1,0,1,0,1,0,0,0,0,0,0,0
4892000,4885000,2.5690882e-11,6.18512e-06,0.01005688,9.8002485e-05,0.0013035705,0.0013264582,512,0,0.5279782,0.81745976,0.0,nan,nan,0.000386206,0.0,0.0,0.0,0.0,1310996,1310996,6620172,197388,0,0,228,1,0,1,0,1,0,0,0,0,0,0,0
5088000,5084000,2.579982e-11,6.2435743e-06,0.009874185,0.00013018149,0.0022583068,0.0031913535,512,0,0.5194444,0.8129416,0.0,nan,nan,0.0008148593,0.0,0.0,0.0,0.0,1310996,1310996,6620172,197388,0,0,228,1,0,1,0,1,0,0,0,0,0,0,0
5291000,5287000,2.6535269e-11,6.3788175e-06,0.009588906,0.00014679942,0.0021744028,0.002273994,512,0,0.5128926,0.80786735,0.0,nan,nan,0.0008766601,0.0,0.0,0.0,0.0,1310996,1310996,6620172,197388,0,0,228,1,0,1,0,1,0,0,0,0,0,0,0
5488000,5483000,2.9737067e-11,6.773716e-06,0.010680492,0.00015507347,0.0022345253,0.0019169655,512,0,0.50413895,0.80240655,0.0,nan,nan,0.0003565544,0.0,0.0,0.0,0.0,1310996,1310996,6620172,197388,0,0,228,1,0,1,0,1,0,0,0,0,0,0,0
5692000,5687000,2.6588816e-11,6.3662956e-06,0.011414879,0.00014066102,0.0022543354,0.002334665,512,0,0.49687332,0.7963198,0.0,nan,nan,0.0015539849,0.0,0.0,0.0,0.0,1310996,1310996,6620172,197388,0,0,228,1,0,1,0,1,0,0,0,0,0,0,0
5886000,5884000,2.5628385e-11,6.2787844e-06,0.010745731,0.00012446685,0.0018588323,0.00179309,512,0,0.49080554,0.78977185,0.0,nan,nan,0.00050605537,0.0,0.0,0.0,0.0,1310996,1310996,6620172,197388,0,0,228,1,0,1,0,1,0,0,0,0,0,0,0
6083000,6080000,2.5821905e-11,6.369538e-06,0.01253811,0.000100277175,0.0014764469,0.0014479398,512,0,0.476202,0.79983664,0.0,nan,nan,8.9411544e-05,0.0,0.0,0.0,0.0,1310996,1310996,6620172,197388,0,0,228,1,0,1,0,1,0,0,0,0,0,0,0
6288000,6281000,2.655071e-11,6.661215e-06,0.01400972,5.149379e-05,0.00072111515,0.0007830087,512,0,0.46702978,0.7928101,0.0,nan,nan,0.0012409783,0.0,0.0,0.0,0.0,1310996,1310996,6620172,197388,0,0,228,1,0,1,0,1,0,0,0,0,0,0,0
6488000,6484000,2.6448583e-11,6.6846414e-06,0.012146416,1.6044474e-05,0.0011965914,0.002497421,512,0,0.46324614,0.78942,0.0,nan,nan,0.0018638155,0.0,0.0,0.0,0.0,1310996,1310996,6620172,197388,0,0,228,1,0,1,0,1,0,0,0,0,0,0,0
6687000,6683000,2.5939462e-11,6.610625e-06,0.011159491,6.519713e-05,0.0015151275,0.0021021895,512,0,0.45329165,0.7816445,0.0,nan,nan,0.00038616336,0.0,0.0,0.0,0.0,1310996,1310996,6620172,197388,0,0,228,1,0,1,0,1,0,0,0,0,0,0,0
6887000,6883000,2.6043447e-11,6.205156e-06,0.011868378,0.0010426978,0.0009945467,0.0010886764,531,0,0.5673645,0.77389276,0.009878851,nan,nan,0.0001471104,0.0,0.0,0.0,0.0,1310996,1310996,6620172,197388,0,0,229,1,0,1,0,2,0,0,0,0,0,0,0
7088000,7084000,2.3847707e-11,6.074567e-06,0.01165354,0.00037646102,0.0015951408,0.0024975352,531,0,0.53711754,0.76667726,0.00030485145,nan,nan,0.00061615906,0.0,0.0,0.0,0.0,1310996,1310996,6620172,197388,0,0,229,1,0,1,0,2,0,0,0,0,0,0,0
7287000,7282000,2.4912692e-11,6.1900614e-06,0.012293978,0.00021704295,0.0015796527,0.002421649,531,0,0.5097968,0.7781594,0.003112534,nan,nan,0.0007311123,0.0,0.0,0.0,0.0,1310996,1310996,6620172,197388,0,0,229,1,0,1,0,2,0,0,0,0,0,0,0
7491000,7488000,2.2924811e-11,6.0831e-06,0.012869699,0.00020420492,0.0014880017,0.0020049217,531,0,0.48930725,0.7705803,0.0054486296,nan,nan,0.00048512343,0.0,0.0,0.0,0.0,1310996,1310996,6620172,197388,0,0,229,1,0,1,0,2,0,0,0,0,0,0,0
7692000,7688000,2.4164231e-11,6.286832e-06,0.015015856,0.00025293074,0.0014707629,0.0021040216,531,0,0.4782861,0.7634947,0.0031725548,nan,nan,0.0023634764,0.0,0.0,0.0,0.0,1310996,1310996,6620172,197388,0,0,229,1,0,1,0,2,0,0,0,0,0,0,0
7876000,7872000,2.6031979e-11,6.4409583e-06,0.012735878,0.00026975563,0.0014276166,0.0018219091,531,0,0.46914092,0.77094764,0.0006112747,nan,nan,0.00068006903,0.0,0.0,0.0,0.0,1310996,1310996,6620172,197388,0,0,229,1,0,1,0,2,0,0,0,0,0,0,0
8087000,8083000,2.2681884e-11,6.22104e-06,0.013258341,6.831582e-05,0.0013791563,0.0018646427,531,0,0.47371322,0.7660905,0.011512635,nan,nan,0.0012800536,0.0,0.0,0.0,0.0,1310996,1310996,6620172,197388,0,0,229,1,0,1,0,2,0,0,0,0,0,0,0
8292000,8288000,2.3223708e-11,6.4523997e-06,0.014375289,0.00016745081,0.0015608589,0.002430343,531,0,0.47741988,0.75811607,0.006010479,nan,nan,0.0017183074,0.0,0.0,0.0,0.0,1310996,1310996,6620172,197388,0,0,229,1,0,1,0,2,0,0,0,0,0,0,0
8485000,8480000,2.2324174e-11,6.2831677e-06,0.011991162,0.00046712256,0.0015994142,0.002786123,531,0,0.48027122,0.75068736,0.0077103255,nan,nan,0.0009490664,0.0,0.0,0.0,0.0,1310996,1310996,6620172,197388,0,0,229,1,0,1,0,2,0,0,0,0,0,0,0
8688000,8683000,2.2049283e-11,6.120015e-06,0.011564175,0.00049764063,0.0019412416,0.004151306,531,0,0.48020312,0.7434636,0.009787406,nan,nan,0.0016711394,0.0,0.0,0.0,0.0,1310996,1310996,6620172,197388,0,0,229,1,0,1,0,2,0,0,0,0,0,0,0
8892000,8887000,2.3952982e-11,6.325063e-06,0.012151909,0.00017187066,0.00085477054,0.0011065907,531,0,0.47879297,0.73655003,0.007661475,nan,nan,0.0019740395,0.0,0.0,0.0,0.0,1310996,1310996,6620172,197388,0,0,229,1,0,1,0,2,0,0,0,0,0,0,0
9092000,9088000,2.8278104e-11,6.632602e-06,0.01274991,0.00018316673,0.0015547007,0.0034367542,531,0,0.47558832,0.72979,0.0048199086,nan,nan,0.0007027147,0.0,0.0,0.0,0.0,1310996,1310996,6620172,197388,0,0,229,1,0,1,0,2,0,0,0,0,0,0,0
9288000,9284000,2.998317e-11,7.0497763e-06,0.014932056,0.00019296922,0.00080480485,0.0015455382,531,0,0.46141055,0.7176955,0.008256112,nan,nan,0.0003046647,0.0,0.0,0.0,0.0,1310996,1310996,6620172,197388,0,0,229,1,0,1,0,2,0,0,0,0,0,0,0
9484000,9480000,2.8458512e-11,7.1230775e-06,0.015091349,4.8676597e-05,0.0013504113,0.0033278242,531,0,0.4598912,0.7145772,0.001873947,nan,nan,0.00084033463,0.0,0.0,0.0,0.0,1310996,1310996,6620172,197388,0,0,229,1,0,1,0,2,0,0,0,0,0,0,0
9684000,9680000,2.6525969e-11,7.107924e-06,0.015580905,5.6241814e-05,0.00077029783,0.00192158,531,0,0.45354584,0.7260976,0.0024955315,nan,nan,0.00014936832,0.0,0.0,0.0,0.0,1310996,1310996,6620172,197388,0,0,229,1,0,1,0,2,0,0,0,0,0,0,0
9888000,9884000,2.7030858e-11,6.8749086e-06,0.0136660505,0.00014125915,0.00091372523,0.0021822148,531,0,0.44194898,0.71891814,0.009032336,nan,nan,0.0004614546,0.0,0.0,0.0,0.0,1310996,1310996,6620172,197388,0,0,229,1,0,1,0,2,0,0,0,0,0,0,0
10088000,10084000,2.6991232e-11,6.522321e-06,0.0125837345,7.594447e-05,0.0008591693,0.002618349,535,0,0.36430052,0.6945527,0.008308578,1.1754944e-38,1.1754944e-38,3.3542794e-05,0.0,0.0,0.0,0.0,1310996,1310996,6620172,197388,0,0,895,2,1,2,0,2,0,0,0,0,0,0,0
10291000,10287000,2.4528754e-11,6.49504e-06,0.013829385,5.1020215e-05,0.00065228384,0.013562263,535,0,0.2974509,0.64755505,0.002250877,0.0053387815,0.020139595,0.0015359694,0.0,0.0,0.0,0.0,1310996,1310996,6620172,197388,0,0,895,2,1,2,0,2,0,0,0,0,0,0,0
10490000,10483000,2.289527e-11,6.210393e-06,0.013226897,3.9489354e-05,0.0021854825,0.01566565,535,0,0.25996694,0.61956507,0.0011539438,0.0048553585,0.038459137,0.0009200003,0.0,0.0,0.0,0.0,1310996,1310996,6620172,197388,0,0,895,2,1,2,0,2,0,0,0,0,0,0,0
10684000,10680000,2.4617757e-11,6.4654605e-06,0.014376409,0.00013231294,0.001786572,0.006565378,535,0,0.23592603,0.5872391,0.0019866342,0.0069523375,0.03298702,0.00014635129,0.0,0.0,0.0,0.0,1310996,1310996,6620172,197388,0,0,895,2,1,2,0,2,0,0,0,0,0,0,0
10887000,10883000,2.6590678e-11,6.35982e-06,0.0147991255,8.8200315e-05,0.001469367,0.011081855,535,0,0.21895467,0.5597367,0.00037920685,0.0013250818,0.032751713,0.00056744175,0.0,0.0,0.0,0.0,1310996,1310996,6620172,197388,0,0,895,2,1,2,0,2,0,0,0,0,0,0,0
11086000,11084000,2.7249276e-11,6.702525e-06,0.017395714,0.00012674651,0.001887376,0.00388963,535,0,0.20789097,0.536995,0.0031663051,0.007899655,0.0021514718,0.00096332986,0.0,0.0,0.0,0.0,1310996,1310996,6620172,197388,0,0,895,2,1,2,0,2,0,0,0,0,0,0,0
11293000,11288000,2.8715379e-11,6.8962177e-06,0.017360125,0.00020377549,0.0012244916,0.0048426823,535,0,0.1995687,0.5169681,0.010223353,0.0019270988,0.030879142,0.0002516004,0.0,0.0,0.0,0.0,1310996,1310996,6620172,197388,0,0,895,2,1,2,0,2,0,0,0,0,0,0,0
11483000,11479000,2.725865e-11,6.6996663e-06,0.017240958,7.519222e-05,0.0012046333,0.0057567013,535,0,0.19260417,0.50409055,0.0005436165,0.0022644065,0.033198852,0.0013532533,0.0,0.0,0.0,0.0,1310996,1310996,6620172,197388,0,0,895,2,1,2,0,2,0,0,0,0,0,0,0
11687000,11683000,2.7730939e-11,6.640159e-06,0.015921885,0.00018989109,0.0011436339,0.002610556,535,0,0.18803707,0.4881824,0.0049501266,0.0039308383,0.023580976,0.0011684974,0.0,0.0,0.0,0.0,1310996,1310996,6620172,197388,0,0,895,2,1,2,0,2,0,0,0,0,0,0,0
11892000,11888000,2.7616e-11,6.80845e-06,0.01655772,8.5212654e-05,0.0011345946,0.0055981474,535,0,0.18471383,0.4741479,0.009654062,0.004135352,0.0189519,0.0015890088,0.0,0.0,0.0,0.0,1310996,1310996,6620172,197388,0,0,895,2,1,2,0,2,0,0,0,0,0,0,0
12089000,12084000,2.7818654e-11,6.6952225e-06,0.01520559,0.00033595748,0.0026201275,0.0061081983,535,0,0.18201885,0.46160838,0.0071325493,0.0024344956,0.018575113,0.0005486559,0.0,0.0,0.0,0.0,1310996,1310996,6620172,197388,0,0,895,2,1,2,0,2,0,0,0,0,0,0,0
12287000,12283000,2.6194408e-11,6.6226453e-06,0.015466752,0.00026030248,0.0019766113,0.0051113334,535,0,0.17908901,0.44982564,0.0037154811,0.0029696971,0.028098974,0.0007827693,0.0,0.0,0.0,0.0,1310996,1310996,6620172,197388,0,0,895,2,1,2,0,2,0,0,0,0,0,0,0
12488000,12484000,2.4491234e-11,6.3033795e-06,0.013266588,6.412405e-05,0.0003165297,0.0029774553,535,0,0.17921071,0.44075897,0.0031618846,0.0037510786,0.007925885,0.00070366886,0.0,0.0,0.0,0.0,1310996,1310996,6620172,197388,0,0,895,2,1,2,0,2,0,0,0,0,0,0,0
12692000,12685000,2.4563343e-11,5.9895983e-06,0.0119212745,9.308624e-05,0.0012058554,0.0013514117,535,0,0.17782894,0.43489957,0.003670469,0.0009927491,0.014476857,0.00046463497,0.0,0.0,0.0,0.0,1310996,1310996,6620172,197388,0,0,895,2,1,2,0,2,0,0,0,0,0,0,0
12892000,12888000,2.7660202e-11,6.5356103e-06,0.012723298,0.00022161279,0.0016462309,0.0032698591,535,0,0.17672007,0.42640993,0.0007114965,0.0032645024,0.03181247,6.5344255e-05,0.0,0.0,0.0,0.0,1310996,1310996,6620172,197388,0,0,895,2,1,2,0,2,0,0,0,0,0,0,0
13091000,13085000,2.746896e-11,6.691254e-06,0.0129110385,0.0002548473,0.0016168212,0.004796062,535,0,0.17586017,0.41871756,0.004136772,0.0020062574,0.024456467,1.68812e-05,0.0,0.0,0.0,0.0,1310996,1310996,6620172,197388,0,0,895,2,1,2,0,2,0,0,0,0,0,0,0
13287000,13283000,2.916379e-11,6.8392915e-06,0.012845984,0.00022819814,0.0027034502,0.0034801387,535,0,0.17519012,0.41172215,0.005288528,0.007803917,0.025678718,0.000814806,0.0,0.0,0.0,0.0,1310996,1310996,6620172,197388,0,0,895,2,1,2,0,2,0,0,0,0,0,0,0
13491000,13487000,2.5968717e-11,6.4009155e-06,0.011098558,6.6857974e-05,0.0020462153,0.0048367656,535,0,0.17464103,0.40535295,6.6990164e-05,0.0020206363,0.030013053,9.028711e-05,0.0,0.0,0.0,0.0,1310996,1310996,6620172,197388,0,0,895,2,1,2,0,2,0,0,0,0,0,0,0
13695000,13687000,2.6757253e-11,6.700922e-06,0.012122839,5.7885285e-05,0.0013111073,0.0038018296,535,0,0.1742063,0.3995562,0.00832704,0.005712566,0.012547956,0.0015860682,0.0,0.0,0.0,0.0,1310996,1310996,6620172,197388,0,0,895,2,1,2,0,2,0,0,0,0,0,0,0
13887000,13884000,2.860977e-11,6.9251555e-06,0.014351544,0.00012985336,0.0016905238,0.0025469782,535,0,0.17392178,0.39681822,0.00067984476,0.0059395493,0.029747676,0.0017119537,0.0,0.0,0.0,0.0,1310996,1310996,6620172,197388,0,0,895,2,1,2,0,2,0,0,0,0,0,0,0
14092000,14087000,2.8475722e-11,7.3652195e-06,0.014586983,5.3667285e-05,0.0013452175,0.0037217918,535,0,0.17361684,0.3918731,0.00059308787,0.0035842638,0.019666057,0.0005853183,0.0,0.0,0.0,0.0,1310996,1310996,6620172,197388,0,0,895,2,1,2,0,2,0,0,0,0,0,0,0
14288000,14284000,2.8080356e-11,7.0808865e-06,0.01482331,0.00019152887,0.002570704,0.0059011276,535,0,0.17336105,0.38735697,0.007437254,0.003507454,0.015681278,0.00054250524,0.0,0.0,0.0,0.0,1310996,1310996,6620172,197388,0,0,895,2,1,2,0,2,0,0,0,0,0,0,0
14476000,14472000,2.7724817e-11,6.9323687e-06,0.013423662,8.672181e-05,0.0022070277,0.0045187846,535,0,0.17224725,0.38262647,0.003656693,0.0014279044,0.009027497,0.0007884847,0.0,0.0,0.0,0.0,1310996,1310996,6620172,197388,0,0,895,2,1,2,0,2,0,0,0,0,0,0,0
14688000,14684000,3.325209e-11,7.6485785e-06,0.02077716,5.9592934e-05,0.001201365,0.0035693818,535,0,0.16867958,0.37878832,0.007324478,0.003411651,0.0125648435,0.00025958908,0.0,0.0,0.0,0.0,1310996,1310996,6620172,197388,0,0,895,2,1,2,0,2,0,0,0,0,0,0,0
14886000,14885000,2.9136443e-11,7.213834e-06,0.019284824,0.00015661541,0.0022986622,0.0054478054,535,0,0.16908884,0.3753755,0.0002588233,0.0017933922,0.0263506,0.00097444747,0.0,0.0,0.0,0.0,1310996,1310996,6620172,197388,0,0,895,2,1,2,0,2,0,0,0,0,0,0,0
15091000,15087000,2.7455843e-11,6.919614e-06,0.01797226,0.0001193192,0.0014673636,0.0014750065,535,0,0.17025307,0.3727828,0.006299715,0.001825246,0.019152125,0.0019579376,0.0,0.0,0.0,0.0,1310996,1310996,6620172,197388,0,0,895,2,1,2,0,2,0,0,0,0,0,0,0
15295000,15290000,2.6130497e-11,6.609908e-06,0.016154135,0.00012132782,0.0010589787,0.0019154698,535,0,0.17122732,0.3703875,0.00057675136,0.008004669,0.011759893,0.00028548573,0.0,0.0,0.0,0.0,1310996,1310996,6620172,197388,0,0,895,2,1,2,0,2,0,0,0,0,0,0,0
15488000,15483000,2.6425136e-11,6.5526024e-06,0.014963892,0.00011731209,0.0015614841,0.0009876643,535,0,0.17049955,0.36708868,0.001345666,0.0021002025,0.015206614,0.0002794347,0.0,0.0,0.0,0.0,1310996,1310996,6620172,197388,0,0,895,2,1,2,0,2,0,0,0,0,0,0,0
15687000,15683000,2.703027e-11,6.420913e-06,0.013180587,0.00014125707,0.0023276447,0.0028546653,535,0,0.17124607,0.3650591,0.0013732217,0.0034253693,0.023710027,0.0012992448,0.0,0.0,0.0,0.0,1310996,1310996,6620172,197388,0,0,895,2,1,2,0,2,0,0,0,0,0,0,0
15890000,15886000,4.034181e-11,7.4530712e-06,0.02193538,0.000106289226,0.0032940991,0.0065290155,535,0,0.16630645,0.36328217,0.002844322,0.002010692,0.020566216,0.0021900951,0.0,0.0,0.0,0.0,1310996,1310996,6620172,197388,0,0,895,2,1,2,0,2,0,0,0,0,0,0,0
16091000,16088000,4.113043e-11,8.912129e-06,0.026714873,0.00013977425,0.0031402982,0.004464831,535,0,0.16596526,0.3586907,0.0003532336,0.007858254,0.020269165,0.0013235606,0.0,0.0,0.0,0.0,1310996,1310996,6620172,197388,0,0,895,2,1,2,0,2,0,0,0,0,0,0,0
16297000,16283000,4.6166723e-11,1.0051434e-05,0.034455854,3.4467284e-05,0.00072681863,0.0031511781,535,0,0.17039017,0.35844925,0.003251661,0.0019683489,0.033045072,0.00048767286,0.0,0.0,0.0,0.0,1310996,1310996,6620172,197388,0,0,895,2,1,2,0,2,0,0,0,0,0,0,0
16491000,16479000,4.6216933e-11,1.0500007e-05,0.04205291,0.00012099675,0.00087584497,0.0024423841,535,0,0.1663178,0.35541275,0.0061291987,0.0045686807,0.005507375,0.0010814763,0.0,0.0,0.0,0.0,1310996,1310996,6620172,197388,0,0,895,2,1,2,0,2,0,0,0,0,0,0,0
16692000,16679000,5.270461e-11,1.1650795e-05,0.047011126,0.00012884168,0.002356905,0.0063577653,535,0,0.16461103,0.35184535,0.00093495526,0.0052106054,0.01577425,0.000832186,0.0,0.0,0.0,0.0,1310996,1310996,6620172,197388,0,0,895,2,1,2,0,2,0,0,0,0,0,0,0
16892000,16880000,4.8182236e-11,1.0473529e-05,0.037439503,0.00016276375,0.0029885173,0.006409879,535,0,0.16128993,0.34989154,0.0019012117,0.0069856667,0.02225467,0.0021186157,0.0,0.0,0.0,0.0,1310996,1310996,6620172,197388,0,0,895,2,1,2,0,2,0,0,0,0,0,0,0
17092000,17079000,4.1368645e-11,9.241888e-06,0.028629608,8.3831226e-05,0.0019024791,0.0055670333,535,0,0.16454427,0.34985942,0.0026864687,0.009420477,0.020856356,0.003239221,0.0,0.0,0.0,0.0,1310996,1310996,6620172,197388,0,0,895,2,1,2,0,2,0,0,0,0,0,0,0
17291000,17276000,3.8343006e-11,8.809705e-06,0.02657286,9.535652e-05,0.0017793901,0.0045592855,535,0,0.16506875,0.34841546,0.0019876265,0.005389183,0.020257792,0.00057218206,0.0,0.0,0.0,0.0,1310996,1310996,6620172,197388,0,0,895,2,1,2,0,2,0,0,0,0,0,0,0
17483000,17475000,3.5116333e-11,7.999905e-06,0.022727186,9.436594e-05,0.0015606694,0.002171606,535,0,0.17619298,0.35013062,0.002538471,0.0058935136,0.015623983,0.00052508886,0.0,0.0,0.0,0.0,1310996,1310996,6620172,197388,0,0,895,2,1,2,0,2,0,0,0,0,0,0,0
17692000,17684000,3.1842168e-11,7.456742e-06,0.018146636,0.00016235445,0.0034203152,0.0063132225,535,0,0.18009205,0.35090917,0.010040502,0.0032036123,0.03013989,0.00076777063,0.0,0.0,0.0,0.0,1310996,1310996,6620172,197388,0,0,895,2,1,2,0,2,0,0,0,0,0,0,0
17887000,17879000,2.9451688e-11,7.0526935e-06,0.015668616,0.00010903196,0.0016968657,0.003705705,535,0,0.18056983,0.35203564,0.005167446,0.0013722368,0.002853795,0.001807744,0.0,0.0,0.0,0.0,1310996,1310996,6620172,197388,0,0,895,2,1,2,0,2,0,0,0,0,0,0,0
18088000,18080000,2.7278946e-11,6.866857e-06,0.015843505,9.773182e-05,0.0003945178,0.0015197678,535,0,0.17827061,0.35001728,0.0012220453,0.0010006549,0.019515356,0.00020713259,0.0,0.0,0.0,0.0,1310996,1310996,6620172,197388,0,0,895,2,1,2,0,2,0,0,0,0,0,0,0
18291000,18283000,2.5966557e-11,6.5299446e-06,0.012808445,2.9327883e-05,0.0008111928,0.0014294594,535,0,0.17992216,0.34987292,0.005671831,0.0015317714,0.013348574,0.00073701417,0.0,0.0,0.0,0.0,1310996,1310996,6620172,197388,0,0,895,2,1,2,0,2,0,0,0,0,0,0,0
18487000,18479000,2.7415119e-11,6.828349e-06,0.013888359,6.714e-05,0.0026791263,0.005030785,535,0,0.17870143,0.34839973,0.00087785284,0.0011641262,0.025227746,8.459102e-05,0.0,0.0,0.0,0.0,1310996,1310996,6620172,197388,0,0,895,2,1,2,0,2,0,0,0,0,0,0,0
18685000,18676000,2.7319728e-11,6.648204e-06,0.014531819,6.799549e-05,0.0019079116,0.0041157887,535,0,0.17762232,0.3487131,0.00089145853,0.0051996964,0.0032398922,0.0004791522,0.0,0.0,0.0,0.0,1310996,1310996,6620172,197388,0,0,895,2,1,2,0,2,0,0,0,0,0,0,0
18892000,18884000,2.8729727e-11,6.6489056e-06,0.013872729,7.8629695e-05,0.00051118445,0.0011875986,1049111,0,0.17747779,0.34778658,0.0047544134,0.003537971,0.019258356,0.0009292631,0.0,0.0,0.0,0.0,1310996,1310996,6620172,197388,0,0,895,2,1,2,0,2,0,0,0,0,0,0,0
19083000,19076000,2.8131369e-11,6.4584165e-06,0.01219708,2.7128071e-05,0.00081671466,0.0022953374,1049111,0,0.17810939,0.3473641,0.0035685224,0.0076065785,0.014739597,1.1754944e-38,0.0,0.0,0.0,0.0,1310996,1310996,6620172,197388,0,0,895,2,1,2,0,2,0,0,0,0,0,0,0
19288000,19280000,2.673445e-11,6.3388115e-06,0.012150594,0.00012820726,0.0032358265,0.006751309,1049111,0,0.17853853,0.3469519,0.0040179337,0.0021563796,0.017439645,0.0008867468,0.0,0.0,0.0,0.0,1310996,1310996,6620172,197388,0,0,895,2,1,2,0,2,0,0,0,0,0,0,0
19485000,19476000,2.8613792e-11,6.645372e-06,0.01241346,7.646594e-05,0.0014431309,0.002017612,1049111,0,0.17727084,0.34566826,0.012261963,0.002401802,0.022718946,0.0016353371,0.0,0.0,0.0,0.0,1310996,1310996,6620172,197388,0,0,895,2,1,2,0,2,0,0,0,0,0,0,0
19680000,19672000,2.743784e-11,6.604369e-06,0.0110283075,0.0001039473,0.0009584047,0.0015727156,1049111,0,0.17697352,0.3465819,0.007198902,0.0024083038,0.012267989,1.1754944e-38,0.0,0.0,0.0,0.0,1310996,1310996,6620172,197388,0,0,895,2,1,2,0,2,0,0,0,0,0,0,0
19891000,19882000,2.6431789e-11,6.4137507e-06,0.011194763,0.00010392063,0.0025685732,0.004272005,1049111,0,0.17670578,0.3458322,0.008502639,0.008281733,0.014625294,1.1754944e-38,0.0,0.0,0.0,0.0,1310996,1310996,6620172,197388,0,0,895,2,1,2,0,2,0,0,0,0,0,0,0
20092000,20084000,2.6760738e-11,6.7188917e-06,0.01232601,1.8158089e-05,0.0012719947,0.0023716479,1049111,0,0.17580284,0.34468815,0.0051239864,0.0023166074,0.017905938,1.1754944e-38,0.0,0.0,0.0,0.0,1310996,1310996,6620172,197388,0,0,895,2,1,2,0,2,0,0,0,0,0,0,0
20285000,20276000,2.4265081e-11,6.5896106e-06,0.013220906,0.00016681552,0.00135817,0.0030369635,1049111,0,0.17430602,0.34317076,0.008397865,0.002976164,0.022098044,1.1754944e-38,0.0,0.0,0.0,0.0,1310996,1310996,6620172,197388,0,0,895,2,1,2,0,2,0,0,0,0,0,0,0
20485000,20476000,2.5864852e-11,6.7761744e-06,0.014498739,0.00020515869,0.0020132042,0.0035705816,1049111,0,0.1736142,0.3421576,0.0012458534,0.009957065,0.031093206,0.00015684859,0.0,0.0,0.0,0.0,1310996,1310996,6620172,197388,0,0,895,2,1,2,0,2,0,0,0,0,0,0,0
20691000,20691000,2.5929413e-11,6.5849854e-06,0.014167906,9.018546e-05,0.0019569576,0.004582941,1049111,0,0.1738267,0.34165183,0.00582351,0.0034456088,0.015045567,1.1754944e-38,0.0,0.0,0.0,0.0,1310996,1310996,6620172,197388,0,0,895,2,1,2,0,2,0,0,0,0,0,0,0
20891000,20891000,2.8741187e-11,6.6127523e-06,0.013406292,3.8817183e-05,0.00120667,0.0034916876,1049111,0,0.17406939,0.34119442,0.003431263,0.009630867,0.02373352,1.1754944e-38,0.0,0.0,0.0,0.0,1310996,1310996,6620172,197388,0,0,895,2,1,2,0,2,0,0,0,0,0,0,0
21092000,21092000,2.8841197e-11,6.6812386e-06,0.014272913,0.00011094797,0.00052102807,0.002277503,1049111,0,0.17280617,0.34148827,0.0020517607,0.00071315124,0.028169408,1.1754944e-38,0.0,0.0,0.0,0.0,1310996,1310996,6620172,197388,0,0,895,2,1,2,0,2,0,0,0,0,0,0,0
21291000,21291000,3.2267623e-11,7.1807704e-06,0.015607781,8.843919e-05,0.0011969651,0.00401974,1049239,0,0.17098963,0.3397462,0.01030646,0.0039825956,0.016816024,0.001095845,0.0,0.0,0.0,0.0,1310996,1310996,6620172,197388,0,0,895,2,1,2,0,2,0,0,0,0,0,0,0
21492000,21492000,3.4743427e-11,6.874417e-06,0.014293741,3.744664e-05,0.00093754975,0.00053181173,1049239,0,0.17176795,0.33945823,0.0020380714,0.002240437,0.008401021,1.1754944e-38,0.0,0.0,0.0,0.0,1310996,1310996,6620172,197388,0,0,895,2,1,2,0,2,0,0,0,0,0,0,0
21688000,21688000,5.5083476e-11,7.707236e-06,0.014419362,0.00011268541,0.0031923712,0.0053874888,1049239,0,0.17245562,0.33920497,0.010847978,0.008493604,0.012484745,1.1754944e-38,0.0,0.0,0.0,0.0,1310996,1310996,6620172,197388,0,0,895,2,1,2,0,2,0,0,0,0,0,0,0
21893000,21893000,6.745914e-11,7.57905e-06,0.012121415,2.9839597e-05,0.0026814386,0.003973905,1049239,0,0.1731503,0.33895457,0.0024493716,0.0020363606,0.01719587,1.1754944e-38,0.0,0.0,0.0,0.0,1310996,1310996,6620172,197388,0,0,895,2,1,2,0,2,0,0,0,0,0,0,0
22091000,22091000,9.2467665e-11,9.457515e-06,0.013426225,5.5177832e-05,0.0029318137,0.0056623914,1049239,0,0.17312382,0.33827272,0.0025207815,0.0027739864,0.026744401,0.0012679272,0.0,0.0,0.0,0.0,1310996,1310996,6620172,197388,0,0,895,2,1,2,0,2,0,0,0,0,0,0,0
22291000,22291000,1.1771013e-10,1.0871742e-05,0.012942162,9.224551e-05,0.0021967047,0.004240953,1049239,0,0.17316309,0.33920848,0.003488453,0.0014006592,0.015319858,1.1754944e-38,0.0,0.0,0.0,0.0,1310996,1310996,6620172,197388,0,0,895,2,1,2,0,2,0,0,0,0,0,0,0
22495000,22495000,2.0956022e-10,1.64935e-05,0.014652505,7.981914e-05,0.00798328,0.013899913,1049239,0,0.17332156,0.3385896,0.0033910586,0.07511051,0.02636765,1.1754944e-38,0.0,0.0,0.0,0.0,1310996,1310996,6620172,197388,0,0,895,2,1,2,0,2,0,0,0,0,0,0,0
22683000,22683000,2.942325e-10,2.0713738e-05,0.01536236,6.596869e-05,0.0049896208,0.01124918,1049239,0,0.17157915,0.33706355,0.0012102625,0.009067334,0.022724047,1.1754944e-38,0.0,0.0,0.0,0.0,1310996,1310996,6620172,197388,0,0,895,2,1,2,0,2,0,0,0,0,0,0,0
22888000,22888000,3.0217875e-10,2.1526119e-05,0.017819744,7.734512e-05,0.0038414653,0.004066018,1049239,0,0.17069937,0.3376039,0.0030732558,0.022729864,0.021850402,1.1754944e-38,0.0,0.0,0.0,0.0,1310996,1310996,6620172,197388,0,0,895,2,1,2,0,2,0,0,0,0,0,0,0
23084000,23084000,2.656448e-10,1.9577385e-05,0.017038774,2.1430085e-05,0.0023136341,0.0033643572,1049239,0,0.1709841,0.33706558,0.0043037017,0.005962884,0.02788276,1.1754944e-38,0.0,0.0,0.0,0.0,1310996,1310996,6620172,197388,0,0,895,2,1,2,0,2,0,0,0,0,0,0,0
23296000,23296000,2.1173317e-10,1.5938333e-05,0.015379423,5.0511695e-05,0.002014584,0.005069294,1049239,0,0.17346047,0.33789822,0.00048363075,0.009607591,0.012362565,1.1754944e-38,0.0,0.0,0.0,0.0,1310996,1310996,6620172,197388,0,0,895,2,1,2,0,2,0,0,0,0,0,0,0
23492000,23492000,1.8152713e-10,1.3609042e-05,0.0133453645,1.586141e-05,0.0019962534,0.0050073485,1049239,0,0.17309697,0.33729047,0.00555932,0.00702149,0.01919491,1.1754944e-38,0.0,0.0,0.0,0.0,1310996,1310996,6620172,197388,0,0,895,2,1,2,0,2,0,0,0,0,0,0,0
23688000,23688000,1.7179046e-10,1.2695924e-05,0.012117528,2.2117143e-05,0.0021823414,0.0045903516,1049239,0,0.1719205,0.33622348,0.0025029983,0.006730557,0.010992933,1.1754944e-38,0.0,0.0,0.0,0.0,1310996,1310996,6620172,197388,0,0,895,2,1,2,0,2,0,0,0,0,0,0,0
23887000,23887000,1.3814708e-10,1.1361764e-05,0.012936189,0.00011268932,0.0019685423,0.0049629016,663,0,0.17152506,0.33717594,0.0060277367,0.004231617,0.02517861,0.0007359698,0.0,0.0,0.0,0.0,1310996,1310996,6620172,197388,0,0,895,2,1,2,0,2,0,0,0,0,0,0,0
24092000,24092000,1.3397836e-10,1.0955353e-05,0.012454889,0.00013693538,0.0018267769,0.0055302223,663,0,0.17198424,0.3370072,0.013029071,0.008381932,0.008714701,0.000111963265,0.0,0.0,0.0,0.0,1310996,1310996,6620172,197388,0,0,895,2,1,2,0,2,0,0,0,0,0,0,0
24292000,24292000,1.3174146e-10,1.1213628e-05,0.012130278,4.4012842e-05,0.0026367249,0.004063723,663,0,0.1717311,0.33639044,0.0040500457,0.007099777,0.009122711,0.00030963623,0.0,0.0,0.0,0.0,1310996,1310996,6620172,197388,0,0,895,2,1,2,0,2,0,0,0,0,0,0,0
24492000,24492000,1.3782787e-10,1.1075689e-05,0.011647021,4.897107e-05,0.0035965003,0.006117217,663,0,0.17156026,0.33578357,0.00273496,0.018634524,0.012247326,0.00021329627,0.0,0.0,0.0,0.0,1310996,1310996,6620172,197388,0,0,895,2,1,2,0,2,0,0,0,0,0,0,0
24691000,24691000,1.3123362e-10,1.1015557e-05,0.01228642,6.868369e-05,0.0048964988,0.0073727774,663,0,0.1714516,0.33518434,0.0024588832,0.011170327,0.027654128,0.0009356435,0.0,0.0,0.0,0.0,1310996,1310996,6620172,197388,0,0,895,2,1,2,0,2,0,0,0,0,0,0,0
24884000,24884000,1.608218e-10,1.3285026e-05,0.0128605515,4.5929628e-05,0.002340599,0.00540847,663,0,0.17056853,0.33415768,0.0012812635,0.012954102,0.022528555,0.0016530066,0.0,0.0,0.0,0.0,1310996,1310996,6620172,197388,0,0,895,2,1,2,0,2,0,0,0,0,0,0,0
25088000,25088000,1.5661882e-10,1.3024437e-05,0.01348989,5.8915433e-05,0.0044315727,0.008595056,663,0,0.17040844,0.33509916,0.0010424393,0.013355268,0.03579753,0.0010141758,0.0,0.0,0.0,0.0,1310996,1310996,6620172,197388,0,0,895,2,1,2,0,2,0,0,0,0,0,0,0
25292000,25292000,1.7199434e-10,1.3953886e-05,0.013728635,5.9514507e-05,0.0033017395,0.0071181864,663,0,0.17123929,0.33342174,0.0048000827,0.009264577,0.0054128594,0.0009154864,0.0,0.0,0.0,0.0,1310996,1310996,6620172,197388,0,0,895,2,1,2,0,2,0,0,0,0,0,0,0
25492000,25492000,1.7183001e-10,1.3655462e-05,0.014721877,7.910378e-05,0.0025151463,0.003277656,663,0,0.1711166,0.33437297,0.010671538,0.0055681705,0.016886482,0.0009480435,0.0,0.0,0.0,0.0,1310996,1310996,6620172,197388,0,0,895,2,1,2,0,2,0,0,0,0,0,0,0
25685000,25685000,2.4117847e-10,1.7423452e-05,0.01375014,7.36389e-05,0.007967737,0.016708415,663,0,0.17018369,0.33338967,0.0032097285,0.086993486,0.034378916,0.0034556303,0.0,0.0,0.0,0.0,1310996,1310996,6620172,197388,0,0,895,2,1,2,0,2,0,0,0,0,0,0,0
25892000,25892000,1.9929741e-10,1.4892073e-05,0.013080389,4.9230934e-05,0.0035875156,0.008638418,663,0,0.17089207,0.3332797,0.005387475,0.033984467,0.026277646,0.0026187226,0.0,0.0,0.0,0.0,1310996,1310996,6620172,197388,0,0,895,2,1,2,0,2,0,0,0,0,0,0,0
26092000,26092000,1.8659958e-10,1.4405242e-05,0.014416562,4.155273e-05,0.0039887736,0.008127326,663,0,0.16996686,0.33235148,0.0035196908,0.022649148,0.023567947,0.00058590056,0.0,0.0,0.0,0.0,1310996,1310996,6620172,197388,0,0,895,2,1,2,0,2,0,0,0,0,0,0,0
26291000,26291000,1.90429e-10,1.5481595e-05,0.015038991,2.0751384e-05,0.003812794,0.009341992,663,0,0.17066725,0.33228984,0.010992032,0.0064692805,0.025732145,0.0010648218,0.0,0.0,0.0,0.0,1310996,1310996,6620172,197388,0,0,831,2,1,2,0,2,0,0,0,0,0,0,0
26484000,26484000,1.6688435e-10,1.4313271e-05,0.015338294,2.1832671e-05,0.0022929318,0.006309425,663,0,0.16975358,0.33289102,0.00404199,0.0039339187,0.028189749,0.00075666397,0.0,0.0,0.0,0.0,1310996,1310996,6620172,197388,0,0,831,2,1,2,0,2,0,0,0,0,0,0,0
26688000,26688000,1.7386667e-10,1.3645681e-05,0.015017173,8.35981e-05,0.0033958019,0.006379466,663,0,0.16958134,0.33244023,0.0014399162,0.004921479,0.0023974192,0.0013324091,0.0,0.0,0.0,0.0,1310996,1310996,6620172,197388,0,0,831,2,1,2,0,2,0,0,0,0,0,0,0
26892000,26892000,1.654208e-10,1.4019722e-05,0.015102262,6.330986e-05,0.0031152016,0.005823777,663,0,0.17024556,0.33243877,0.005709048,0.0070229676,0.020671172,0.0046740663,0.0,0.0,0.0,0.0,1310996,1310996,6620172,197388,0,0,831,2,1,2,0,2,0,0,0,0,0,0,0
27088000,27088000,1.33295e-10,1.2199642e-05,0.015789518,2.5737712e-05,0.0013016763,0.004020894,663,0,0.16933826,0.33158836,0.0012122709,0.005461478,0.025846973,0.0008439316,0.0,0.0,0.0,0.0,1310996,1310996,6620172,197388,0,0,831,2,1,2,0,2,0,0,0,0,0,0,0
27291000,27291000,1.1245964e-10,1.0239476e-05,0.012551321,2.350565e-05,0.0019659598,0.005416052,663,0,0.16909637,0.33118737,0.0021562304,0.0041388283,0.03089986,0.001504276,0.0,0.0,0.0,0.0,1310996,1310996,6620172,197388,0,0,831,2,1,2,0,2,0,0,0,0,0,0,0
27485000,27485000,1.3835266e-10,1.0947413e-05,0.011915131,2.2830818e-05,0.0016858946,0.0047312635,663,0,0.16897066,0.33229822,0.0058728843,0.0056888596,0.005754198,0.0015582892,0.0,0.0,0.0,0.0,1310996,1310996,6620172,197388,0,0,831,2,1,2,0,2,0,0,0,0,0,0,0
27692000,27692000,1.4179283e-10,1.000356e-05,0.009424338,8.648661e-05,0.0014326314,0.002401157,663,0,0.16952497,0.33236262,0.0016664395,0.010156561,0.008750334,5.772163e-05,0.0,0.0,0.0,0.0,1310996,1310996,6620172,197388,0,0,831,2,1,2,0,2,0,0,0,0,0,0,0
27885000,27885000,1.2485782e-10,9.534617e-06,0.010448016,7.696872e-05,0.0012474825,0.0020650243,663,0,0.168535,0.33157754,0.009524776,0.0069344416,0.023182195,3.5154102e-05,0.0,0.0,0.0,0.0,1310996,1310996,6620172,197388,0,0,831,2,1,2,0,2,0,0,0,0,0,0,0
28092000,28092000,1.04737385e-10,8.625116e-06,0.009961594,7.0699156e-05,0.0014287311,0.003575762,663,0,0.16903937,0.3316874,0.00153634,0.0034312287,0.023264768,0.00026041135,0.0,0.0,0.0,0.0,1310996,1310996,6620172,197388,0,0,831,2,1,2,0,2,0,0,0,0,0,0,0
28289000,28289000,1.1225814e-10,9.175536e-06,0.011640338,5.8603757e-05,0.0024611207,0.0065325033,663,0,0.16807984,0.33093587,0.0045428406,0.005069814,0.033158414,0.0005635716,0.0,0.0,0.0,0.0,1310996,1310996,6620172,197388,0,0,831,2,1,2,0,2,0,0,0,0,0,0,0
28480000,28480000,1.14623665e-10,1.043142e-05,0.012512922,0.00014016751,0.00248914,0.005715801,663,0,0.16791157,0.33064872,0.0006338666,0.00430156,0.024184365,1.4756708e-05,0.0,0.0,0.0,0.0,1310996,1310996,6620172,197388,0,0,831,2,1,2,0,2,0,0,0,0,0,0,0
28692000,28692000,1.3018919e-10,1.0353684e-05,0.011585379,2.6872322e-05,0.0013196742,0.003589703,663,0,0.16842481,0.33081082,0.0038932802,0.0060100863,0.03855769,0.00034482387,0.0,0.0,0.0,0.0,1310996,1310996,6620172,197388,0,0,831,2,1,2,0,2,0,0,0,0,0,0,0
28891000,28891000,1.0906499e-10,9.886641e-06,0.011625511,0.00012761382,0.0034082867,0.00815283,663,0,0.16822238,0.33202612,0.012832142,0.011977601,0.030490244,0.00086995447,0.0,0.0,0.0,0.0,1310996,1310996,6620172,197388,0,0,831,2,1,2,0,2,0,0,0,0,0,0,0
29087000,29087000,1.0099608e-10,1.0362748e-05,0.013689204,7.791084e-05,0.0026549893,0.0067352913,663,0,0.1673213,0.33131486,0.0040016742,0.0025478015,0.021238524,0.0003934244,0.0,0.0,0.0,0.0,1310996,1310996,6620172,197388,0,0,831,2,1,2,0,2,0,0,0,0,0,0,0
29285000,29285000,1.2012948e-10,1.018803e-05,0.011545882,3.3254546e-05,0.00086330285,0.0018116863,663,0,0.16715208,0.33106312,0.009500297,0.0052178465,0.019492852,0.000513224,0.0,0.0,0.0,0.0,1310996,1310996,6620172,197388,0,0,831,2,1,2,0,2,0,0,0,0,0,0,0
29495000,29495000,1.1989236e-10,9.464422e-06,0.010064405,7.1284456e-05,0.0013412614,0.0033881192,663,0,0.16769274,0.33127102,0.008165686,0.006878177,0.017175175,0.0025552553,0.0,0.0,0.0,0.0,1310996,1310996,6620172,197388,0,0,831,2,1,2,0,2,0,0,0,0,0,0,0
29685000,29685000,1.08913496e-10,8.974374e-06,0.011138057,0.00014794673,0.0032846637,0.005790744,663,0,0.16684133,0.3305736,0.0050043636,0.0055040456,0.025503485,0.0018743002,0.0,0.0,0.0,0.0,1310996,1310996,6620172,197388,0,0,831,2,1,2,0,2,0,0,0,0,0,0,0
29895000,29895000,9.65101e-11,8.827762e-06,0.011862939,7.781663e-05,0.0019055239,0.0027717992,663,0,0.16736026,0.3307986,0.006520395,0.0069428156,0.02905088,0.0012384583,0.0,0.0,0.0,0.0,1310996,1310996,6620172,197388,0,0,831,2,1,2,0,2,0,0,0,0,0,0,0
30092000,30092000,1.01851215e-10,9.432308e-06,0.012623651,4.3174103e-05,0.0010093949,0.0040697446,663,0,0.16718891,0.33205914,0.007491147,0.0061797756,0.024746995,0.00011283995,0.0,0.0,0.0,0.0,1310996,1310996,6620172,197388,0,0,831,2,1,2,0,2,0,0,0,0,0,0,0
30292000,30292000,1.04940154e-10,9.896412e-06,0.013841208,0.00011144888,0.00250409,0.0053464007,663,0,0.16699815,0.33183345,0.00573835,0.0067658513,0.030316975,9.439431e-05,0.0,0.0,0.0,0.0,1310996,1310996,6620172,197388,0,0,831,2,1,2,0,2,0,0,0,0,0,0,0
30485000,30485000,1.0851852e-10,9.938184e-06,0.012398293,0.00012699339,0.0038552647,0.009646002,663,0,0.16612922,0.33115017,0.0011223792,0.0007239277,0.029542629,0.0018979481,0.0,0.0,0.0,0.0,1310996,1310996,6620172,197388,0,0,831,2,1,2,0,2,0,0,0,0,0,0,0
30692000,30692000,1.5194349e-10,1.255361e-05,0.013275196,5.5042194e-05,0.0029929553,0.008899046,663,0,0.16667117,0.33138955,0.0017386943,0.007818267,0.0311886,0.0011108405,0.0,0.0,0.0,0.0,1310996,1310996,6620172,197388,0,0,831,2,1,2,0,2,0,0,0,0,0,0,0
30892000,30892000,1.7097135e-10,1.3933406e-05,0.0137613965,0.00013277613,0.003548917,0.0077069947,663,0,0.16653654,0.33116627,0.0020937978,0.006894078,0.030132774,0.0015324875,0.0,0.0,0.0,0.0,1310996,1310996,6620172,197388,0,0,831,2,1,2,0,2,0,0,0,0,0,0,0
31095000,31095000,1.4769097e-10,1.2475778e-05,0.013981734,6.7786044e-05,0.00095987064,0.0029440743,663,0,0.16641787,0.33243787,0.0048642033,0.007183997,0.012213551,0.0012210449,0.0,0.0,0.0,0.0,1310996,1310996,6620172,197388,0,0,831,2,1,2,0,2,0,0,0,0,0,0,0
31292000,31292000,1.505932e-10,1.2881943e-05,0.015488341,3.7210164e-05,0.0011348963,0.0025664887,663,0,0.16626498,0.33222345,0.00022478036,0.0083295135,0.029380694,0.0012447047,0.0,0.0,0.0,0.0,1310996,1310996,6620172,197388,0,0,831,2,1,2,0,2,0,0,0,0,0,0,0
31491000,31491000,1.5703079e-10,1.3473021e-05,0.01564656,0.000102352285,0.0031737876,0.0065856264,663,0,0.16610461,0.3319894,0.0027453217,0.0056648427,0.03596345,0.00022221071,0.0,0.0,0.0,0.0,1310996,1310996,6620172,197388,0,0,831,2,1,2,0,2,0,0,0,0,0,0,0
31687000,31687000,1.6576332e-10,1.3740144e-05,0.015784679,9.873214e-05,0.0012335154,0.0031101797,663,0,0.16535522,0.33277568,0.0038601207,0.008143895,0.0036339383,0.002643872,0.0,0.0,0.0,0.0,1310996,1310996,6620172,197388,0,0,831,2,1,2,0,2,0,0,0,0,0,0,0
31892000,31892000,1.6439419e-10,1.2321533e-05,0.014296461,8.618785e-05,0.0011553856,0.0020893372,663,0,0.1659527,0.33152166,0.013312537,0.0046547414,0.023975817,0.0010887021,0.0,0.0,0.0,0.0,1310996,1310996,6620172,197388,0,0,831,2,1,2,0,2,0,0,0,0,0,0,0
32091000,32091000,1.3111437e-10,1.1001413e-05,0.014029243,7.425687e-05,0.00089140463,0.003072802,663,0,0.16583392,0.3327901,0.004710764,0.003990158,0.017262597,0.0004995231,0.0,0.0,0.0,0.0,1310996,1310996,6620172,197388,0,0,831,2,1,2,0,2,0,0,0,0,0,0,0
32288000,32288000,1.4050346e-10,1.2144435e-05,0.01482465,9.088945e-05,0.0019235557,0.0049028276,663,0,0.16508332,0.33208477,0.0026422373,0.0034017237,0.00955057,9.98158e-05,0.0,0.0,0.0,0.0,1310996,1310996,6620172,197388,0,0,831,2,1,2,0,2,0,0,0,0,0,0,0
32492000,32492000,1.4152708e-10,1.28267e-05,0.017038422,0.00016302994,0.0034926906,0.006643758,663,0,0.16571209,0.33232656,0.0035378076,0.007168307,0.024030017,0.0013108501,0.0,0.0,0.0,0.0,1310996,1310996,6620172,197388,0,0,831,2,1,2,0,2,0,0,0,0,0,0,0
32691000,32691000,1.2570378e-10,1.158039e-05,0.014509729,0.00013054248,0.0031575102,0.006125486,663,0,0.1656267,0.33209053,0.0023405114,0.0061291996,0.016221872,0.00084826106,0.0,0.0,0.0,0.0,1310996,1310996,6620172,197388,0,0,831,2,1,2,0,2,0,0,0,0,0,0,0
32892000,32892000,1.288822e-10,1.1520453e-05,0.014270191,6.961509e-05,0.0022513263,0.0045135594,663,0,0.16550393,0.33185452,0.0004808946,0.0053159595,0.019675644,0.0002632218,0.0,0.0,0.0,0.0,1310996,1310996,6620172,197388,0,0,831,2,1,2,0,2,0,0,0,0,0,0,0
33084000,33084000,1.3299196e-10,1.1591126e-05,0.015309952,7.969173e-05,0.0017018636,0.0034544226,663,0,0.17186904,0.3345706,0.0022870637,0.0054264683,0.016451418,0.0011003726,0.0,0.0,0.0,0.0,1310996,1310996,6620172,197388,0,0,831,2,1,2,0,2,0,0,0,0,0,0,0
33283000,33283000,1.0322125e-10,1.04809305e-05,0.014523289,5.7743393e-05,0.0005535335,0.0013568533,663,0,0.17176001,0.33433062,0.0043129493,0.0039019764,0.027698074,0.00045242783,0.0,0.0,0.0,0.0,1310996,1310996,6620172,197388,0,0,831,2,1,2,0,2,0,0,0,0,0,0,0
33492000,33492000,9.919585e-11,1.0530441e-05,0.015129767,8.780115e-05,0.0013877177,0.0021070424,663,0,0.16522038,0.33263293,0.00027180946,0.0065677897,0.022347633,0.00037712918,0.0,0.0,0.0,0.0,1310996,1310996,6620172,197388,0,0,831,2,1,2,0,2,0,0,0,0,0,0,0
33698000,33698000,1.2036215e-10,1.1361446e-05,0.015172495,5.368384e-05,0.0010817326,0.0030296084,663,0,0.1650988,0.3323672,0.004116376,0.005099819,0.030195111,0.00086278253,0.0,0.0,0.0,0.0,1310996,1310996,6620172,197388,0,0,831,2,1,2,0,2,0,0,0,0,0,0,0
33891000,33891000,1.2781287e-10,1.228208e-05,0.015975235,9.677897e-05,0.002965123,0.0072481446,663,0,0.16437446,0.3331389,0.010984051,0.0031523185,0.028125724,0.00028751587,0.0,0.0,0.0,0.0,1310996,1310996,6620172,197388,0,0,831,2,1,2,0,2,0,0,0,0,0,0,0
34092000,34092000,1.3743731e-10,1.2267471e-05,0.014716058,5.0642982e-05,0.0026241653,0.006537878,663,0,0.1649589,0.33334547,0.002731346,0.0074004093,0.015783792,0.00045393468,0.0,0.0,0.0,0.0,1310996,1310996,6620172,197388,0,0,831,2,1,2,0,2,0,0,0,0,0,0,0
34291000,34291000,1.468989e-10,1.3540897e-05,0.016488312,0.00011939207,0.003411721,0.0072638737,663,0,0.16428106,0.3325971,0.0065304847,0.013240118,0.027996847,0.0007399278,0.0,0.0,0.0,0.0,1310996,1310996,6620172,197388,0,0,831,2,1,2,0,2,0,0,0,0,0,0,0
34491000,34491000,1.522909e-10,1.274728e-05,0.014499559,7.717356e-05,0.0024690921,0.004141265,663,0,0.16487515,0.3328019,0.0027271109,0.008623565,0.016695157,0.0015065362,0.0,0.0,0.0,0.0,1310996,1310996,6620172,197388,0,0,831,2,1,2,0,2,0,0,0,0,0,0,0
34695000,34695000,1.15978095e-10,1.1062468e-05,0.012602722,3.566221e-05,0.0014042598,0.0038968248,663,0,0.16480196,0.33403924,0.010494038,0.0031076693,0.017946918,0.00033221248,0.0,0.0,0.0,0.0,1310996,1310996,6620172,197388,0,0,831,2,1,2,0,2,0,0,0,0,0,0,0
34880000,34880000,1.1258672e-10,1.0489409e-05,0.012261086,6.1939405e-05,0.0014153091,0.0031312252,663,0,0.17109108,0.33522597,0.0028873475,0.0037367921,0.030618725,0.0002525722,0.0,0.0,0.0,0.0,1310996,1310996,6620172,197388,0,0,831,2,1,2,0,2,0,0,0,0,0,0,0
35085000,35085000,1.0767131e-10,1.0797463e-05,0.0126963165,7.168057e-05,0.000697327,0.001405638,663,0,0.17106818,0.33493325,0.0033641974,0.0038068888,0.019829387,0.0022041362,0.0,0.0,0.0,0.0,1310996,1310996,6620172,197388,0,0,831,2,1,2,0,2,0,0,0,0,0,0,0
35292000,35292000,1.2229516e-10,1.1390036e-05,0.013369219,6.087104e-05,0.0013618827,0.004148575,663,0,0.16403507,0.33270657,0.0037883213,0.006717203,0.0017939139,0.0005355451,0.0,0.0,0.0,0.0,1310996,1310996,6620172,197388,0,0,831,2,1,2,0,2,0,0,0,0,0,0,0
35488000,35488000,1.255391e-10,1.1086854e-05,0.013300593,7.035355e-05,0.00073432905,0.0005735914,663,0,0.16406591,0.3324338,0.0070940456,0.000895821,0.017042596,0.0002595287,0.0,0.0,0.0,0.0,1310996,1310996,6620172,197388,0,0,831,2,1,2,0,2,0,0,0,0,0,0,0
35688000,35688000,1.2214872e-10,1.0960566e-05,0.012578106,7.6998476e-05,0.0008308815,0.0005455404,663,0,0.16405684,0.33366805,0.0042260117,0.0071960473,0.021816835,0.0002425947,0.0,0.0,0.0,0.0,1310996,1310996,6620172,197388,0,0,831,2,1,2,0,2,0,0,0,0,0,0,0
35884000,35884000,1.2703846e-10,1.0934117e-05,0.012440466,6.4588574e-05,0.0012153606,0.0016884085,663,0,0.17100388,0.33535022,0.004118688,0.005015535,0.019279795,0.0018778447,0.0,0.0,0.0,0.0,1310996,1310996,6620172,197388,0,0,831,2,1,2,0,2,0,0,0,0,0,0,0
36092000,36092000,1.2846026e-10,1.1205608e-05,0.013279519,0.000119787015,0.0029617173,0.0060531506,663,0,0.16461049,0.33360538,0.0008582382,0.0067452076,0.017494543,0.0007620697,0.0,0.0,0.0,0.0,1310996,1310996,6620172,197388,0,0,831,2,1,2,0,2,0,0,0,0,0,0,0
36291000,36291000,1.0485971e-10,1.0515074e-05,0.015355643,0.0001336866,0.0028674034,0.006234113,663,0,0.1639322,0.33286124,0.0017345211,0.006147329,0.021964144,0.0010649818,0.0,0.0,0.0,0.0,1310996,1310996,6620172,197388,0,0,831,2,1,2,0,2,0,0,0,0,0,0,0
36496000,36496000,1.3271777e-10,1.1615356e-05,0.014210957,2.9833389e-05,0.00064283476,0.00226645,663,0,0.1645558,0.3330786,0.00018181412,0.004543101,0.02308654,0.00036410516,0.0,0.0,0.0,0.0,1310996,1310996,6620172,197388,0,0,831,2,1,2,0,2,0,0,0,0,0,0,0
36680000,36680000,1.3765897e-10,1.1374148e-05,0.013123875,8.255304e-05,0.0008942941,0.0015875559,663,0,0.17086071,0.33427665,0.0034328746,0.0035209185,0.013172457,0.001039581,0.0,0.0,0.0,0.0,1310996,1310996,6620172,197388,0,0,831,2,1,2,0,2,0,0,0,0,0,0,0
36885000,36885000,1.2066796e-10,1.0562442e-05,0.012721617,6.960168e-05,0.001678315,0.0028181688,663,0,0.17079659,0.33553562,0.0006991768,0.008611468,0.0075851264,0.00027167203,0.0,0.0,0.0,0.0,1310996,1310996,6620172,197388,0,0,831,2,1,2,0,2,0,0,0,0,0,0,0
37092000,37092000,1.1127288e-10,1.0326041e-05,0.013071249,4.6438297e-05,0.00067511474,0.0018512994,663,0,0.16448686,0.3337835,0.0057862727,0.0032022535,0.020666374,0.00027145343,0.0,0.0,0.0,0.0,1310996,1310996,6620172,197388,0,0,831,2,1,2,0,2,0,0,0,0,0,0,0
37289000,37289000,1.1770908e-10,1.0140992e-05,0.012176961,6.73025e-05,0.0017363515,0.004324763,663,0,0.16381095,0.33303788,0.007052559,0.003751598,0.025930716,0.0022974676,0.0,0.0,0.0,0.0,1310996,1310996,6620172,197388,0,0,831,2,1,2,0,2,0,0,0,0,0,0,0
37492000,37492000,1.1587347e-10,9.983741e-06,0.013136782,7.091862e-05,0.0015241617,0.0035144635,663,0,0.16443156,0.3332549,0.0026640294,0.0049097794,0.022366868,0.0028299761,0.0,0.0,0.0,0.0,1310996,1310996,6620172,197388,0,0,831,2,1,2,0,2,0,0,0,0,0,0,0
37685000,37685000,1.0966365e-10,9.8176415e-06,0.013731764,7.1864866e-05,0.0016677657,0.004129994,663,0,0.1706663,0.334453,0.007520366,0.0015744456,0.025966797,0.0027735422,0.0,0.0,0.0,0.0,1310996,1310996,6620172,197388,0,0,831,2,1,2,0,2,0,0,0,0,0,0,0
37885000,37885000,1.4597346e-10,1.0911652e-05,0.013131933,9.584166e-05,0.002637125,0.0068707597,663,0,0.17060827,0.3341839,0.0007102626,0.0036526483,0.028706096,0.0010829811,0.0,0.0,0.0,0.0,1310996,1310996,6620172,197388,0,0,831,2,1,2,0,2,0,0,0,0,0,0,0
38092000,38092000,1.3562455e-10,1.0265017e-05,0.013250772,0.00010759248,0.0026040631,0.006975942,663,0,0.17056249,0.33391774,0.0055107377,0.005810014,0.03873805,0.0025559063,0.0,0.0,0.0,0.0,1310996,1310996,6620172,197388,0,0,831,2,1,2,0,2,0,0,0,0,0,0,0
38287000,38287000,1.6022944e-10,1.2058265e-05,0.012410474,0.000104668805,0.0025604882,0.007018699,663,0,0.1704724,0.33518645,0.009527232,0.00937237,0.023480097,0.0014108854,0.0,0.0,0.0,0.0,1310996,1310996,6620172,197388,0,0,831,2,1,2,0,2,0,0,0,0,0,0,0
38492000,38492000,1.6188359e-10,1.2271034e-05,0.013952006,0.00014373718,0.00083211134,0.001340647,663,0,0.1697295,0.3344244,0.0047655157,0.00569423,0.016932731,0.0006459828,0.0,0.0,0.0,0.0,1310996,1310996,6620172,197388,0,0,831,2,1,2,0,2,0,0,0,0,0,0,0
38687000,38687000,1.5095292e-10,1.1600369e-05,0.014429338,7.401642e-05,0.00067016174,0.0015046761,663,0,0.16910154,0.33369634,0.004591287,0.0039424635,0.016997017,6.574876e-05,0.0,0.0,0.0,0.0,1310996,1310996,6620172,197388,0,0,831,2,1,2,0,2,0,0,0,0,0,0,0
38888000,38888000,1.522175e-10,1.2094193e-05,0.015742471,5.7211393e-05,0.0010455047,0.003338578,663,0,0.16922589,0.3334689,0.0025957823,0.004680734,0.024418144,0.002227443,0.0,0.0,0.0,0.0,1310996,1310996,6620172,197388,0,0,831,2,1,2,0,2,0,0,0,0,0,0,0
39080000,39080000,1.251691e-10,1.0838385e-05,0.014710346,4.2752083e-05,0.0013577263,0.0030799902,663,0,0.16933559,0.33325154,0.006950319,0.008276104,0.029585749,0.0010610926,0.0,0.0,0.0,0.0,1310996,1310996,6620172,197388,0,0,831,2,1,2,0,2,0,0,0,0,0,0,0
39292000,39292000,1.3537464e-10,1.1468976e-05,0.015215167,7.503897e-06,0.00080245396,0.0024116614,663,0,0.17074442,0.33551228,0.0002975849,0.004856445,0.006744083,0.0011270492,0.0,0.0,0.0,0.0,1310996,1310996,6620172,197388,0,0,831,2,1,2,0,2,0,0,0,0,0,0,0
39487000,39487000,1.1714403e-10,1.0398724e-05,0.013843279,0.000105595864,0.0020646425,0.004762863,663,0,0.17060953,0.33522332,0.004493876,0.008155247,0.032683805,0.001684249,0.0,0.0,0.0,0.0,1310996,1310996,6620172,197388,0,0,831,2,1,2,0,2,0,0,0,0,0,0,0
39692000,39692000,1.2813454e-10,1.03824705e-05,0.011920874,1.5595073e-05,0.000758409,0.002212124,663,0,0.17114864,0.3354171,0.0015306495,0.005733599,0.0029307378,0.0015733606,0.0,0.0,0.0,0.0,1310996,1310996,6620172,197388,0,0,831,2,1,2,0,2,0,0,0,0,0,0,0
39892000,39892000,1.2341976e-10,1.0121778e-05,0.012342776,5.8926173e-05,0.0008487861,0.002247874,663,0,0.17098552,0.3351096,0.0060582124,0.0069347955,0.012883981,0.00051078084,0.0,0.0,0.0,0.0,1310996,1310996,6620172,197388,0,0,831,2,1,2,0,2,0,0,0,0,0,0,0
40092000,40092000,1.1997348e-10,9.175761e-06,0.011018183,8.131776e-05,0.0017263619,0.0034143135,663,0,0.17013381,0.33586106,0.004126439,0.005246761,0.019356629,0.00070652406,0.0,0.0,0.0,0.0,1310996,1310996,6620172,197388,0,0,831,2,1,2,0,2,0,0,0,0,0,0,0
40285000,40285000,1.3429306e-10,9.822358e-06,0.011171814,0.0001024705,0.0017565575,0.003599395,663,0,0.17000847,0.33556715,0.0067685777,0.010581769,0.00851834,6.856892e-05,0.0,0.0,0.0,0.0,1310996,1310996,6620172,197388,0,0,831,2,1,2,0,2,0,0,0,0,0,0,0
40492000,40492000,1.2961299e-10,1.0846315e-05,0.013367754,2.8547624e-05,0.0005584286,0.001563501,663,0,0.1705995,0.33577248,0.002309344,0.0039849277,0.0078266775,0.0018274819,0.0,0.0,0.0,0.0,1310996,1310996,6620172,197388,0,0,831,2,1,2,0,2,0,0,0,0,0,0,0
40685000,40685000,1.13598846e-10,9.924635e-06,0.012865286,6.4319865e-05,0.0019164365,0.0048555657,663,0,0.16970095,0.33498368,0.0004340484,0.0017830963,0.029863436,0.0019164371,0.0,0.0,0.0,0.0,1310996,1310996,6620172,197388,0,0,831,2,1,2,0,2,0,0,0,0,0,0,0
40887000,40887000,1.453963e-10,1.1390714e-05,0.012657229,6.5115004e-05,0.002022061,0.004828287,663,0,0.16953552,0.3346895,0.0018583453,0.0027839558,0.01474304,0.0011563222,0.0,0.0,0.0,0.0,1310996,1310996,6620172,197388,0,0,831,2,1,2,0,2,0,0,0,0,0,0,0
41091000,41091000,1.6807873e-10,1.371597e-05,0.014846452,6.437973e-05,0.0030201827,0.0076864623,663,0,0.16873936,0.3354452,0.0026243404,0.005474417,0.032266673,0.0008493138,0.0,0.0,0.0,0.0,1310996,1310996,6620172,197388,0,0,831,2,1,2,0,2,0,0,0,0,0,0,0
41288000,41288000,1.756216e-10,1.3153188e-05,0.014099663,7.823386e-05,0.00097184797,0.0023805448,663,0,0.1687706,0.33517787,0.002563198,0.0055216034,0.0020106945,0.0010270391,0.0,0.0,0.0,0.0,1310996,1310996,6620172,197388,0,0,831,2,1,2,0,2,0,0,0,0,0,0,0
41492000,41492000,1.4470294e-10,1.2305911e-05,0.015808566,5.803021e-05,0.0015357769,0.004719141,663,0,0.16944653,0.33539426,0.0048941113,0.004833986,0.024158971,0.0010302746,0.0,0.0,0.0,0.0,1310996,1310996,6620172,197388,0,0,831,2,1,2,0,2,0,0,0,0,0,0,0
41685000,41685000,1.32015e-10,1.1228927e-05,0.01427952,9.852836e-05,0.0015522732,0.0025396594,663,0,0.16931342,0.33509162,0.0007631931,0.006836238,0.033684388,4.990706e-06,0.0,0.0,0.0,0.0,1310996,1310996,6620172,197388,0,0,831,2,1,2,0,2,0,0,0,0,0,0,0
41894000,41894000,1.4513908e-10,1.1205892e-05,0.01284651,8.488501e-05,0.0018230425,0.004299658,663,0,0.16985409,0.3352747,0.0037428986,0.0022261008,0.024809198,0.000768565,0.0,0.0,0.0,0.0,1310996,1310996,6620172,197388,0,0,831,2,1,2,0,2,0,0,0,0,0,0,0
42076000,42076000,1.664977e-10,1.17733525e-05,0.012473603,8.54857e-05,0.001158995,0.0026535934,663,0,0.16826561,0.33550757,0.002636841,0.0035117085,0.011296612,0.0005008141,0.0,0.0,0.0,0.0,1310996,1310996,6620172,197388,0,0,831,2,1,2,0,2,0,0,0,0,0,0,0
42292000,42292000,1.3217774e-10,1.0980098e-05,0.014954001,7.344184e-05,0.0017722783,0.0036754678,663,0,0.16953094,0.3346447,0.011992483,0.0060734544,0.024925755,0.0032265526,0.0,0.0,0.0,0.0,1310996,1310996,6620172,197388,0,0,831,2,1,2,0,2,0,0,0,0,0,0,0
42487000,42487000,1.3223492e-10,1.1691838e-05,0.016652698,8.9024514e-05,0.0019787992,0.0050291414,663,0,0.16872856,0.3353717,0.003693045,0.0051910514,0.014366256,0.0007798565,0.0,0.0,0.0,0.0,1310996,1310996,6620172,197388,0,0,831,2,1,2,0,2,0,0,0,0,0,0,0
42683000,42683000,1.07012794e-10,1.0237988e-05,0.014539,9.172868e-05,0.0012334296,0.002903416,663,0,0.16859329,0.33505473,0.0041168286,0.0038154093,0.02505838,0.0018361476,0.0,0.0,0.0,0.0,1310996,1310996,6620172,197388,0,0,831,2,1,2,0,2,0,0,0,0,0,0,0
42887000,42887000,1.1206802e-10,9.988936e-06,0.013524007,6.397936e-05,0.0009952944,0.0026306007,663,0,0.16837671,0.33472297,0.0014721742,0.0027408693,0.018790795,0.00010719133,0.0,0.0,0.0,0.0,1310996,1310996,6620172,197388,0,0,831,2,1,2,0,2,0,0,0,0,0,0,0
43092000,43092000,1.279288e-10,1.0770801e-05,0.014118613,9.395843e-05,0.0022804264,0.0054403306,663,0,0.16883053,0.33488443,0.0012064677,0.0077401726,0.02255751,0.0002326085,0.0,0.0,0.0,0.0,1310996,1310996,6620172,197388,0,0,831,2,1,2,0,2,0,0,0,0,0,0,0
43287000,43287000,1.4343952e-10,1.143277e-05,0.014042701,6.9989364e-05,0.0023081808,0.0066896137,663,0,0.16792756,0.33407772,0.004982087,0.007930766,0.02625317,0.00060496095,0.0,0.0,0.0,0.0,1310996,1310996,6620172,197388,0,0,831,2,1,2,0,2,0,0,0,0,0,0,0
43492000,43492000,1.4541357e-10,1.2672814e-05,0.016456168,7.851829e-05,0.001607897,0.0047403853,663,0,0.1677462,0.33529913,0.004394446,0.0036842495,0.034496073,0.0013867943,0.0,0.0,0.0,0.0,1310996,1310996,6620172,197388,0,0,831,2,1,2,0,2,0,0,0,0,0,0,0
43687000,43687000,1.1896312e-10,1.1493016e-05,0.0166969,5.820007e-05,0.0014819028,0.002089465,663,0,0.1676404,0.33500016,0.003638127,0.003563482,0.024641216,0.0032664032,0.0,0.0,0.0,0.0,1310996,1310996,6620172,197388,0,0,831,2,1,2,0,2,0,0,0,0,0,0,0
43884000,43884000,1.2204501e-10,1.1794079e-05,0.016370716,6.666583e-05,0.00034578788,0.001416464,663,0,0.16750377,0.33470193,0.007458738,0.002689727,0.03408136,0.0010786549,0.0,0.0,0.0,0.0,1310996,1310996,6620172,197388,0,0,831,2,1,2,0,2,0,0,0,0,0,0,0
44085000,44085000,1.3657836e-10,1.2118348e-05,0.0156689,4.091593e-05,0.0019852489,0.004401759,663,0,0.16737469,0.33439893,0.004070922,0.0062123123,0.01991408,0.00087012356,0.0,0.0,0.0,0.0,1310996,1310996,6620172,197388,0,0,831,2,1,2,0,2,0,0,0,0,0,0,0
44285000,44285000,1.3685736e-10,1.22247e-05,0.01491436,0.00010880833,0.00053831993,0.00056714256,663,0,0.16731216,0.33409885,0.0020235751,0.006195892,0.0053831157,0.0005500628,0.0,0.0,0.0,0.0,1310996,1310996,6620172,197388,0,0,831,2,1,2,0,2,0,0,0,0,0,0,0
44491000,44491000,1.2055063e-10,1.0949171e-05,0.013938265,0.00011655091,0.0018861332,0.0035567319,663,0,0.16781043,0.33428207,0.009740646,0.008058498,0.01627024,0.0013316444,0.0,0.0,0.0,0.0,1310996,1310996,6620172,197388,0,0,831,2,1,2,0,2,0,0,0,0,0,0,0
44692000,44692000,1.2243444e-10,1.1329721e-05,0.014372129,0.0001295424,0.00321214,0.006150121,663,0,0.16759565,0.33549923,0.0003474688,0.0070732343,0.025109166,0.0016504301,0.0,0.0,0.0,0.0,1310996,1310996,6620172,197388,0,0,831,2,1,2,0,2,0,0,0,0,0,0,0
44885000,44885000,1.6023974e-10,1.3047659e-05,0.015781969,8.6569096e-05,0.0026481813,0.0054252204,663,0,0.16610357,0.3342128,0.0042631896,0.005527911,0.032208696,0.0009044243,0.0,0.0,0.0,0.0,1310996,1310996,6620172,197388,0,0,831,2,1,2,0,2,0,0,0,0,0,0,0
45080000,45080000,1.4253852e-10,1.20297445e-05,0.015843196,5.111492e-05,0.0012595934,0.00221796,663,0,0.16612336,0.33393502,0.0020582643,0.0063397135,0.015486606,0.00089858414,0.0,0.0,0.0,0.0,1310996,1310996,6620172,197388,0,0,831,2,1,2,0,2,0,0,0,0,0,0,0
45296000,45296000,1.0808101e-10,1.0918057e-05,0.016742935,0.000103659484,0.0024884793,0.004358828,663,0,0.16733138,0.33461794,0.0005840732,0.007825007,0.02222198,0.00022566962,0.0,0.0,0.0,0.0,1310996,1310996,6620172,197388,0,0,831,2,1,2,0,2,0,0,0,0,0,0,0
45492000,45492000,1.1858207e-10,1.0752686e-05,0.013944813,8.0312835e-05,0.00052494643,0.0006265137,663,0,0.16718252,0.33432046,0.0057371026,0.007206411,0.015110844,0.00046609834,0.0,0.0,0.0,0.0,1310996,1310996,6620172,197388,0,0,831,2,1,2,0,2,0,0,0,0,0,0,0
45692000,45692000,9.34452e-09,8.398157e-05,0.014664124,4.357013e-05,0.00066380564,0.0015627845,663,0,0.16705146,0.33402237,0.0059418255,0.009901586,0.013272274,0.0015987873,0.0,0.0,0.0,0.0,1310996,1310996,6620172,197388,0,0,831,2,1,2,0,2,0,0,0,0,0,0,0
45888000,45888000,4.1172218e-08,0.00022259161,0.013406298,3.286498e-05,0.011475042,0.023616472,663,0,0.16617872,0.3347656,0.0034990218,0.10095088,0.014016292,0.0014359944,0.0,0.0,0.0,0.0,1310996,1310996,6620172,197388,0,0,831,2,1,2,0,2,0,0,0,0,0,0,0
46091000,46091000,3.616302e-08,0.00020507482,0.011989683,0.00015007512,0.014555813,0.030698638,663,0,0.16663836,0.33343807,0.0058889696,0.07091232,0.03040757,0.003995026,0.0,0.0,0.0,0.0,1310996,1310996,6620172,197388,0,0,831,2,1,2,0,2,0,0,0,0,0,0,0
46288000,46288000,2.8091227e-08,0.00023726819,0.014861557,9.573809e-05,0.0026549231,0.004764388,663,0,0.16575272,0.33419016,0.008782485,0.05138373,0.008021099,0.0039041871,0.0,0.0,0.0,0.0,1310996,1310996,6620172,197388,0,0,831,2,1,2,0,2,0,0,0,0,0,0,0
46487000,46487000,2.0883784e-08,0.0002594906,0.016725002,4.8792914e-05,0.007581155,0.016065834,663,0,0.16547789,0.33389467,0.0050903056,0.039758146,0.014568286,0.0021040791,0.0,0.0,0.0,0.0,1310996,1310996,6620172,197388,0,0,831,2,1,2,0,2,0,0,0,0,0,0,0
46692000,46692000,1.5075573e-08,0.00023509256,0.017060034,0.000109721244,0.0051593753,0.012368479,663,0,0.1659658,0.33408216,0.010546533,0.018151758,0.021684866,0.0010218208,0.0,0.0,0.0,0.0,1310996,1310996,6620172,197388,0,0,831,2,1,2,0,2,0,0,0,0,0,0,0
46892000,46892000,1.061212e-08,0.00018038327,0.01732239,9.273256e-05,0.004082503,0.010519385,663,0,0.16520505,0.33482304,0.0006189503,0.005294246,0.02766599,0.0025639038,0.0,0.0,0.0,0.0,1310996,1310996,6620172,197388,0,0,831,2,1,2,0,2,0,0,0,0,0,0,0
47091000,47091000,7.0068067e-09,0.00012280043,0.018327022,9.949777e-05,0.03821817,0.081413254,663,0,0.16576487,0.3350016,0.0029575273,0.27042285,0.008707315,0.00021047227,0.0,0.0,0.0,0.0,1310996,1310996,6620172,197388,0,0,831,2,1,2,0,2,0,0,0,0,0,0,0
47288000,47288000,4.712182e-09,8.515627e-05,0.017060267,5.060191e-05,0.014701398,0.034920387,663,0,0.16505834,0.33420405,0.006007239,0.015365311,0.022134412,0.0037812593,0.0,0.0,0.0,0.0,1310996,1310996,6620172,197388,0,0,831,2,1,2,0,2,0,0,0,0,0,0,0
47490000,47490000,3.1650167e-09,5.936526e-05,0.017925186,2.4730609e-05,0.0027677317,0.007947433,663,0,0.16505878,0.3338723,0.006031037,0.01800222,0.024401622,0.0038157944,0.0,0.0,0.0,0.0,1310996,1310996,6620172,197388,0,0,831,2,1,2,0,2,0,0,0,0,0,0,0
47687000,47687000,2.2014484e-09,4.356833e-05,0.017810393,0.000116680596,0.0037785107,0.007522907,663,0,0.16450502,0.33457392,0.006374856,0.01598073,0.023049807,0.0006761336,0.0,0.0,0.0,0.0,1310996,1310996,6620172,197388,0,0,831,2,1,2,0,2,0,0,0,0,0,0,0
47891000,47891000,1.4741026e-09,3.1420375e-05,0.017897125,6.5816865e-05,0.00410054,0.010687004,663,0,0.16587809,0.33359337,9.5014235e-05,0.009529955,0.026943292,0.0031435387,0.0,0.0,0.0,0.0,1310996,1310996,6620172,197388,0,0,831,2,1,2,0,2,0,0,0,0,0,0,0
48088000,48088000,9.932698e-10,2.3066685e-05,0.015499117,5.0643295e-05,0.0046421075,0.012472219,663,0,0.16521,0.33425122,0.0038470093,0.011843512,0.007857946,0.0002651582,0.0,0.0,0.0,0.0,1310996,1310996,6620172,197388,0,0,831,2,1,2,0,2,0,0,0,0,0,0,0
48292000,48292000,6.5947053e-10,1.7573951e-05,0.015631367,0.000102540704,0.005068395,0.013168415,663,0,0.16596107,0.33426616,0.0016108928,0.009549566,0.0124851735,0.0021416356,0.0,0.0,0.0,0.0,1310996,1310996,6620172,197388,0,0,831,2,1,2,0,2,0,0,0,0,0,0,0
48492000,48492000,4.4750625e-10,1.3846557e-05,0.013139567,7.286425e-05,0.004849039,0.012889366,663,0,0.16604902,0.33379927,0.0025844632,0.0103056235,0.0133882165,0.004254418,0.0,0.0,0.0,0.0,1310996,1310996,6620172,197388,0,0,831,2,1,2,0,2,0,0,0,0,0,0,0
48695000,48695000,3.1110772e-10,1.19927145e-05,0.015460741,3.238644e-05,0.0041670785,0.012527669,663,0,0.16606997,0.3333255,0.0052119,0.010672878,0.018866021,0.0028694093,0.0,0.0,0.0,0.0,1310996,1310996,6620172,197388,0,0,831,2,1,2,0,2,0,0,0,0,0,0,0
48887000,48887000,2.1625655e-10,1.0324841e-05,0.016712409,7.558595e-05,0.0038375715,0.009041184,1049111,0,0.1654958,0.33392626,0.004554056,0.0031361477,0.013804235,1.1754944e-38,0.0,0.0,0.0,0.0,1310996,1310996,6620172,197388,0,0,895,2,1,2,0,2,0,0,0,0,0,0,0
49091000,49091000,1.5960147e-10,9.643132e-06,0.015990151,6.9722846e-05,0.0037015867,0.008740101,1049111,0,0.16629636,0.3338618,0.007991713,0.010431532,0.0050874352,1.1754944e-38,0.0,0.0,0.0,0.0,1310996,1310996,6620172,197388,0,0,895,2,1,2,0,2,0,0,0,0,0,0,0
49292000,49292000,1.12244054e-10,8.3077175e-06,0.014290895,1.581147e-05,0.0034362145,0.008312919,1049111,0,0.16632655,0.33335125,0.00084582,0.01492264,0.022273885,1.1754944e-38,0.0,0.0,0.0,0.0,1310996,1310996,6620172,197388,0,0,895,2,1,2,0,2,0,0,0,0,0,0,0
49487000,49487000,8.505671e-11,7.966921e-06,0.016121728,4.8350394e-05,0.0025920295,0.0056845266,1049111,0,0.17329192,0.3339157,0.0009094071,0.009688684,0.022254225,1.1754944e-38,0.0,0.0,0.0,0.0,1310996,1310996,6620172,197388,0,0,895,2,1,2,0,2,0,0,0,0,0,0,0
49687000,49687000,6.451746e-11,7.683621e-06,0.01636446,4.8668437e-05,0.0025986496,0.005655464,1049111,0,0.17322204,0.33338585,0.002989336,0.009543994,0.020402487,1.1754944e-38,0.0,0.0,0.0,0.0,1310996,1310996,6620172,197388,0,0,895,2,1,2,0,2,0,0,0,0,0,0,0
49885000,49885000,5.0142633e-11,7.181434e-06,0.015179456,5.792717e-05,0.0025294318,0.0058218786,1049111,0,0.17308648,0.3328786,0.0061543575,0.008171786,0.024298586,1.1754944e-38,0.0,0.0,0.0,0.0,1310996,1310996,6620172,197388,0,0,895,2,1,2,0,2,0,0,0,0,0,0,0
50096000,50096000,4.2567675e-11,7.0813194e-06,0.01657648,6.1249506e-05,0.0029698776,0.0072011254,1049111,0,0.16615662,0.33133262,0.0038628492,0.0089617595,0.022097625,1.1754944e-38,0.0,0.0,0.0,0.0,1310996,1310996,6620172,197388,0,0,895,2,1,2,0,2,0,0,0,0,0,0,0
50285000,50285000,4.160478e-11,7.52778e-06,0.016534584,6.382657e-05,0.0011288727,0.0019732206,1049111,0,0.17209902,0.33298478,0.00049423805,0.008551294,0.022123137,1.1754944e-38,0.0,0.0,0.0,0.0,1310996,1310996,6620172,197388,0,0,895,2,1,2,0,2,0,0,0,0,0,0,0
50491000,50491000,3.6057234e-11,7.1184313e-06,0.015923817,4.8448936e-05,0.0014144252,0.002799406,1049111,0,0.17270572,0.33295155,0.002518339,0.0035245924,0.015596035,1.1754944e-38,0.0,0.0,0.0,0.0,1310996,1310996,6620172,197388,0,0,895,2,1,2,0,2,0,0,0,0,0,0,0
50684000,50684000,3.625101e-11,7.3873525e-06,0.016282227,4.340376e-05,0.0012789018,0.0026763582,1049111,0,0.17177089,0.33206913,0.00020900078,0.008272091,0.0053975205,1.1754944e-38,0.0,0.0,0.0,0.0,1310996,1310996,6620172,197388,0,0,895,2,1,2,0,2,0,0,0,0,0,0,0
50892000,50892000,3.0097976e-11,6.8818645e-06,0.0142016895,7.428356e-05,0.0017592197,0.0045808167,535,0,0.17312884,0.33250386,0.0016661612,0.007868123,0.03117417,0.0041338867,0.0,0.0,0.0,0.0,1310996,1310996,6620172,197388,0,0,895,2,1,2,0,2,0,0,0,0,0,0,0
51087000,51087000,3.0801348e-11,6.9190296e-06,0.014932897,7.154906e-05,0.0014568313,0.0048071523,535,0,0.1721366,0.3316545,0.006730399,0.0038900212,0.017173672,0.0043715024,0.0,0.0,0.0,0.0,1310996,1310996,6620172,197388,0,0,895,2,1,2,0,2,0,0,0,0,0,0,0
51292000,51292000,3.119496e-11,7.2146313e-06,0.01514336,5.533445e-05,0.0012331752,0.0033721593,535,0,0.17187062,0.33275098,1.8279374e-05,0.0053993748,0.008995384,0.000570935,0.0,0.0,0.0,0.0,1310996,1310996,6620172,197388,0,0,895,2,1,2,0,2,0,0,0,0,0,0,0
51495000,51495000,2.9042253e-11,7.104066e-06,0.015674645,5.4427008e-05,0.001976679,0.0051152464,535,0,0.1724413,0.3328055,0.00014803186,0.013479687,0.01137992,0.0048743743,0.0,0.0,0.0,0.0,1310996,1310996,6620172,197388,0,0,895,2,1,2,0,2,0,0,0,0,0,0,0
51695000,51695000,2.7879681e-11,7.030296e-06,0.016325958,5.1370782e-05,0.001734514,0.0053487713,535,0,0.17145942,0.33199903,0.004240447,0.007552581,0.026092418,0.0042298613,0.0,0.0,0.0,0.0,1310996,1310996,6620172,197388,0,0,895,2,1,2,0,2,0,0,0,0,0,0,0
