timestamp,time_utc_usec,lat,lon,alt,alt_ellipsoid,s_variance_m_s,c_variance_rad,eph,epv,hdop,vdop,noise_per_ms,jamming_indicator,vel_m_s,vel_n_m_s,vel_e_m_s,vel_d_m_s,cog_rad,timestamp_time_relative,heading,heading_offset,fix_type,jamming_state,vel_ned_valid,satellites_used,selected
5596000,1731399339078000,401540307,1162594861,49839,49839,0.25,0.5,0.29999998,0.39999998,0.0,0.0,0,0,0.0,0.0,0.0,0.0,0.0,0,nan,nan,3,0,1,15,0
5696000,1731399339178000,401540300,1162594851,49812,49812,0.25,0.5,0.29999998,0.39999998,0.0,0.0,0,0,0.01,-0.01,0.0,-0.01,0.0,0,nan,nan,3,0,1,15,0
5796000,1731399339278000,401540297,1162594854,49938,49938,0.25,0.5,0.29999998,0.39999998,0.0,0.0,0,0,0.01,0.0,0.0,-0.01,0.0,0,nan,nan,3,0,1,15,0
5895000,1731399339377000,401540304,1162594858,49936,49936,0.25,0.5,0.29999998,0.39999998,0.0,0.0,0,0,0.0,0.0,0.0,0.0,0.0,0,nan,nan,3,0,1,15,0
5996000,1731399339478000,401540308,1162594860,49837,49837,0.25,0.5,0.29999998,0.39999998,0.0,0.0,0,0,0.0,0.0,0.0,0.0,0.0,0,nan,nan,3,0,1,15,0
6095000,1731399339577000,401540307,1162594851,50008,50008,0.25,0.5,0.29999998,0.39999998,0.0,0.0,0,0,0.01,-0.01,0.0,0.01,0.0,0,nan,nan,3,0,1,15,0
6196000,1731399339678000,401540295,1162594850,49837,49837,0.25,0.5,0.29999998,0.39999998,0.0,0.0,0,0,0.01,0.0,0.0,0.0,0.0,0,nan,nan,3,0,1,15,0
6296000,1731399339778000,401540306,1162594855,49839,49839,0.25,0.5,0.29999998,0.39999998,0.0,0.0,0,0,0.0,0.0,0.0,0.01,0.0,0,nan,nan,3,0,1,15,0
6396000,1731399339878000,401540296,1162594862,50029,50029,0.25,0.5,0.29999998,0.39999998,0.0,0.0,0,0,0.01,-0.01,0.0,0.0,0.0,0,nan,nan,3,0,1,15,0
6496000,1731399339978000,401540300,1162594858,49885,49885,0.25,0.5,0.29999998,0.39999998,0.0,0.0,0,0,0.01,0.0,0.01,0.01,0.0,0,nan,nan,3,0,1,15,0
6596000,1731399340078000,401540297,1162594859,49867,49867,0.25,0.5,0.29999998,0.39999998,0.0,0.0,0,0,0.01,0.01,0.0,0.0,0.0,0,nan,nan,3,0,1,15,0
6696000,1731399340178000,401540299,1162594854,49974,49974,0.25,0.5,0.29999998,0.39999998,0.0,0.0,0,0,0.0,0.0,0.0,0.0,0.0,0,nan,nan,3,0,1,15,0
6795000,1731399340277000,401540305,1162594856,50013,50013,0.25,0.5,0.29999998,0.39999998,0.0,0.0,0,0,0.0,0.0,0.0,0.0,0.0,0,nan,nan,3,0,1,15,0
6896000,1731399340378000,401540306,1162594858,49885,49885,0.25,0.5,0.29999998,0.39999998,0.0,0.0,0,0,0.0,0.0,0.0,0.0,0.0,0,nan,nan,3,0,1,15,0
6995000,1731399340477000,401540307,1162594863,49821,49821,0.25,0.5,0.29999998,0.39999998,0.0,0.0,0,0,0.0,0.0,0.0,0.0,0.0,0,nan,nan,3,0,1,15,0
7096000,1731399340578000,401540294,1162594862,50048,50048,0.25,0.5,0.29999998,0.39999998,0.0,0.0,0,0,0.01,0.0,-0.01,0.01,0.0,0,nan,nan,3,0,1,15,0
7195000,1731399340677000,401540301,1162594849,49983,49983,0.25,0.5,0.29999998,0.39999998,0.0,0.0,0,0,0.0,0.0,0.0,0.0,0.0,0,nan,nan,3,0,1,15,0
7295000,1731399340777000,401540296,1162594850,49865,49865,0.25,0.5,0.29999998,0.39999998,0.0,0.0,0,0,0.0,0.0,0.0,-0.01,0.0,0,nan,nan,3,0,1,15,0
7396000,1731399340878000,401540299,1162594849,50017,50017,0.25,0.5,0.29999998,0.39999998,0.0,0.0,0,0,0.0,0.0,0.0,0.0,0.0,0,nan,nan,3,0,1,15,0
7495000,1731399340977000,401540304,1162594859,49983,49983,0.25,0.5,0.29999998,0.39999998,0.0,0.0,0,0,0.0,0.0,0.0,0.01,0.0,0,nan,nan,3,0,1,15,0
7596000,1731399341079000,401540303,1162594862,49858,49858,0.25,0.5,0.29999998,0.39999998,0.0,0.0,0,0,0.0,0.0,0.0,0.0,0.0,0,nan,nan,3,0,1,15,0
7700000,1731399341182000,401540304,1162594860,49944,49944,0.25,0.5,0.29999998,0.39999998,0.0,0.0,0,0,0.0,0.0,0.0,-0.01,0.0,0,nan,nan,3,0,1,15,0
7803000,1731399341286000,401540304,1162594859,49830,49830,0.25,0.5,0.29999998,0.39999998,0.0,0.0,0,0,0.0,0.0,0.0,-0.01,0.0,0,nan,nan,3,0,1,15,0
7903000,1731399341385000,401540301,1162594857,49924,49924,0.25,0.5,0.29999998,0.39999998,0.0,0.0,0,0,0.0,0.0,0.0,0.0,0.0,0,nan,nan,3,0,1,15,0
8004000,1731399341486000,401540307,1162594856,49812,49812,0.25,0.5,0.29999998,0.39999998,0.0,0.0,0,0,0.01,0.0,0.01,0.0,0.0,0,nan,nan,3,0,1,15,0
8105000,1731399341589000,401540297,1162594854,49989,49989,0.25,0.5,0.29999998,0.39999998,0.0,0.0,0,0,0.01,0.0,0.01,0.0,0.0,0,nan,nan,3,0,1,15,0
8208000,1731399341690000,401540300,1162594855,49917,49917,0.25,0.5,0.29999998,0.39999998,0.0,0.0,0,0,0.01,0.0,0.01,-0.01,0.0,0,nan,nan,3,0,1,15,0
8308000,1731399341790000,401540295,1162594860,49840,49840,0.25,0.5,0.29999998,0.39999998,0.0,0.0,0,0,0.01,0.0,0.01,0.0,0.0,0,nan,nan,3,0,1,15,0
8403000,1731399341890000,401540305,1162594854,49934,49934,0.25,0.5,0.29999998,0.39999998,0.0,0.0,0,0,0.01,-0.01,0.0,0.0,0.0,0,nan,nan,3,0,1,15,0
8507000,1731399341989000,401540295,1162594856,49894,49894,0.25,0.5,0.29999998,0.39999998,0.0,0.0,0,0,0.0,0.0,0.0,0.0,0.0,0,nan,nan,3,0,1,15,0
8608000,1731399342090000,401540301,1162594857,49913,49913,0.25,0.5,0.29999998,0.39999998,0.0,0.0,0,0,0.0,0.0,0.0,0.0,0.0,0,nan,nan,3,0,1,15,0
8708000,1731399342190000,401540304,1162594851,49924,49924,0.25,0.5,0.29999998,0.39999998,0.0,0.0,0,0,0.0,0.0,0.0,0.0,0.0,0,nan,nan,3,0,1,15,0
8807000,1731399342289000,401540304,1162594854,49908,49908,0.25,0.5,0.29999998,0.39999998,0.0,0.0,0,0,0.01,0.0,0.0,0.0,0.0,0,nan,nan,3,0,1,15,0
8908000,1731399342391000,401540301,1162594850,49975,49975,0.25,0.5,0.29999998,0.39999998,0.0,0.0,0,0,0.0,0.0,0.0,-0.01,0.0,0,nan,nan,3,0,1,15,0
9012000,1731399342494000,401540301,1162594858,49919,49919,0.25,0.5,0.29999998,0.39999998,0.0,0.0,0,0,0.0,0.0,0.0,0.0,0.0,0,nan,nan,3,0,1,15,0
9112000,1731399342594000,401540307,1162594850,49948,49948,0.25,0.5,0.29999998,0.39999998,0.0,0.0,0,0,0.0,0.0,0.0,0.01,0.0,0,nan,nan,3,0,1,15,0
9208000,1731399342693000,401540307,1162594850,49962,49962,0.25,0.5,0.29999998,0.39999998,0.0,0.0,0,0,0.0,0.0,0.0,0.0,0.0,0,nan,nan,3,0,1,15,0
9311000,1731399342794000,401540301,1162594859,49888,49888,0.25,0.5,0.29999998,0.39999998,0.0,0.0,0,0,0.0,0.0,0.0,-0.01,0.0,0,nan,nan,3,0,1,15,0
9412000,1731399342894000,401540297,1162594860,49965,49965,0.25,0.5,0.29999998,0.39999998,0.0,0.0,0,0,0.01,0.0,0.0,0.01,0.0,0,nan,nan,3,0,1,15,0
9512000,1731399342994000,401540297,1162594858,49939,49939,0.25,0.5,0.29999998,0.39999998,0.0,0.0,0,0,0.0,0.0,0.0,-0.01,0.0,0,nan,nan,3,0,1,15,0
9611000,1731399343093000,401540298,1162594857,49934,49934,0.25,0.5,0.29999998,0.39999998,0.0,0.0,0,0,0.01,-0.01,0.0,0.0,0.0,0,nan,nan,3,0,1,15,0
9712000,1731399343194000,401540299,1162594849,49947,49947,0.25,0.5,0.29999998,0.39999998,0.0,0.0,0,0,0.0,0.0,0.0,0.0,0.0,0,nan,nan,3,0,1,15,0
9812000,1731399343294000,401540304,1162594853,49841,49841,0.25,0.5,0.29999998,0.39999998,0.0,0.0,0,0,0.0,0.0,0.0,0.0,0.0,0,nan,nan,3,0,1,15,0
9911000,1731399343393000,401540308,1162594863,49971,49971,0.25,0.5,0.29999998,0.39999998,0.0,0.0,0,0,0.01,0.01,0.0,0.0,0.0,0,nan,nan,3,0,1,15,0
10013000,1731399343494000,401540306,1162594864,49996,49996,0.25,0.5,0.29999998,0.39999998,0.0,0.0,0,0,0.0,0.0,0.0,0.0,0.0,0,nan,nan,3,0,1,15,0
10112000,1731399343594000,401540307,1162594857,49842,49842,0.25,0.5,0.29999998,0.39999998,0.0,0.0,0,0,0.0,0.0,0.0,-0.02,0.0,0,nan,nan,3,0,1,15,0
10211000,1731399343694000,401540302,1162594856,50043,50043,0.25,0.5,0.29999998,0.39999998,0.0,0.0,0,0,0.0,0.0,0.0,0.01,0.0,0,nan,nan,3,0,1,15,0
10312000,1731399343794000,401540308,1162594860,49820,49820,0.25,0.5,0.29999998,0.39999998,0.0,0.0,0,0,0.0,0.0,0.0,0.0,0.0,0,nan,nan,3,0,1,15,0
10412000,1731399343894000,401540306,1162594849,49880,49880,0.25,0.5,0.29999998,0.39999998,0.0,0.0,0,0,0.0,0.0,0.0,0.01,0.0,0,nan,nan,3,0,1,15,0
10512000,1731399343994000,401540306,1162594857,49925,49925,0.25,0.5,0.29999998,0.39999998,0.0,0.0,0,0,0.0,0.0,0.0,0.01,0.0,0,nan,nan,3,0,1,15,0
10611000,1731399344093000,401540298,1162594864,49929,49929,0.25,0.5,0.29999998,0.39999998,0.0,0.0,0,0,0.01,0.01,0.0,-0.01,0.0,0,nan,nan,3,0,1,15,0
10711000,1731399344195000,401540302,1162594853,50046,50046,0.25,0.5,0.29999998,0.39999998,0.0,0.0,0,0,0.0,0.0,0.0,0.0,0.0,0,nan,nan,3,0,1,15,0
10811000,1731399344296000,401540297,1162594857,50037,50037,0.25,0.5,0.29999998,0.39999998,0.0,0.0,0,0,0.0,0.0,0.0,0.0,0.0,0,nan,nan,3,0,1,15,0
10913000,1731399344399000,401540308,1162594857,49998,49998,0.25,0.5,0.29999998,0.39999998,0.0,0.0,0,0,0.01,-0.01,0.0,0.0,0.0,0,nan,nan,3,0,1,15,0
11016000,1731399344501000,401540304,1162594858,49906,49906,0.25,0.5,0.29999998,0.39999998,0.0,0.0,0,0,0.0,0.0,0.0,0.02,0.0,0,nan,nan,3,0,1,15,0
11116000,1731399344601000,401540304,1162594851,50036,50036,0.25,0.5,0.29999998,0.39999998,0.0,0.0,0,0,0.0,0.0,0.0,0.0,0.0,0,nan,nan,3,0,1,15,0
11219000,1731399344702000,401540297,1162594860,49961,49961,0.25,0.5,0.29999998,0.39999998,0.0,0.0,0,0,0.0,0.0,0.0,0.0,0.0,0,nan,nan,3,0,1,15,0
11320000,1731399344802000,401540305,1162594854,49960,49960,0.25,0.5,0.29999998,0.39999998,0.0,0.0,0,0,0.0,0.0,0.0,0.0,0.0,0,nan,nan,3,0,1,15,0
11420000,1731399344905000,401540296,1162594859,49876,49876,0.25,0.5,0.29999998,0.39999998,0.0,0.0,0,0,0.0,0.0,0.0,0.0,0.0,0,nan,nan,3,0,1,15,0
11525000,1731399345006000,401540294,1162594851,50024,50024,0.25,0.5,0.29999998,0.39999998,0.0,0.0,0,0,0.0,0.0,0.0,-0.02,0.0,0,nan,nan,3,0,1,15,0
11623000,1731399345105000,401540308,1162594856,49982,49982,0.25,0.5,0.29999998,0.39999998,0.0,0.0,0,0,0.0,0.0,0.0,0.0,0.0,0,nan,nan,3,0,1,15,0
11723000,1731399345208000,401540299,1162594856,49888,49888,0.25,0.5,0.29999998,0.39999998,0.0,0.0,0,0,0.0,0.0,0.0,0.0,0.0,0,nan,nan,3,0,1,15,0
11827000,1731399345312000,401540299,1162594863,49955,49955,0.25,0.5,0.29999998,0.39999998,0.0,0.0,0,0,0.0,0.0,0.0,-0.01,0.0,0,nan,nan,3,0,1,15,0
11932000,1731399345413000,401540307,1162594853,49929,49929,0.25,0.5,0.29999998,0.39999998,0.0,0.0,0,0,0.0,0.0,0.0,0.0,0.0,0,nan,nan,3,0,1,15,0
12032000,1731399345514000,401540307,1162594859,49919,49919,0.25,0.5,0.29999998,0.39999998,0.0,0.0,0,0,0.0,0.0,0.0,0.0,0.0,0,nan,nan,3,0,1,15,0
12131000,1731399345613000,401540296,1162594855,49878,49878,0.25,0.5,0.29999998,0.39999998,0.0,0.0,0,0,0.0,0.0,0.0,0.0,0.0,0,nan,nan,3,0,1,15,0
12231000,1731399345714000,401540296,1162594861,49949,49949,0.25,0.5,0.29999998,0.39999998,0.0,0.0,0,0,0.0,0.0,0.0,-0.01,0.0,0,nan,nan,3,0,1,15,0
12332000,1731399345814000,401540303,1162594853,49884,49884,0.25,0.5,0.29999998,0.39999998,0.0,0.0,0,0,0.0,0.0,0.0,0.0,0.0,0,nan,nan,3,0,1,15,0
12432000,1731399345914000,401540304,1162594858,49855,49855,0.25,0.5,0.29999998,0.39999998,0.0,0.0,0,0,0.0,0.0,0.0,-0.01,0.0,0,nan,nan,3,0,1,15,0
12532000,1731399346014000,401540301,1162594859,49979,49979,0.25,0.5,0.29999998,0.39999998,0.0,0.0,0,0,0.0,0.0,0.0,0.01,0.0,0,nan,nan,3,0,1,15,0
12632000,1731399346114000,401540300,1162594853,49888,49888,0.25,0.5,0.29999998,0.39999998,0.0,0.0,0,0,0.0,0.0,0.0,0.0,0.0,0,nan,nan,3,0,1,15,0
12731000,1731399346214000,401540307,1162594854,49875,49875,0.25,0.5,0.29999998,0.39999998,0.0,0.0,0,0,0.0,0.0,0.0,-0.01,0.0,0,nan,nan,3,0,1,15,0
12833000,1731399346314000,401540295,1162594861,49879,49879,0.25,0.5,0.29999998,0.39999998,0.0,0.0,0,0,0.0,0.0,0.0,-0.01,0.0,0,nan,nan,3,0,1,15,0
12932000,1731399346414000,401540309,1162594861,49851,49851,0.25,0.5,0.29999998,0.39999998,0.0,0.0,0,0,0.0,0.0,0.0,-0.01,0.0,0,nan,nan,3,0,1,15,0
13031000,1731399346514000,401540305,1162594850,49922,49922,0.25,0.5,0.29999998,0.39999998,0.0,0.0,0,0,0.0,0.0,0.0,0.0,0.0,0,nan,nan,3,0,1,15,0
13132000,1731399346614000,401540298,1162594856,49877,49877,0.25,0.5,0.29999998,0.39999998,0.0,0.0,0,0,0.01,0.0,-0.01,-0.01,0.0,0,nan,nan,3,0,1,15,0
13232000,1731399346714000,401540302,1162594849,49831,49831,0.25,0.5,0.29999998,0.39999998,0.0,0.0,0,0,0.01,0.01,0.0,0.0,0.0,0,nan,nan,3,0,1,15,0
13332000,1731399346814000,401540295,1162594854,50024,50024,0.25,0.5,0.29999998,0.39999998,0.0,0.0,0,0,0.01,0.01,0.0,0.01,0.0,0,nan,nan,3,0,1,15,0
13430000,1731399346913000,401540295,1162594860,49985,49985,0.25,0.5,0.29999998,0.39999998,0.0,0.0,0,0,0.0,0.0,0.0,0.0,0.0,0,nan,nan,3,0,1,15,0
13532000,1731399347013000,401540305,1162594855,49977,49977,0.25,0.5,0.29999998,0.39999998,0.0,0.0,0,0,0.01,0.0,-0.01,0.0,0.0,0,nan,nan,3,0,1,15,0
13631000,1731399347113000,401540304,1162594860,49853,49853,0.25,0.5,0.29999998,0.39999998,0.0,0.0,0,0,0.0,0.0,0.0,-0.02,0.0,0,nan,nan,3,0,1,15,0
13729000,1731399347214000,401540302,1162594856,49905,49905,0.25,0.5,0.29999998,0.39999998,0.0,0.0,0,0,0.0,0.0,0.0,0.0,0.0,0,nan,nan,3,0,1,15,0
13833000,1731399347314000,401540295,1162594853,49862,49862,0.25,0.5,0.29999998,0.39999998,0.0,0.0,0,0,0.0,0.0,0.0,-0.02,0.0,0,nan,nan,3,0,1,15,0
13931000,1731399347414000,401540301,1162594852,49988,49988,0.25,0.5,0.29999998,0.39999998,0.0,0.0,0,0,0.0,0.0,0.0,0.0,0.0,0,nan,nan,3,0,1,15,0
14032000,1731399347514000,401540306,1162594858,49840,49840,0.25,0.5,0.29999998,0.39999998,0.0,0.0,0,0,0.0,0.0,0.0,0.0,0.0,0,nan,nan,3,0,1,15,0
14132000,1731399347614000,401540297,1162594859,50032,50032,0.25,0.5,0.29999998,0.39999998,0.0,0.0,0,0,0.0,0.0,0.0,0.0,0.0,0,nan,nan,3,0,1,15,0
14232000,1731399347714000,401540302,1162594861,49899,49899,0.25,0.5,0.29999998,0.39999998,0.0,0.0,0,0,0.0,0.0,0.0,0.0,0.0,0,nan,nan,3,0,1,15,0
14332000,1731399347813000,401540295,1162594852,49876,49876,0.25,0.5,0.29999998,0.39999998,0.0,0.0,0,0,0.0,0.0,0.0,0.0,0.0,0,nan,nan,3,0,1,15,0
14432000,1731399347915000,401540299,1162594858,49883,49883,0.25,0.5,0.29999998,0.39999998,0.0,0.0,0,0,0.0,0.0,0.0,0.0,0.0,0,nan,nan,3,0,1,15,0
14530000,1731399348013000,401540303,1162594851,49961,49961,0.25,0.5,0.29999998,0.39999998,0.0,0.0,0,0,0.0,0.0,0.0,0.0,0.0,0,nan,nan,3,0,1,15,0
14643000,1731399348126000,401540304,1162594857,49852,49852,0.25,0.5,0.29999998,0.39999998,0.0,0.0,0,0,0.0,0.0,0.0,0.0,0.0,0,nan,nan,3,0,1,15,0
14744000,1731399348225000,401540308,1162594855,49990,49990,0.25,0.5,0.29999998,0.39999998,0.0,0.0,0,0,0.0,0.0,0.0,-0.01,0.0,0,nan,nan,3,0,1,15,0
14845000,1731399348326000,401540298,1162594864,49838,49838,0.25,0.5,0.29999998,0.39999998,0.0,0.0,0,0,0.0,0.0,0.0,-0.01,0.0,0,nan,nan,3,0,1,15,0
14942000,1731399348425000,401540301,1162594855,49945,49945,0.25,0.5,0.29999998,0.39999998,0.0,0.0,0,0,0.0,0.0,0.0,0.0,0.0,0,nan,nan,3,0,1,15,0
15044000,1731399348526000,401540297,1162594852,49925,49925,0.25,0.5,0.29999998,0.39999998,0.0,0.0,0,0,0.0,0.0,0.0,0.0,0.0,0,nan,nan,3,0,1,15,0
15140000,1731399348626000,401540308,1162594863,49839,49839,0.25,0.5,0.29999998,0.39999998,0.0,0.0,0,0,0.0,0.0,0.0,0.0,0.0,0,nan,nan,3,0,1,15,0
15242000,1731399348725000,401540300,1162594853,50027,50027,0.25,0.5,0.29999998,0.39999998,0.0,0.0,0,0,0.01,0.0,-0.01,0.0,0.0,0,nan,nan,3,0,1,15,0
15340000,1731399348825000,401540302,1162594855,49858,49858,0.25,0.5,0.29999998,0.39999998,0.0,0.0,0,0,0.0,0.0,0.0,0.0,0.0,0,nan,nan,3,0,1,15,0
15439000,1731399348925000,401540298,1162594857,49862,49862,0.25,0.5,0.29999998,0.39999998,0.0,0.0,0,0,0.0,0.0,0.0,0.0,0.0,0,nan,nan,3,0,1,15,0
15545000,1731399349026000,401540300,1162594849,49829,49829,0.25,0.5,0.29999998,0.39999998,0.0,0.0,0,0,0.01,-0.01,0.0,0.0,0.0,0,nan,nan,3,0,1,15,0
15644000,1731399349125000,401540299,1162594863,49931,49931,0.25,0.5,0.29999998,0.39999998,0.0,0.0,0,0,0.0,0.0,0.0,-0.01,0.0,0,nan,nan,3,0,1,15,0
15744000,1731399349226000,401540295,1162594858,49929,49929,0.25,0.5,0.29999998,0.39999998,0.0,0.0,0,0,0.01,0.01,0.0,0.0,0.0,0,nan,nan,3,0,1,15,0
15825000,1731399349333000,401540296,1162594857,50005,50005,0.25,0.5,0.29999998,0.39999998,0.0,0.0,0,0,0.0,0.0,0.0,0.0,0.0,0,nan,nan,3,0,1,15,0
15952000,1731399349433000,401540304,1162594860,50034,50034,0.25,0.5,0.29999998,0.39999998,0.0,0.0,0,0,0.0,0.0,0.0,0.0,0.0,0,nan,nan,3,0,1,15,0
16043000,1731399349551000,401540296,1162594851,50024,50024,0.25,0.5,0.29999998,0.39999998,0.0,0.0,0,0,0.01,-0.01,0.0,0.0,0.0,0,nan,nan,3,0,1,15,0
16159000,1731399349641000,401540308,1162594863,49958,49958,0.25,0.5,0.29999998,0.39999998,0.0,0.0,0,0,0.0,0.0,0.0,0.0,0.0,0,nan,nan,3,0,1,15,0
16279000,1731399349761000,401540303,1162594850,49914,49914,0.25,0.5,0.29999998,0.39999998,0.0,0.0,0,0,0.01,-0.01,0.0,0.0,0.0,0,nan,nan,3,0,1,15,0
16364000,1731399349863000,401540302,1162594858,49890,49890,0.25,0.5,0.29999998,0.39999998,0.0,0.0,0,0,0.0,0.0,0.0,-0.01,0.0,0,nan,nan,3,0,1,15,0
16479000,1731399349961000,401540309,1162594849,49998,49998,0.25,0.5,0.29999998,0.39999998,0.0,0.0,0,0,0.0,0.0,0.0,0.0,0.0,0,nan,nan,3,0,1,15,0
16563000,1731399350063000,401540305,1162594855,49878,49878,0.25,0.5,0.29999998,0.39999998,0.0,0.0,0,0,0.0,0.0,0.0,-0.01,0.0,0,nan,nan,3,0,1,15,0
16683000,1731399350165000,401540304,1162594855,49959,49959,0.25,0.5,0.29999998,0.39999998,0.0,0.0,0,0,0.0,0.0,0.0,0.0,0.0,0,nan,nan,3,0,1,15,0
16784000,1731399350266000,401540308,1162594851,49925,49925,0.25,0.5,0.29999998,0.39999998,0.0,0.0,0,0,0.01,0.01,0.0,0.0,0.0,0,nan,nan,3,0,1,15,0
16885000,1731399350366000,401540300,1162594849,49941,49941,0.25,0.5,0.29999998,0.39999998,0.0,0.0,0,0,0.0,0.0,0.0,0.0,0.0,0,nan,nan,3,0,1,15,0
16984000,1731399350466000,401540304,1162594856,49863,49863,0.25,0.5,0.29999998,0.39999998,0.0,0.0,0,0,0.0,0.0,0.0,-0.02,0.0,0,nan,nan,3,0,1,15,0
17084000,1731399350570000,401540307,1162594854,50010,50010,0.25,0.5,0.29999998,0.39999998,0.0,0.0,0,0,0.0,0.0,0.0,-0.02,0.0,0,nan,nan,3,0,1,15,0
17183000,1731399350670000,401540300,1162594859,49880,49880,0.25,0.5,0.29999998,0.39999998,0.0,0.0,0,0,0.0,0.0,0.0,-0.03,0.0,0,nan,nan,3,0,1,15,0
17283000,1731399350769000,401540307,1162594851,49857,49857,0.25,0.5,0.29999998,0.39999998,0.0,0.0,0,0,0.0,0.0,0.0,-0.01,0.0,0,nan,nan,3,0,1,15,0
17387000,1731399350874000,401540299,1162594854,49825,49825,0.25,0.5,0.29999998,0.39999998,0.0,0.0,0,0,0.0,0.0,0.0,-0.01,0.0,0,nan,nan,3,0,1,15,0
17496000,1731399350978000,401540295,1162594855,50003,50003,0.25,0.5,0.29999998,0.39999998,0.0,0.0,0,0,0.0,0.0,0.0,0.0,0.0,0,nan,nan,3,0,1,15,0
17598000,1731399351081000,401540295,1162594852,49974,49974,0.25,0.5,0.29999998,0.39999998,0.0,0.0,0,0,0.0,0.0,0.0,0.0,0.0,0,nan,nan,3,0,1,15,0
17701000,1731399351186000,401540298,1162594850,49965,49965,0.25,0.5,0.29999998,0.39999998,0.0,0.0,0,0,0.0,0.0,0.0,0.0,0.0,0,nan,nan,3,0,1,15,0
17804000,1731399351286000,401540302,1162594854,49937,49937,0.25,0.5,0.29999998,0.39999998,0.0,0.0,0,0,0.0,0.0,0.0,0.0,0.0,0,nan,nan,3,0,1,15,0
17902000,1731399351386000,401540298,1162594859,49963,49963,0.25,0.5,0.29999998,0.39999998,0.0,0.0,0,0,0.0,0.0,0.0,0.0,0.0,0,nan,nan,3,0,1,15,0
18003000,1731399351486000,401540304,1162594849,49875,49875,0.25,0.5,0.29999998,0.39999998,0.0,0.0,0,0,0.0,0.0,0.0,0.0,0.0,0,nan,nan,3,0,1,15,0
18099000,1731399351586000,401540294,1162594855,49964,49964,0.25,0.5,0.29999998,0.39999998,0.0,0.0,0,0,0.0,0.0,0.0,0.0,0.0,0,nan,nan,3,0,1,15,0
18202000,1731399351685000,401540304,1162594855,49874,49874,0.25,0.5,0.29999998,0.39999998,0.0,0.0,0,0,0.0,0.0,0.0,0.0,0.0,0,nan,nan,3,0,1,15,0
18303000,1731399351786000,401540302,1162594859,49897,49897,0.25,0.5,0.29999998,0.39999998,0.0,0.0,0,0,0.0,0.0,0.0,0.0,0.0,0,nan,nan,3,0,1,15,0
18405000,1731399351886000,401540307,1162594856,49816,49816,0.25,0.5,0.29999998,0.39999998,0.0,0.0,0,0,0.0,0.0,0.0,0.0,0.0,0,nan,nan,3,0,1,15,0
18503000,1731399351989000,401540304,1162594856,49867,49867,0.25,0.5,0.29999998,0.39999998,0.0,0.0,0,0,0.0,0.0,0.0,0.0,0.0,0,nan,nan,3,0,1,15,0
18605000,1731399352090000,401540302,1162594854,49890,49890,0.25,0.5,0.29999998,0.39999998,0.0,0.0,0,0,0.01,0.0,-0.01,-0.01,0.0,0,nan,nan,3,0,1,15,0
18708000,1731399352190000,401540298,1162594855,49874,49874,0.25,0.5,0.29999998,0.39999998,0.0,0.0,0,0,0.0,0.0,0.0,0.0,0.0,0,nan,nan,3,0,1,15,0
18811000,1731399352293000,401540297,1162594851,49997,49997,0.25,0.5,0.29999998,0.39999998,0.0,0.0,0,0,0.01,0.0,0.0,0.01,0.0,0,nan,nan,3,0,1,15,0
18912000,1731399352394000,401540308,1162594853,49843,49843,0.25,0.5,0.29999998,0.39999998,0.0,0.0,0,0,0.0,0.0,0.0,0.0,0.0,0,nan,nan,3,0,1,15,0
19011000,1731399352493000,401540302,1162594850,49865,49865,0.25,0.5,0.29999998,0.39999998,0.0,0.0,0,0,0.01,-0.01,0.0,0.0,0.0,0,nan,nan,3,0,1,15,0
19112000,1731399352594000,401540308,1162594860,49896,49896,0.25,0.5,0.29999998,0.39999998,0.0,0.0,0,0,0.0,0.0,0.0,0.0,0.0,0,nan,nan,3,0,1,15,0
19212000,1731399352694000,401540306,1162594858,50043,50043,0.25,0.5,0.29999998,0.39999998,0.0,0.0,0,0,0.0,0.0,0.0,0.0,0.0,0,nan,nan,3,0,1,15,0
19312000,1731399352794000,401540303,1162594851,49920,49920,0.25,0.5,0.29999998,0.39999998,0.0,0.0,0,0,0.01,0.0,0.01,-0.01,0.0,0,nan,nan,3,0,1,15,0
19415000,1731399352894000,401540297,1162594854,50022,50022,0.25,0.5,0.29999998,0.39999998,0.0,0.0,0,0,0.0,0.0,0.0,0.0,0.0,0,nan,nan,3,0,1,15,0
19511000,1731399352993000,401540298,1162594857,49970,49970,0.25,0.5,0.29999998,0.39999998,0.0,0.0,0,0,0.01,0.0,0.0,0.0,0.0,0,nan,nan,3,0,1,15,0
19611000,1731399353094000,401540302,1162594851,49908,49908,0.25,0.5,0.29999998,0.39999998,0.0,0.0,0,0,0.0,0.0,0.0,0.0,0.0,0,nan,nan,3,0,1,15,0
19712000,1731399353194000,401540304,1162594856,49870,49870,0.25,0.5,0.29999998,0.39999998,0.0,0.0,0,0,0.01,-0.01,0.0,0.01,0.0,0,nan,nan,3,0,1,15,0
19810000,1731399353293000,401540299,1162594859,49869,49869,0.25,0.5,0.29999998,0.39999998,0.0,0.0,0,0,0.01,0.0,0.01,0.0,0.0,0,nan,nan,3,0,1,15,0
19911000,1731399353394000,401540305,1162594863,49839,49839,0.25,0.5,0.29999998,0.39999998,0.0,0.0,0,0,0.0,0.0,0.0,0.01,0.0,0,nan,nan,3,0,1,15,0
20012000,1731399353494000,401540301,1162594850,49942,49942,0.25,0.5,0.29999998,0.39999998,0.0,0.0,0,0,0.0,0.0,0.0,0.0,0.0,0,nan,nan,3,0,1,15,0
20110000,1731399353593000,401540303,1162594857,49898,49898,0.25,0.5,0.29999998,0.39999998,0.0,0.0,0,0,0.0,0.0,0.0,0.0,0.0,0,nan,nan,3,0,1,15,0
20216000,1731399353698000,401540307,1162594852,49882,49882,0.25,0.5,0.29999998,0.39999998,0.0,0.0,0,0,0.0,0.0,0.0,0.0,0.0,0,nan,nan,3,0,1,15,0
20316000,1731399353798000,401540302,1162594862,49867,49867,0.25,0.5,0.29999998,0.39999998,0.0,0.0,0,0,0.0,0.0,0.0,-0.03,0.0,0,nan,nan,3,0,1,15,0
20415000,1731399353897000,401540295,1162594853,49811,49811,0.25,0.5,0.29999998,0.39999998,0.0,0.0,0,0,0.01,-0.01,0.0,0.0,0.0,0,nan,nan,3,0,1,15,0
20516000,1731399353998000,401540298,1162594849,49925,49925,0.25,0.5,0.29999998,0.39999998,0.0,0.0,0,0,0.0,0.0,0.0,0.0,0.0,0,nan,nan,3,0,1,15,0
20616000,1731399354098000,401540298,1162594859,49993,49993,0.25,0.5,0.29999998,0.39999998,0.0,0.0,0,0,0.0,0.0,0.0,-0.01,0.0,0,nan,nan,3,0,1,15,0
20716000,1731399354198000,401540305,1162594857,49910,49910,0.25,0.5,0.29999998,0.39999998,0.0,0.0,0,0,0.01,0.0,0.0,-0.01,0.0,0,nan,nan,3,0,1,15,0
20815000,1731399354297000,401540296,1162594860,49929,49929,0.25,0.5,0.29999998,0.39999998,0.0,0.0,0,0,0.01,0.01,0.0,0.02,0.0,0,nan,nan,3,0,1,15,0
20916000,1731399354398000,401540306,1162594851,50010,50010,0.25,0.5,0.29999998,0.39999998,0.0,0.0,0,0,0.0,0.0,0.0,0.0,0.0,0,nan,nan,3,0,1,15,0
21016000,1731399354498000,401540295,1162594856,49884,49884,0.25,0.5,0.29999998,0.39999998,0.0,0.0,0,0,0.0,0.0,0.0,0.0,0.0,0,nan,nan,3,0,1,15,0
21116000,1731399354598000,401540297,1162594855,49917,49917,0.25,0.5,0.29999998,0.39999998,0.0,0.0,0,0,0.0,0.0,0.0,-0.01,0.0,0,nan,nan,3,0,1,15,0
21215000,1731399354697000,401540297,1162594853,49992,49992,0.25,0.5,0.29999998,0.39999998,0.0,0.0,0,0,0.0,0.0,0.0,-0.01,0.0,0,nan,nan,3,0,1,15,0
21316000,1731399354798000,401540306,1162594860,50035,50035,0.25,0.5,0.29999998,0.39999998,0.0,0.0,0,0,0.0,0.0,0.0,-0.01,0.0,0,nan,nan,3,0,1,15,0
21419000,1731399354901000,401540299,1162594855,49959,49959,0.25,0.5,0.29999998,0.39999998,0.0,0.0,0,0,0.0,0.0,0.0,0.0,0.0,0,nan,nan,3,0,1,15,0
21520000,1731399355002000,401540306,1162594849,49908,49908,0.25,0.5,0.29999998,0.39999998,0.0,0.0,0,0,0.0,0.0,0.0,0.01,0.0,0,nan,nan,3,0,1,15,0
21622000,1731399355105000,401540304,1162594854,49993,49993,0.25,0.5,0.29999998,0.39999998,0.0,0.0,0,0,0.0,0.0,0.0,0.02,0.0,0,nan,nan,3,0,1,15,0
21728000,1731399355210000,401540297,1162594853,49820,49820,0.25,0.5,0.29999998,0.39999998,0.0,0.0,0,0,0.0,0.0,0.0,0.0,0.0,0,nan,nan,3,0,1,15,0
21825000,1731399355310000,401540305,1162594857,49968,49968,0.25,0.5,0.29999998,0.39999998,0.0,0.0,0,0,0.0,0.0,0.0,0.0,0.0,0,nan,nan,3,0,1,15,0
21928000,1731399355410000,401540302,1162594854,49950,49950,0.25,0.5,0.29999998,0.39999998,0.0,0.0,0,0,0.01,-0.01,0.0,0.02,0.0,0,nan,nan,3,0,1,15,0
22027000,1731399355509000,401540306,1162594863,49864,49864,0.25,0.5,0.29999998,0.39999998,0.0,0.0,0,0,0.0,0.0,0.0,0.0,0.0,0,nan,nan,3,0,1,15,0
22125000,1731399355610000,401540298,1162594855,49901,49901,0.25,0.5,0.29999998,0.39999998,0.0,0.0,0,0,0.0,0.0,0.0,0.0,0.0,0,nan,nan,3,0,1,15,0
22228000,1731399355710000,401540304,1162594860,49951,49951,0.25,0.5,0.29999998,0.39999998,0.0,0.0,0,0,0.0,0.0,0.0,0.0,0.0,0,nan,nan,3,0,1,15,0
22328000,1731399355810000,401540306,1162594853,50047,50047,0.25,0.5,0.29999998,0.39999998,0.0,0.0,0,0,0.02,0.02,0.0,-0.02,0.0,0,nan,nan,3,0,1,15,0
22423000,1731399355908000,401540308,1162594859,50031,50031,0.25,0.5,0.29999998,0.39999998,0.0,0.0,0,0,0.01,0.01,0.0,-0.17999999,0.0,0,nan,nan,3,0,1,15,0
22525000,1731399356010000,401540297,1162594863,49958,49958,0.25,0.5,0.29999998,0.39999998,0.0,0.0,0,0,0.0,0.0,0.0,-0.29,0.0,0,nan,nan,3,0,1,15,0
22628000,1731399356110000,401540307,1162594863,50019,50019,0.25,0.5,0.29999998,0.39999998,0.0,0.0,0,0,0.01,0.0,0.0,-0.31,0.0,0,nan,nan,3,0,1,15,0
22728000,1731399356210000,401540309,1162594860,50091,50091,0.25,0.5,0.29999998,0.39999998,0.0,0.0,0,0,0.02,0.01,-0.01,-0.26999998,0.0,0,nan,nan,3,0,1,15,0
22831000,1731399356314000,401540303,1162594850,50176,50176,0.25,0.5,0.29999998,0.39999998,0.0,0.0,0,0,0.02,0.01,-0.01,-0.24,0.0,0,nan,nan,3,0,1,15,0
22932000,1731399356413000,401540310,1162594853,50037,50037,0.25,0.5,0.29999998,0.39999998,0.0,0.0,0,0,0.01,0.01,0.0,-0.26,0.0,0,nan,nan,3,0,1,15,0
23032000,1731399356514000,401540297,1162594859,50157,50157,0.25,0.5,0.29999998,0.39999998,0.0,0.0,0,0,0.01,0.01,0.0,-0.25,0.0,0,nan,nan,3,0,1,15,0
23131000,1731399356613000,401540305,1162594851,50259,50259,0.25,0.5,0.29999998,0.39999998,0.0,0.0,0,0,0.01,0.01,0.0,-0.26,0.0,0,nan,nan,3,0,1,15,0
23232000,1731399356714000,401540304,1162594852,50145,50145,0.25,0.5,0.29999998,0.39999998,0.0,0.0,0,0,0.01,0.01,0.0,-0.25,0.0,0,nan,nan,3,0,1,15,0
23332000,1731399356817000,401540305,1162594849,50185,50185,0.25,0.5,0.29999998,0.39999998,0.0,0.0,0,0,0.01,0.0,-0.01,-0.25,0.0,0,nan,nan,3,0,1,15,0
23435000,1731399356917000,401540308,1162594860,50227,50227,0.25,0.5,0.29999998,0.39999998,0.0,0.0,0,0,0.0,0.0,0.0,-0.25,0.0,0,nan,nan,3,0,1,15,0
23535000,1731399357017000,401540298,1162594853,50242,50242,0.25,0.5,0.29999998,0.39999998,0.0,0.0,0,0,0.0,0.0,0.0,-0.24,0.0,0,nan,nan,3,0,1,15,0
23633000,1731399357118000,401540306,1162594857,50295,50295,0.25,0.5,0.29999998,0.39999998,0.0,0.0,0,0,0.0,0.0,0.0,-0.24,0.0,0,nan,nan,3,0,1,15,0
23736000,1731399357218000,401540308,1162594862,50203,50203,0.25,0.5,0.29999998,0.39999998,0.0,0.0,0,0,0.01,0.0,-0.01,-0.21,0.0,0,nan,nan,3,0,1,15,0
23835000,1731399357317000,401540298,1162594852,50351,50351,0.25,0.5,0.29999998,0.39999998,0.0,0.0,0,0,0.01,0.0,-0.01,-0.24,0.0,0,nan,nan,3,0,1,15,0
23936000,1731399357418000,401540298,1162594859,50324,50324,0.25,0.5,0.29999998,0.39999998,0.0,0.0,0,0,0.01,0.0,-0.01,-0.22,0.0,0,nan,nan,3,0,1,15,0
24035000,1731399357517000,401540302,1162594858,50264,50264,0.25,0.5,0.29999998,0.39999998,0.0,0.0,0,0,0.0,0.0,0.0,-0.22,0.0,0,nan,nan,3,0,1,15,0
24136000,1731399357618000,401540307,1162594858,50272,50272,0.25,0.5,0.29999998,0.39999998,0.0,0.0,0,0,0.01,0.0,0.01,-0.22,0.0,0,nan,nan,3,0,1,15,0
24235000,1731399357718000,401540305,1162594853,50495,50495,0.25,0.5,0.29999998,0.39999998,0.0,0.0,0,0,0.02,-0.01,0.01,-0.21,0.0,0,nan,nan,3,0,1,15,0
24335000,1731399357818000,401540307,1162594854,50480,50480,0.25,0.5,0.29999998,0.39999998,0.0,0.0,0,0,0.01,0.0,0.01,-0.19999999,0.0,0,nan,nan,3,0,1,15,0
24435000,1731399357921000,401540305,1162594852,50375,50375,0.25,0.5,0.29999998,0.39999998,0.0,0.0,0,0,0.01,0.0,0.01,-0.17,0.0,0,nan,nan,3,0,1,15,0
24539000,1731399358021000,401540307,1162594856,50459,50459,0.25,0.5,0.29999998,0.39999998,0.0,0.0,0,0,0.0,0.0,0.0,-0.19,0.0,0,nan,nan,3,0,1,15,0
24640000,1731399358122000,401540309,1162594864,50587,50587,0.25,0.5,0.29999998,0.39999998,0.0,0.0,0,0,0.02,0.0,0.02,-0.19999999,0.0,0,nan,nan,3,0,1,15,0
24740000,1731399358222000,401540296,1162594863,50606,50606,0.25,0.5,0.29999998,0.39999998,0.0,0.0,0,0,0.01,0.0,0.01,-0.16,0.0,0,nan,nan,3,0,1,15,0
24839000,1731399358325000,401540299,1162594850,50437,50437,0.25,0.5,0.29999998,0.39999998,0.0,0.0,0,0,0.01,-0.01,0.0,-0.16,0.0,0,nan,nan,3,0,1,15,0
24943000,1731399358425000,401540306,1162594859,50432,50432,0.25,0.5,0.29999998,0.39999998,0.0,0.0,0,0,0.01,-0.01,0.0,-0.14999999,0.0,0,nan,nan,3,0,1,15,0
25044000,1731399358526000,401540295,1162594862,50513,50513,0.25,0.5,0.29999998,0.39999998,0.0,0.0,0,0,0.02,-0.02,0.0,-0.14,0.0,0,nan,nan,3,0,1,15,0
25139000,1731399358626000,401540298,1162594852,50584,50584,0.25,0.5,0.29999998,0.39999998,0.0,0.0,0,0,0.01,-0.01,0.0,-0.14,0.0,0,nan,nan,3,0,1,15,0
25244000,1731399358726000,401540301,1162594855,50581,50581,0.25,0.5,0.29999998,0.39999998,0.0,0.0,0,0,0.02,-0.01,-0.01,-0.14,0.0,0,nan,nan,3,0,1,15,0
25344000,1731399358826000,401540304,1162594861,50669,50669,0.25,0.5,0.29999998,0.39999998,0.0,0.0,0,0,0.01,-0.01,-0.01,-0.14999999,0.0,0,nan,nan,3,0,1,15,0
25444000,1731399358926000,401540306,1162594852,50605,50605,0.25,0.5,0.29999998,0.39999998,0.0,0.0,0,0,0.01,-0.01,-0.01,-0.14,0.0,0,nan,nan,3,0,1,15,0
25544000,1731399359026000,401540299,1162594850,50689,50689,0.25,0.5,0.29999998,0.39999998,0.0,0.0,0,0,0.02,-0.01,-0.01,-0.06,0.0,0,nan,nan,3,0,1,15,0
25643000,1731399359130000,401540294,1162594852,50587,50587,0.25,0.5,0.29999998,0.39999998,0.0,0.0,0,0,0.01,0.0,-0.01,0.13,0.0,0,nan,nan,3,0,1,15,0
25749000,1731399359230000,401540296,1162594861,50691,50691,0.25,0.5,0.29999998,0.39999998,0.0,0.0,0,0,0.01,-0.01,0.0,0.21,0.0,0,nan,nan,3,0,1,15,0
25848000,1731399359330000,401540295,1162594851,50627,50627,0.25,0.5,0.29999998,0.39999998,0.0,0.0,0,0,0.01,-0.01,0.0,0.14,0.0,0,nan,nan,3,0,1,15,0
25947000,1731399359430000,401540299,1162594855,50504,50504,0.25,0.5,0.29999998,0.39999998,0.0,0.0,0,0,0.0,0.0,0.0,0.07,0.0,0,nan,nan,3,0,1,15,0
26044000,1731399359530000,401540306,1162594858,50485,50485,0.25,0.5,0.29999998,0.39999998,0.0,0.0,0,0,0.0,0.0,0.0,0.04,0.0,0,nan,nan,3,0,1,15,0
26147000,1731399359630000,401540303,1162594850,50495,50495,0.25,0.5,0.29999998,0.39999998,0.0,0.0,0,0,0.0,0.0,0.0,0.01,0.0,0,nan,nan,3,0,1,15,0
26248000,1731399359730000,401540297,1162594863,50642,50642,0.25,0.5,0.29999998,0.39999998,0.0,0.0,0,0,0.0,0.0,0.0,0.02,0.0,0,nan,nan,3,0,1,15,0
26345000,1731399359829000,401540295,1162594858,50682,50682,0.25,0.5,0.29999998,0.39999998,0.0,0.0,0,0,0.01,0.0,0.01,0.02,0.0,0,nan,nan,3,0,1,15,0
26448000,1731399359929000,401540307,1162594855,50478,50478,0.25,0.5,0.29999998,0.39999998,0.0,0.0,0,0,0.01,0.01,0.0,0.04,0.0,0,nan,nan,3,0,1,15,0
26551000,1731399360033000,401540294,1162594850,50638,50638,0.25,0.5,0.29999998,0.39999998,0.0,0.0,0,0,0.0,0.0,0.0,0.02,0.0,0,nan,nan,3,0,1,15,0
26651000,1731399360133000,401540300,1162594855,50576,50576,0.25,0.5,0.29999998,0.39999998,0.0,0.0,0,0,0.0,0.0,0.0,0.02,0.0,0,nan,nan,3,0,1,15,0
26752000,1731399360234000,401540303,1162594852,50575,50575,0.25,0.5,0.29999998,0.39999998,0.0,0.0,0,0,0.01,0.01,0.0,0.01,0.0,0,nan,nan,3,0,1,15,0
26852000,1731399360333000,401540296,1162594856,50632,50632,0.25,0.5,0.29999998,0.39999998,0.0,0.0,0,0,0.0,0.0,0.0,0.01,0.0,0,nan,nan,3,0,1,15,0
26949000,1731399360434000,401540307,1162594852,50671,50671,0.25,0.5,0.29999998,0.39999998,0.0,0.0,0,0,0.01,0.0,0.0,0.0,0.0,0,nan,nan,3,0,1,15,0
27051000,1731399360534000,401540299,1162594863,50616,50616,0.25,0.5,0.29999998,0.39999998,0.0,0.0,0,0,0.02,0.02,0.0,-0.01,0.0,0,nan,nan,3,0,1,15,0
27152000,1731399360634000,401540297,1162594860,50504,50504,0.25,0.5,0.29999998,0.39999998,0.0,0.0,0,0,0.01,0.01,0.0,-0.01,0.0,0,nan,nan,3,0,1,15,0
27252000,1731399360734000,401540308,1162594857,50510,50510,0.25,0.5,0.29999998,0.39999998,0.0,0.0,0,0,0.01,0.01,0.01,-0.01,0.0,0,nan,nan,3,0,1,15,0
27351000,1731399360834000,401540302,1162594864,50483,50483,0.25,0.5,0.29999998,0.39999998,0.0,0.0,0,0,0.02,0.01,0.02,-0.03,0.0,0,nan,nan,3,0,1,15,0
27452000,1731399360934000,401540301,1162594855,50513,50513,0.25,0.5,0.29999998,0.39999998,0.0,0.0,0,0,0.01,0.01,0.0,-0.01,0.0,0,nan,nan,3,0,1,15,0
27552000,1731399361038000,401540306,1162594856,50550,50550,0.25,0.5,0.29999998,0.39999998,0.0,0.0,0,0,0.0,0.0,0.0,-0.01,0.0,0,nan,nan,3,0,1,15,0
27656000,1731399361138000,401540302,1162594854,50636,50636,0.25,0.5,0.29999998,0.39999998,0.0,0.0,0,0,0.0,0.0,0.0,-0.01,0.0,0,nan,nan,3,0,1,15,0
27756000,1731399361238000,401540297,1162594863,50645,50645,0.25,0.5,0.29999998,0.39999998,0.0,0.0,0,0,0.0,0.0,0.0,0.01,0.0,0,nan,nan,3,0,1,15,0
27856000,1731399361338000,401540307,1162594857,50685,50685,0.25,0.5,0.29999998,0.39999998,0.0,0.0,0,0,0.01,0.0,0.01,-0.02,0.0,0,nan,nan,3,0,1,15,0
27956000,1731399361438000,401540301,1162594857,50497,50497,0.25,0.5,0.29999998,0.39999998,0.0,0.0,0,0,0.01,0.01,0.0,0.0,0.0,0,nan,nan,3,0,1,15,0
28055000,1731399361537000,401540301,1162594864,50652,50652,0.25,0.5,0.29999998,0.39999998,0.0,0.0,0,0,0.01,0.01,0.0,-0.02,0.0,0,nan,nan,3,0,1,15,0
28156000,1731399361638000,401540306,1162594863,50481,50481,0.25,0.5,0.29999998,0.39999998,0.0,0.0,0,0,0.01,0.01,0.0,-0.04,0.0,0,nan,nan,3,0,1,15,0
28256000,1731399361738000,401540310,1162594856,50628,50628,0.25,0.5,0.29999998,0.39999998,0.0,0.0,0,0,0.0,0.0,0.0,-0.02,0.0,0,nan,nan,3,0,1,15,0
28356000,1731399361838000,401540299,1162594865,50661,50661,0.25,0.5,0.29999998,0.39999998,0.0,0.0,0,0,0.01,0.0,0.0,-0.02,0.0,0,nan,nan,3,0,1,15,0
28455000,1731399361937000,401540297,1162594864,50507,50507,0.25,0.5,0.29999998,0.39999998,0.0,0.0,0,0,0.01,0.0,0.0,-0.01,0.0,0,nan,nan,3,0,1,15,0
28557000,1731399362038000,401540299,1162594860,50578,50578,0.25,0.5,0.29999998,0.39999998,0.0,0.0,0,0,0.0,0.0,0.0,-0.03,0.0,0,nan,nan,3,0,1,15,0
28656000,1731399362138000,401540311,1162594859,50657,50657,0.25,0.5,0.29999998,0.39999998,0.0,0.0,0,0,0.0,0.0,0.0,0.0,0.0,0,nan,nan,3,0,1,15,0
28756000,1731399362238000,401540309,1162594860,50496,50496,0.25,0.5,0.29999998,0.39999998,0.0,0.0,0,0,0.0,0.0,0.0,-0.01,0.0,0,nan,nan,3,0,1,15,0
28858000,1731399362341000,401540310,1162594856,50623,50623,0.25,0.5,0.29999998,0.39999998,0.0,0.0,0,0,0.0,0.0,0.0,-0.04,0.0,0,nan,nan,3,0,1,15,0
28959000,1731399362441000,401540300,1162594852,50592,50592,0.25,0.5,0.29999998,0.39999998,0.0,0.0,0,0,0.01,-0.01,0.0,-0.03,0.0,0,nan,nan,3,0,1,15,0
29060000,1731399362542000,401540308,1162594855,50610,50610,0.25,0.5,0.29999998,0.39999998,0.0,0.0,0,0,0.01,0.0,-0.01,-0.02,0.0,0,nan,nan,3,0,1,15,0
29160000,1731399362642000,401540306,1162594856,50642,50642,0.25,0.5,0.29999998,0.39999998,0.0,0.0,0,0,0.01,0.0,-0.01,-0.01,0.0,0,nan,nan,3,0,1,15,0
29260000,1731399362742000,401540299,1162594862,50499,50499,0.25,0.5,0.29999998,0.39999998,0.0,0.0,0,0,0.03,0.0,-0.02,0.0,0.0,0,nan,nan,3,0,1,15,0
29360000,1731399362842000,401540299,1162594864,50562,50562,0.25,0.5,0.29999998,0.39999998,0.0,0.0,0,0,0.01,0.0,-0.01,-0.01,0.0,0,nan,nan,3,0,1,15,0
29459000,1731399362941000,401540299,1162594859,50671,50671,0.25,0.5,0.29999998,0.39999998,0.0,0.0,0,0,0.0,0.0,0.0,0.0,0.0,0,nan,nan,3,0,1,15,0
29560000,1731399363042000,401540310,1162594858,50509,50509,0.25,0.5,0.29999998,0.39999998,0.0,0.0,0,0,0.02,0.0,-0.02,-0.01,0.0,0,nan,nan,3,0,1,15,0
29660000,1731399363143000,401540309,1162594859,50605,50605,0.25,0.5,0.29999998,0.39999998,0.0,0.0,0,0,0.01,0.0,-0.01,0.0,0.0,0,nan,nan,3,0,1,15,0
29763000,1731399363245000,401540309,1162594860,50645,50645,0.25,0.5,0.29999998,0.39999998,0.0,0.0,0,0,0.01,0.0,-0.01,-0.01,0.0,0,nan,nan,3,0,1,15,0
29863000,1731399363345000,401540297,1162594860,50649,50649,0.25,0.5,0.29999998,0.39999998,0.0,0.0,0,0,0.0,0.0,0.0,0.0,0.0,0,nan,nan,3,0,1,15,0
29960000,1731399363446000,401540300,1162594857,50685,50685,0.25,0.5,0.29999998,0.39999998,0.0,0.0,0,0,0.01,0.0,-0.01,0.0,0.0,0,nan,nan,3,0,1,15,0
30063000,1731399363545000,401540298,1162594850,50619,50619,0.25,0.5,0.29999998,0.39999998,0.0,0.0,0,0,0.01,0.0,0.0,0.0,0.0,0,nan,nan,3,0,1,15,0
30162000,1731399363645000,401540309,1162594860,50720,50720,0.25,0.5,0.29999998,0.39999998,0.0,0.0,0,0,0.01,0.0,0.0,0.0,0.0,0,nan,nan,3,0,1,15,0
30265000,1731399363746000,401540303,1162594848,50651,50651,0.25,0.5,0.29999998,0.39999998,0.0,0.0,0,0,0.01,0.0,-0.01,0.0,0.0,0,nan,nan,3,0,1,15,0
30364000,1731399363846000,401540310,1162594848,50552,50552,0.25,0.5,0.29999998,0.39999998,0.0,0.0,0,0,0.01,-0.01,-0.01,0.0,0.0,0,nan,nan,3,0,1,15,0
30465000,1731399363946000,401540298,1162594847,50498,50498,0.25,0.5,0.29999998,0.39999998,0.0,0.0,0,0,0.02,-0.01,-0.01,-0.01,0.0,0,nan,nan,3,0,1,15,0
30565000,1731399364046000,401540308,1162594850,50583,50583,0.25,0.5,0.29999998,0.39999998,0.0,0.0,0,0,0.01,0.0,-0.01,-0.01,0.0,0,nan,nan,3,0,1,15,0
30663000,1731399364149000,401540296,1162594848,50542,50542,0.25,0.5,0.29999998,0.39999998,0.0,0.0,0,0,0.01,-0.01,0.0,0.0,0.0,0,nan,nan,3,0,1,15,0
30767000,1731399364249000,401540310,1162594858,50626,50626,0.25,0.5,0.29999998,0.39999998,0.0,0.0,0,0,0.02,-0.01,-0.02,0.0,0.0,0,nan,nan,3,0,1,15,0
30867000,1731399364349000,401540310,1162594852,50580,50580,0.25,0.5,0.29999998,0.39999998,0.0,0.0,0,0,0.01,0.0,-0.01,0.0,0.0,0,nan,nan,3,0,1,15,0
30967000,1731399364449000,401540296,1162594853,50507,50507,0.25,0.5,0.29999998,0.39999998,0.0,0.0,0,0,0.02,-0.02,-0.01,0.0,0.0,0,nan,nan,3,0,1,15,0
31068000,1731399364553000,401540300,1162594856,50643,50643,0.25,0.5,0.29999998,0.39999998,0.0,0.0,0,0,0.0,0.0,0.0,0.0,0.0,0,nan,nan,3,0,1,15,0
31170000,1731399364653000,401540297,1162594860,50624,50624,0.25,0.5,0.29999998,0.39999998,0.0,0.0,0,0,0.01,-0.01,0.0,0.0,0.0,0,nan,nan,3,0,1,15,0
31272000,1731399364753000,401540309,1162594849,50616,50616,0.25,0.5,0.29999998,0.39999998,0.0,0.0,0,0,0.02,-0.01,0.01,0.01,0.0,0,nan,nan,3,0,1,15,0
31372000,1731399364854000,401540302,1162594856,50699,50699,0.25,0.5,0.29999998,0.39999998,0.0,0.0,0,0,0.02,-0.02,0.0,0.0,0.0,0,nan,nan,3,0,1,15,0
31471000,1731399364953000,401540294,1162594855,50568,50568,0.25,0.5,0.29999998,0.39999998,0.0,0.0,0,0,0.03,-0.02,0.01,-0.02,0.0,0,nan,nan,3,0,1,15,0
31571000,1731399365053000,401540305,1162594860,50504,50504,0.25,0.5,0.29999998,0.39999998,0.0,0.0,0,0,0.02,0.0,0.02,0.0,0.0,0,nan,nan,3,0,1,15,0
31671000,1731399365154000,401540301,1162594855,50711,50711,0.25,0.5,0.29999998,0.39999998,0.0,0.0,0,0,0.02,0.0,0.02,-0.01,0.0,0,nan,nan,3,0,1,15,0
31769000,1731399365254000,401540298,1162594850,50698,50698,0.25,0.5,0.29999998,0.39999998,0.0,0.0,0,0,0.02,-0.01,0.02,-0.02,0.0,0,nan,nan,3,0,1,15,0
31871000,1731399365353000,401540307,1162594852,50674,50674,0.25,0.5,0.29999998,0.39999998,0.0,0.0,0,0,0.01,-0.01,0.01,0.0,0.0,0,nan,nan,3,0,1,15,0
31972000,1731399365454000,401540304,1162594862,50502,50502,0.25,0.5,0.29999998,0.39999998,0.0,0.0,0,0,0.01,0.0,0.01,0.0,0.0,0,nan,nan,3,0,1,15,0
32072000,1731399365554000,401540300,1162594861,50628,50628,0.25,0.5,0.29999998,0.39999998,0.0,0.0,0,0,0.01,0.0,0.01,0.0,0.0,0,nan,nan,3,0,1,15,0
32171000,1731399365653000,401540294,1162594852,50709,50709,0.25,0.5,0.29999998,0.39999998,0.0,0.0,0,0,0.02,-0.01,0.02,-0.01,0.0,0,nan,nan,3,0,1,15,0
32272000,1731399365754000,401540299,1162594858,50502,50502,0.25,0.5,0.29999998,0.39999998,0.0,0.0,0,0,0.01,0.0,0.01,-0.01,0.0,0,nan,nan,3,0,1,15,0
32368000,1731399365854000,401540302,1162594853,50671,50671,0.25,0.5,0.29999998,0.39999998,0.0,0.0,0,0,0.0,0.0,0.0,0.0,0.0,0,nan,nan,3,0,1,15,0
32471000,1731399365954000,401540297,1162594849,50531,50531,0.25,0.5,0.29999998,0.39999998,0.0,0.0,0,0,0.0,0.0,0.0,-0.01,0.0,0,nan,nan,3,0,1,15,0
32575000,1731399366056000,401540298,1162594856,50659,50659,0.25,0.5,0.29999998,0.39999998,0.0,0.0,0,0,0.0,0.0,0.0,0.0,0.0,0,nan,nan,3,0,1,15,0
32675000,1731399366157000,401540301,1162594851,50658,50658,0.25,0.5,0.29999998,0.39999998,0.0,0.0,0,0,0.0,0.0,0.0,0.01,0.0,0,nan,nan,3,0,1,15,0
32776000,1731399366263000,401540304,1162594861,50679,50679,0.25,0.5,0.29999998,0.39999998,0.0,0.0,0,0,0.01,0.01,0.0,-0.01,0.0,0,nan,nan,3,0,1,15,0
32884000,1731399366366000,401540297,1162594850,50513,50513,0.25,0.5,0.29999998,0.39999998,0.0,0.0,0,0,0.0,0.0,0.0,0.01,0.0,0,nan,nan,3,0,1,15,0
32984000,1731399366466000,401540297,1162594856,50725,50725,0.25,0.5,0.29999998,0.39999998,0.0,0.0,0,0,0.0,0.0,0.0,0.01,0.0,0,nan,nan,3,0,1,15,0
33084000,1731399366564000,401540299,1162594858,50514,50514,0.25,0.5,0.29999998,0.39999998,0.0,0.0,0,0,0.01,0.01,0.0,0.0,0.0,0,nan,nan,3,0,1,15,0
33184000,1731399366666000,401540307,1162594852,50598,50598,0.25,0.5,0.29999998,0.39999998,0.0,0.0,0,0,0.01,0.0,0.0,-0.01,0.0,0,nan,nan,3,0,1,15,0
33283000,1731399366766000,401540301,1162594857,50596,50596,0.25,0.5,0.29999998,0.39999998,0.0,0.0,0,0,0.01,0.01,0.01,0.0,0.0,0,nan,nan,3,0,1,15,0
33384000,1731399366866000,401540296,1162594856,50635,50635,0.25,0.5,0.29999998,0.39999998,0.0,0.0,0,0,0.01,0.0,0.01,0.0,0.0,0,nan,nan,3,0,1,15,0
33484000,1731399366966000,401540306,1162594857,50733,50733,0.25,0.5,0.29999998,0.39999998,0.0,0.0,0,0,0.01,0.0,0.01,0.0,0.0,0,nan,nan,3,0,1,15,0
33585000,1731399367066000,401540297,1162594858,50709,50709,0.25,0.5,0.29999998,0.39999998,0.0,0.0,0,0,0.02,0.01,0.02,0.0,0.0,0,nan,nan,3,0,1,15,0
33685000,1731399367166000,401540308,1162594851,50599,50599,0.25,0.5,0.29999998,0.39999998,0.0,0.0,0,0,0.02,0.01,0.01,0.01,0.0,0,nan,nan,3,0,1,15,0
33785000,1731399367266000,401540309,1162594860,50533,50533,0.25,0.5,0.29999998,0.39999998,0.0,0.0,0,0,0.02,0.01,0.01,0.01,0.0,0,nan,nan,3,0,1,15,0
33882000,1731399367365000,401540301,1162594865,50714,50714,0.25,0.5,0.29999998,0.39999998,0.0,0.0,0,0,0.02,0.01,0.01,0.0,0.0,0,nan,nan,3,0,1,15,0
33985000,1731399367466000,401540304,1162594856,50699,50699,0.25,0.5,0.29999998,0.39999998,0.0,0.0,0,0,0.02,0.02,0.0,-0.01,0.0,0,nan,nan,3,0,1,15,0
34083000,1731399367565000,401540306,1162594860,50673,50673,0.25,0.5,0.29999998,0.39999998,0.0,0.0,0,0,0.02,0.01,0.02,-0.02,0.0,0,nan,nan,3,0,1,15,0
34183000,1731399367665000,401540299,1162594866,50685,50685,0.25,0.5,0.29999998,0.39999998,0.0,0.0,0,0,0.02,0.01,0.01,-0.03,0.0,0,nan,nan,3,0,1,15,0
34283000,1731399367766000,401540309,1162594856,50603,50603,0.25,0.5,0.29999998,0.39999998,0.0,0.0,0,0,0.03,0.01,0.03,0.0,0.0,0,nan,nan,3,0,1,15,0
34385000,1731399367866000,401540303,1162594852,50730,50730,0.25,0.5,0.29999998,0.39999998,0.0,0.0,0,0,0.01,0.01,0.01,0.0,0.0,0,nan,nan,3,0,1,15,0
34483000,1731399367965000,401540301,1162594863,50562,50562,0.25,0.5,0.29999998,0.39999998,0.0,0.0,0,0,0.02,0.0,0.02,-0.01,0.0,0,nan,nan,3,0,1,15,0
34584000,1731399368066000,401540301,1162594861,50567,50567,0.25,0.5,0.29999998,0.39999998,0.0,0.0,0,0,0.0,0.0,0.0,0.0,0.0,0,nan,nan,3,0,1,15,0
34684000,1731399368166000,401540307,1162594862,50691,50691,0.25,0.5,0.29999998,0.39999998,0.0,0.0,0,0,0.0,0.0,0.0,0.0,0.0,0,nan,nan,3,0,1,15,0
34783000,1731399368265000,401540296,1162594856,50741,50741,0.25,0.5,0.29999998,0.39999998,0.0,0.0,0,0,0.01,0.0,0.0,-0.01,0.0,0,nan,nan,3,0,1,15,0
34880000,1731399368364000,401540307,1162594866,50705,50705,0.25,0.5,0.29999998,0.39999998,0.0,0.0,0,0,0.0,0.0,0.0,0.0,0.0,0,nan,nan,3,0,1,15,0
34981000,1731399368466000,401540306,1162594853,50585,50585,0.25,0.5,0.29999998,0.39999998,0.0,0.0,0,0,0.0,0.0,0.0,0.01,0.0,0,nan,nan,3,0,1,15,0
35085000,1731399368566000,401540296,1162594861,50730,50730,0.25,0.5,0.29999998,0.39999998,0.0,0.0,0,0,0.0,0.0,0.0,0.0,0.0,0,nan,nan,3,0,1,15,0
35183000,1731399368665000,401540295,1162594856,50533,50533,0.25,0.5,0.29999998,0.39999998,0.0,0.0,0,0,0.01,0.0,0.0,0.0,0.0,0,nan,nan,3,0,1,15,0
35284000,1731399368766000,401540302,1162594858,50660,50660,0.25,0.5,0.29999998,0.39999998,0.0,0.0,0,0,0.0,0.0,0.0,-0.01,0.0,0,nan,nan,3,0,1,15,0
35383000,1731399368866000,401540302,1162594865,50730,50730,0.25,0.5,0.29999998,0.39999998,0.0,0.0,0,0,0.01,-0.01,0.0,0.0,0.0,0,nan,nan,3,0,1,15,0
35483000,1731399368966000,401540306,1162594854,50665,50665,0.25,0.5,0.29999998,0.39999998,0.0,0.0,0,0,0.01,-0.01,-0.01,0.0,0.0,0,nan,nan,3,0,1,15,0
35585000,1731399369066000,401540296,1162594863,50745,50745,0.25,0.5,0.29999998,0.39999998,0.0,0.0,0,0,0.0,0.0,0.0,0.01,0.0,0,nan,nan,3,0,1,15,0
35679000,1731399369166000,401540304,1162594852,50564,50564,0.25,0.5,0.29999998,0.39999998,0.0,0.0,0,0,0.0,0.0,0.0,0.0,0.0,0,nan,nan,3,0,1,15,0
35785000,1731399369266000,401540303,1162594864,50582,50582,0.25,0.5,0.29999998,0.39999998,0.0,0.0,0,0,0.01,0.0,-0.01,-0.01,0.0,0,nan,nan,3,0,1,15,0
35884000,1731399369366000,401540296,1162594865,50532,50532,0.25,0.5,0.29999998,0.39999998,0.0,0.0,0,0,0.01,0.0,0.0,0.01,0.0,0,nan,nan,3,0,1,15,0
35985000,1731399369466000,401540299,1162594861,50586,50586,0.25,0.5,0.29999998,0.39999998,0.0,0.0,0,0,0.01,0.0,-0.01,0.0,0.0,0,nan,nan,3,0,1,15,0
36080000,1731399369566000,401540302,1162594864,50580,50580,0.25,0.5,0.29999998,0.39999998,0.0,0.0,0,0,0.01,0.0,0.0,-0.01,0.0,0,nan,nan,3,0,1,15,0
36184000,1731399369666000,401540308,1162594860,50702,50702,0.25,0.5,0.29999998,0.39999998,0.0,0.0,0,0,0.01,0.01,-0.01,0.0,0.0,0,nan,nan,3,0,1,15,0
36283000,1731399369765000,401540307,1162594858,50512,50512,0.25,0.5,0.29999998,0.39999998,0.0,0.0,0,0,0.02,0.0,-0.02,0.0,0.0,0,nan,nan,3,0,1,15,0
36382000,1731399369866000,401540304,1162594859,50684,50684,0.25,0.5,0.29999998,0.39999998,0.0,0.0,0,0,0.02,0.0,-0.02,-0.01,0.0,0,nan,nan,3,0,1,15,0
36483000,1731399369966000,401540297,1162594864,50642,50642,0.25,0.5,0.29999998,0.39999998,0.0,0.0,0,0,0.01,0.0,-0.01,0.01,0.0,0,nan,nan,3,0,1,15,0
36580000,1731399370064000,401540299,1162594859,50584,50584,0.25,0.5,0.29999998,0.39999998,0.0,0.0,0,0,0.01,0.0,-0.01,0.0,0.0,0,nan,nan,3,0,1,15,0
36685000,1731399370166000,401540297,1162594859,50537,50537,0.25,0.5,0.29999998,0.39999998,0.0,0.0,0,0,0.02,0.0,-0.02,0.01,0.0,0,nan,nan,3,0,1,15,0
36784000,1731399370266000,401540303,1162594856,50630,50630,0.25,0.5,0.29999998,0.39999998,0.0,0.0,0,0,0.03,0.0,-0.03,0.0,0.0,0,nan,nan,3,0,1,15,0
36885000,1731399370366000,401540305,1162594863,50655,50655,0.25,0.5,0.29999998,0.39999998,0.0,0.0,0,0,0.01,0.0,0.0,0.0,0.0,0,nan,nan,3,0,1,15,0
36982000,1731399370465000,401540310,1162594864,50612,50612,0.25,0.5,0.29999998,0.39999998,0.0,0.0,0,0,0.01,0.0,-0.01,0.0,0.0,0,nan,nan,3,0,1,15,0
37084000,1731399370566000,401540299,1162594852,50529,50529,0.25,0.5,0.29999998,0.39999998,0.0,0.0,0,0,0.02,0.0,-0.02,0.01,0.0,0,nan,nan,3,0,1,15,0
37184000,1731399370666000,401540299,1162594864,50654,50654,0.25,0.5,0.29999998,0.39999998,0.0,0.0,0,0,0.01,0.0,-0.01,0.01,0.0,0,nan,nan,3,0,1,15,0
37280000,1731399370767000,401540308,1162594862,50644,50644,0.25,0.5,0.29999998,0.39999998,0.0,0.0,0,0,0.01,0.0,-0.01,0.01,0.0,0,nan,nan,3,0,1,15,0
37387000,1731399370870000,401540299,1162594860,50682,50682,0.25,0.5,0.29999998,0.39999998,0.0,0.0,0,0,0.01,0.0,-0.01,0.0,0.0,0,nan,nan,3,0,1,15,0
37483000,1731399370970000,401540297,1162594858,50517,50517,0.25,0.5,0.29999998,0.39999998,0.0,0.0,0,0,0.01,0.01,-0.01,0.0,0.0,0,nan,nan,3,0,1,15,0
37587000,1731399371069000,401540299,1162594850,50568,50568,0.25,0.5,0.29999998,0.39999998,0.0,0.0,0,0,0.01,0.0,-0.01,0.0,0.0,0,nan,nan,3,0,1,15,0
37685000,1731399371170000,401540299,1162594849,50606,50606,0.25,0.5,0.29999998,0.39999998,0.0,0.0,0,0,0.01,0.0,-0.01,-0.01,0.0,0,nan,nan,3,0,1,15,0
37785000,1731399371270000,401540308,1162594848,50668,50668,0.25,0.5,0.29999998,0.39999998,0.0,0.0,0,0,0.01,0.0,-0.01,0.0,0.0,0,nan,nan,3,0,1,15,0
37885000,1731399371370000,401540302,1162594850,50525,50525,0.25,0.5,0.29999998,0.39999998,0.0,0.0,0,0,0.01,0.01,-0.01,-0.01,0.0,0,nan,nan,3,0,1,15,0
37988000,1731399371472000,401540311,1162594855,50727,50727,0.25,0.5,0.29999998,0.39999998,0.0,0.0,0,0,0.01,0.0,-0.01,-0.01,0.0,0,nan,nan,3,0,1,15,0
38092000,1731399371574000,401540309,1162594853,50561,50561,0.25,0.5,0.29999998,0.39999998,0.0,0.0,0,0,0.02,0.01,-0.01,-0.01,0.0,0,nan,nan,3,0,1,15,0
38191000,1731399371673000,401540304,1162594848,50640,50640,0.25,0.5,0.29999998,0.39999998,0.0,0.0,0,0,0.01,0.01,0.0,0.0,0.0,0,nan,nan,3,0,1,15,0
38291000,1731399371774000,401540299,1162594860,50625,50625,0.25,0.5,0.29999998,0.39999998,0.0,0.0,0,0,0.01,0.0,-0.01,0.02,0.0,0,nan,nan,3,0,1,15,0
38392000,1731399371874000,401540303,1162594860,50568,50568,0.25,0.5,0.29999998,0.39999998,0.0,0.0,0,0,0.01,0.01,0.0,0.0,0.0,0,nan,nan,3,0,1,15,0
38492000,1731399371974000,401540310,1162594850,50527,50527,0.25,0.5,0.29999998,0.39999998,0.0,0.0,0,0,0.0,0.0,0.0,0.0,0.0,0,nan,nan,3,0,1,15,0
38592000,1731399372074000,401540301,1162594860,50723,50723,0.25,0.5,0.29999998,0.39999998,0.0,0.0,0,0,0.0,0.0,0.0,0.01,0.0,0,nan,nan,3,0,1,15,0
38691000,1731399372173000,401540306,1162594854,50573,50573,0.25,0.5,0.29999998,0.39999998,0.0,0.0,0,0,0.01,-0.01,0.0,-0.01,0.0,0,nan,nan,3,0,1,15,0
38791000,1731399372274000,401540309,1162594848,50653,50653,0.25,0.5,0.29999998,0.39999998,0.0,0.0,0,0,0.01,0.0,0.01,0.0,0.0,0,nan,nan,3,0,1,15,0
38892000,1731399372374000,401540307,1162594857,50606,50606,0.25,0.5,0.29999998,0.39999998,0.0,0.0,0,0,0.0,0.0,0.0,0.0,0.0,0,nan,nan,3,0,1,15,0
38991000,1731399372473000,401540297,1162594849,50697,50697,0.25,0.5,0.29999998,0.39999998,0.0,0.0,0,0,0.01,0.0,0.01,0.02,0.0,0,nan,nan,3,0,1,15,0
39092000,1731399372578000,401540298,1162594860,50574,50574,0.25,0.5,0.29999998,0.39999998,0.0,0.0,0,0,0.0,0.0,0.0,0.01,0.0,0,nan,nan,3,0,1,15,0
39196000,1731399372678000,401540303,1162594853,50499,50499,0.25,0.5,0.29999998,0.39999998,0.0,0.0,0,0,0.01,0.0,0.01,0.0,0.0,0,nan,nan,3,0,1,15,0
39296000,1731399372778000,401540310,1162594855,50576,50576,0.25,0.5,0.29999998,0.39999998,0.0,0.0,0,0,0.01,0.0,0.01,0.01,0.0,0,nan,nan,3,0,1,15,0
39396000,1731399372880000,401540311,1162594859,50674,50674,0.25,0.5,0.29999998,0.39999998,0.0,0.0,0,0,0.01,-0.01,0.01,0.02,0.0,0,nan,nan,3,0,1,15,0
39500000,1731399372980000,401540297,1162594857,50679,50679,0.25,0.5,0.29999998,0.39999998,0.0,0.0,0,0,0.02,-0.01,0.01,0.01,0.0,0,nan,nan,3,0,1,15,0
39599000,1731399373081000,401540304,1162594855,50519,50519,0.25,0.5,0.29999998,0.39999998,0.0,0.0,0,0,0.02,0.0,0.01,0.01,0.0,0,nan,nan,3,0,1,15,0
39699000,1731399373181000,401540307,1162594860,50717,50717,0.25,0.5,0.29999998,0.39999998,0.0,0.0,0,0,0.01,0.0,0.01,0.0,0.0,0,nan,nan,3,0,1,15,0
39798000,1731399373282000,401540303,1162594860,50701,50701,0.25,0.5,0.29999998,0.39999998,0.0,0.0,0,0,0.0,0.0,0.0,0.0,0.0,0,nan,nan,3,0,1,15,0
39900000,1731399373382000,401540305,1162594860,50508,50508,0.25,0.5,0.29999998,0.39999998,0.0,0.0,0,0,0.01,0.0,0.01,0.0,0.0,0,nan,nan,3,0,1,15,0
40000000,1731399373482000,401540308,1162594854,50623,50623,0.25,0.5,0.29999998,0.39999998,0.0,0.0,0,0,0.01,0.0,0.01,0.01,0.0,0,nan,nan,3,0,1,15,0
40100000,1731399373582000,401540308,1162594851,50699,50699,0.25,0.5,0.29999998,0.39999998,0.0,0.0,0,0,0.0,0.0,0.0,0.0,0.0,0,nan,nan,3,0,1,15,0
40200000,1731399373682000,401540302,1162594854,50657,50657,0.25,0.5,0.29999998,0.39999998,0.0,0.0,0,0,0.01,0.0,0.01,0.02,0.0,0,nan,nan,3,0,1,15,0
40301000,1731399373782000,401540308,1162594861,50587,50587,0.25,0.5,0.29999998,0.39999998,0.0,0.0,0,0,0.01,0.0,0.01,0.01,0.0,0,nan,nan,3,0,1,15,0
40400000,1731399373883000,401540304,1162594859,50536,50536,0.25,0.5,0.29999998,0.39999998,0.0,0.0,0,0,0.01,-0.01,0.0,0.0,0.0,0,nan,nan,3,0,1,15,0
40504000,1731399373986000,401540303,1162594861,50723,50723,0.25,0.5,0.29999998,0.39999998,0.0,0.0,0,0,0.01,0.0,0.0,0.0,0.0,0,nan,nan,3,0,1,15,0
40605000,1731399374088000,401540297,1162594861,50645,50645,0.25,0.5,0.29999998,0.39999998,0.0,0.0,0,0,0.01,-0.01,0.0,0.0,0.0,0,nan,nan,3,0,1,15,0
40709000,1731399374190000,401540298,1162594862,50559,50559,0.25,0.5,0.29999998,0.39999998,0.0,0.0,0,0,0.02,-0.02,0.0,0.0,0.0,0,nan,nan,3,0,1,15,0
40808000,1731399374290000,401540303,1162594853,50597,50597,0.25,0.5,0.29999998,0.39999998,0.0,0.0,0,0,0.01,-0.01,0.0,-0.01,0.0,0,nan,nan,3,0,1,15,0
40908000,1731399374390000,401540299,1162594851,50608,50608,0.25,0.5,0.29999998,0.39999998,0.0,0.0,0,0,0.03,-0.02,0.01,-0.02,0.0,0,nan,nan,3,0,1,15,0
41003000,1731399374490000,401540295,1162594862,50654,50654,0.25,0.5,0.29999998,0.39999998,0.0,0.0,0,0,0.01,-0.01,0.0,-0.01,0.0,0,nan,nan,3,0,1,15,0
41107000,1731399374589000,401540308,1162594862,50560,50560,0.25,0.5,0.29999998,0.39999998,0.0,0.0,0,0,0.01,-0.01,0.0,0.0,0.0,0,nan,nan,3,0,1,15,0
41209000,1731399374690000,401540302,1162594858,50637,50637,0.25,0.5,0.29999998,0.39999998,0.0,0.0,0,0,0.01,-0.01,0.0,0.0,0.0,0,nan,nan,3,0,1,15,0
41308000,1731399374789000,401540296,1162594853,50516,50516,0.25,0.5,0.29999998,0.39999998,0.0,0.0,0,0,0.01,-0.01,0.0,0.0,0.0,0,nan,nan,3,0,1,15,0
41411000,1731399374893000,401540296,1162594859,50536,50536,0.25,0.5,0.29999998,0.39999998,0.0,0.0,0,0,0.01,-0.01,0.0,0.0,0.0,0,nan,nan,3,0,1,15,0
41508000,1731399374994000,401540302,1162594852,50534,50534,0.25,0.5,0.29999998,0.39999998,0.0,0.0,0,0,0.01,0.0,0.0,0.0,0.0,0,nan,nan,3,0,1,15,0
41613000,1731399375094000,401540309,1162594858,50573,50573,0.25,0.5,0.29999998,0.39999998,0.0,0.0,0,0,0.0,0.0,0.0,-0.01,0.0,0,nan,nan,3,0,1,15,0
41712000,1731399375194000,401540305,1162594852,50573,50573,0.25,0.5,0.29999998,0.39999998,0.0,0.0,0,0,0.01,0.0,-0.01,0.0,0.0,0,nan,nan,3,0,1,15,0
41809000,1731399375294000,401540306,1162594864,50670,50670,0.25,0.5,0.29999998,0.39999998,0.0,0.0,0,0,0.01,0.0,-0.01,0.0,0.0,0,nan,nan,3,0,1,15,0
41912000,1731399375394000,401540298,1162594851,50650,50650,0.25,0.5,0.29999998,0.39999998,0.0,0.0,0,0,0.01,0.0,0.0,0.0,0.0,0,nan,nan,3,0,1,15,0
42015000,1731399375498000,401540300,1162594853,50502,50502,0.25,0.5,0.29999998,0.39999998,0.0,0.0,0,0,0.01,0.0,-0.01,0.0,0.0,0,nan,nan,3,0,1,15,0
42116000,1731399375596000,401540301,1162594863,50537,50537,0.25,0.5,0.29999998,0.39999998,0.0,0.0,0,0,0.0,0.0,0.0,0.02,0.0,0,nan,nan,3,0,1,15,0
42215000,1731399375697000,401540296,1162594855,50574,50574,0.25,0.5,0.29999998,0.39999998,0.0,0.0,0,0,0.01,0.01,0.0,0.0,0.0,0,nan,nan,3,0,1,15,0
42316000,1731399375797000,401540297,1162594864,50720,50720,0.25,0.5,0.29999998,0.39999998,0.0,0.0,0,0,0.01,0.01,0.0,0.0,0.0,0,nan,nan,3,0,1,15,0
42416000,1731399375898000,401540298,1162594857,50717,50717,0.25,0.5,0.29999998,0.39999998,0.0,0.0,0,0,0.01,0.01,0.0,0.0,0.0,0,nan,nan,3,0,1,15,0
42516000,1731399375999000,401540301,1162594853,50726,50726,0.25,0.5,0.29999998,0.39999998,0.0,0.0,0,0,0.0,0.0,0.0,0.0,0.0,0,nan,nan,3,0,1,15,0
42620000,1731399376103000,401540307,1162594864,50594,50594,0.25,0.5,0.29999998,0.39999998,0.0,0.0,0,0,0.0,0.0,0.0,0.0,0.0,0,nan,nan,3,0,1,15,0
42721000,1731399376207000,401540303,1162594853,50529,50529,0.25,0.5,0.29999998,0.39999998,0.0,0.0,0,0,0.01,0.0,0.0,0.01,0.0,0,nan,nan,3,0,1,15,0
42828000,1731399376310000,401540302,1162594851,50580,50580,0.25,0.5,0.29999998,0.39999998,0.0,0.0,0,0,0.01,0.01,0.0,0.0,0.0,0,nan,nan,3,0,1,15,0
42922000,1731399376409000,401540307,1162594852,50667,50667,0.25,0.5,0.29999998,0.39999998,0.0,0.0,0,0,0.02,0.02,0.01,-0.01,0.0,0,nan,nan,3,0,1,15,0
43032000,1731399376514000,401540307,1162594863,50527,50527,0.25,0.5,0.29999998,0.39999998,0.0,0.0,0,0,0.01,0.01,0.0,-0.02,0.0,0,nan,nan,3,0,1,15,0
43131000,1731399376612000,401540306,1162594852,50706,50706,0.25,0.5,0.29999998,0.39999998,0.0,0.0,0,0,0.02,0.02,0.0,-0.01,0.0,0,nan,nan,3,0,1,15,0
43232000,1731399376714000,401540309,1162594856,50494,50494,0.25,0.5,0.29999998,0.39999998,0.0,0.0,0,0,0.0,0.0,0.0,0.0,0.0,0,nan,nan,3,0,1,15,0
43331000,1731399376813000,401540297,1162594855,50644,50644,0.25,0.5,0.29999998,0.39999998,0.0,0.0,0,0,0.01,0.01,0.0,0.0,0.0,0,nan,nan,3,0,1,15,0
43431000,1731399376913000,401540311,1162594860,50666,50666,0.25,0.5,0.29999998,0.39999998,0.0,0.0,0,0,0.02,0.01,-0.01,0.0,0.0,0,nan,nan,3,0,1,15,0
43533000,1731399377014000,401540306,1162594849,50549,50549,0.25,0.5,0.29999998,0.39999998,0.0,0.0,0,0,0.0,0.0,0.0,0.0,0.0,0,nan,nan,3,0,1,15,0
43632000,1731399377114000,401540298,1162594858,50548,50548,0.25,0.5,0.29999998,0.39999998,0.0,0.0,0,0,0.01,0.0,-0.01,0.0,0.0,0,nan,nan,3,0,1,15,0
43729000,1731399377214000,401540299,1162594859,50657,50657,0.25,0.5,0.29999998,0.39999998,0.0,0.0,0,0,0.0,0.0,0.0,0.0,0.0,0,nan,nan,3,0,1,15,0
43832000,1731399377312000,401540311,1162594856,50625,50625,0.25,0.5,0.29999998,0.39999998,0.0,0.0,0,0,0.0,0.0,0.0,0.0,0.0,0,nan,nan,3,0,1,15,0
43932000,1731399377414000,401540299,1162594856,50522,50522,0.25,0.5,0.29999998,0.39999998,0.0,0.0,0,0,0.01,0.0,0.0,0.0,0.0,0,nan,nan,3,0,1,15,0
44032000,1731399377514000,401540300,1162594850,50561,50561,0.25,0.5,0.29999998,0.39999998,0.0,0.0,0,0,0.01,-0.01,0.0,0.01,0.0,0,nan,nan,3,0,1,15,0
44131000,1731399377617000,401540308,1162594860,50601,50601,0.25,0.5,0.29999998,0.39999998,0.0,0.0,0,0,0.0,0.0,0.0,0.0,0.0,0,nan,nan,3,0,1,15,0
44236000,1731399377718000,401540302,1162594856,50505,50505,0.25,0.5,0.29999998,0.39999998,0.0,0.0,0,0,0.0,0.0,0.0,0.0,0.0,0,nan,nan,3,0,1,15,0
44338000,1731399377821000,401540307,1162594862,50582,50582,0.25,0.5,0.29999998,0.39999998,0.0,0.0,0,0,0.01,-0.01,0.0,0.0,0.0,0,nan,nan,3,0,1,15,0
44443000,1731399377925000,401540307,1162594854,50581,50581,0.25,0.5,0.29999998,0.39999998,0.0,0.0,0,0,0.0,0.0,0.0,0.0,0.0,0,nan,nan,3,0,1,15,0
44543000,1731399378026000,401540300,1162594853,50594,50594,0.25,0.5,0.29999998,0.39999998,0.0,0.0,0,0,0.0,0.0,0.0,0.0,0.0,0,nan,nan,3,0,1,15,0
44645000,1731399378126000,401540309,1162594849,50607,50607,0.25,0.5,0.29999998,0.39999998,0.0,0.0,0,0,0.0,0.0,0.0,-0.02,0.0,0,nan,nan,3,0,1,15,0
44743000,1731399378226000,401540304,1162594852,50638,50638,0.25,0.5,0.29999998,0.39999998,0.0,0.0,0,0,0.01,-0.01,0.0,-0.01,0.0,0,nan,nan,3,0,1,15,0
44841000,1731399378326000,401540296,1162594854,50646,50646,0.25,0.5,0.29999998,0.39999998,0.0,0.0,0,0,0.01,-0.01,-0.01,0.0,0.0,0,nan,nan,3,0,1,15,0
44945000,1731399378426000,401540310,1162594863,50625,50625,0.25,0.5,0.29999998,0.39999998,0.0,0.0,0,0,0.0,0.0,0.0,0.01,0.0,0,nan,nan,3,0,1,15,0
45043000,1731399378525000,401540301,1162594851,50738,50738,0.25,0.5,0.29999998,0.39999998,0.0,0.0,0,0,0.01,0.0,0.0,0.0,0.0,0,nan,nan,3,0,1,15,0
45144000,1731399378630000,401540305,1162594862,50628,50628,0.25,0.5,0.29999998,0.39999998,0.0,0.0,0,0,0.02,-0.01,-0.01,0.01,0.0,0,nan,nan,3,0,1,15,0
45247000,1731399378728000,401540308,1162594849,50692,50692,0.25,0.5,0.29999998,0.39999998,0.0,0.0,0,0,0.01,0.0,-0.01,0.0,0.0,0,nan,nan,3,0,1,15,0
45347000,1731399378829000,401540299,1162594858,50706,50706,0.25,0.5,0.29999998,0.39999998,0.0,0.0,0,0,0.01,-0.01,0.0,0.0,0.0,0,nan,nan,3,0,1,15,0
45445000,1731399378930000,401540303,1162594860,50510,50510,0.25,0.5,0.29999998,0.39999998,0.0,0.0,0,0,0.01,0.0,-0.01,0.0,0.0,0,nan,nan,3,0,1,15,0
45547000,1731399379029000,401540303,1162594855,50508,50508,0.25,0.5,0.29999998,0.39999998,0.0,0.0,0,0,0.01,-0.01,0.0,0.0,0.0,0,nan,nan,3,0,1,15,0
45651000,1731399379133000,401540306,1162594859,50701,50701,0.25,0.5,0.29999998,0.39999998,0.0,0.0,0,0,0.01,-0.01,0.0,0.02,0.0,0,nan,nan,3,0,1,15,0
45751000,1731399379234000,401540300,1162594861,50566,50566,0.25,0.5,0.29999998,0.39999998,0.0,0.0,0,0,0.02,-0.01,0.01,0.14999999,0.0,0,nan,nan,3,0,1,15,0
45851000,1731399379337000,401540306,1162594854,50611,50611,0.25,0.5,0.29999998,0.39999998,0.0,0.0,0,0,0.02,-0.01,0.01,0.38,0.0,0,nan,nan,3,0,1,15,0
45953000,1731399379438000,401540305,1162594850,50557,50557,0.25,0.5,0.29999998,0.39999998,0.0,0.0,0,0,0.0,0.0,0.0,0.58,0.0,0,nan,nan,3,0,1,15,0
46055000,1731399379541000,401540310,1162594860,50488,50488,0.25,0.5,0.29999998,0.39999998,0.0,0.0,0,0,0.01,0.0,-0.01,0.75,0.0,0,nan,nan,3,0,1,15,0
46156000,1731399379642000,401540297,1162594850,50498,50498,0.25,0.5,0.29999998,0.39999998,0.0,0.0,0,0,0.02,0.0,-0.02,0.72999996,0.0,0,nan,nan,3,0,1,15,0
46263000,1731399379746000,401540304,1162594853,50352,50352,0.25,0.5,0.29999998,0.39999998,0.0,0.0,0,0,0.03,0.0,-0.03,0.66999996,0.0,0,nan,nan,3,0,1,15,0
46363000,1731399379846000,401540305,1162594853,50293,50293,0.25,0.5,0.29999998,0.39999998,0.0,0.0,0,0,0.02,0.0,-0.02,0.59,0.0,0,nan,nan,3,0,1,15,0
46464000,1731399379946000,401540301,1162594859,50199,50199,0.25,0.5,0.29999998,0.39999998,0.0,0.0,0,0,0.01,0.0,-0.01,0.53,0.0,0,nan,nan,3,0,1,15,0
46560000,1731399380046000,401540304,1162594861,50197,50197,0.25,0.5,0.29999998,0.39999998,0.0,0.0,0,0,0.01,-0.01,0.0,0.48,0.0,0,nan,nan,3,0,1,15,0
46665000,1731399380146000,401540298,1162594859,50086,50086,0.25,0.5,0.29999998,0.39999998,0.0,0.0,0,0,0.01,0.0,0.01,0.55,0.0,0,nan,nan,3,0,1,15,0
46760000,1731399380246000,401540297,1162594853,50110,50110,0.25,0.5,0.29999998,0.39999998,0.0,0.0,0,0,0.01,0.0,0.0,0.57,0.0,0,nan,nan,3,0,1,15,0
46865000,1731399380346000,401540296,1162594855,49949,49949,0.25,0.5,0.29999998,0.39999998,0.0,0.0,0,0,0.02,-0.01,0.01,0.61,0.0,0,nan,nan,3,0,1,15,0
46962000,1731399380445000,401540304,1162594855,49854,49854,0.25,0.5,0.29999998,0.39999998,0.0,0.0,0,0,0.01,0.0,0.01,-0.01,0.0,0,nan,nan,3,0,1,15,0
47060000,1731399380545000,401540303,1162594853,50029,50029,0.25,0.5,0.29999998,0.39999998,0.0,0.0,0,0,0.0,0.0,0.0,-0.01,0.0,0,nan,nan,3,0,1,15,0
47165000,1731399380646000,401540307,1162594853,49874,49874,0.25,0.5,0.29999998,0.39999998,0.0,0.0,0,0,0.0,0.0,0.0,-0.01,0.0,0,nan,nan,3,0,1,15,0
47265000,1731399380746000,401540303,1162594862,49995,49995,0.25,0.5,0.29999998,0.39999998,0.0,0.0,0,0,0.0,0.0,0.0,-0.01,0.0,0,nan,nan,3,0,1,15,0
47362000,1731399380845000,401540300,1162594857,49964,49964,0.25,0.5,0.29999998,0.39999998,0.0,0.0,0,0,0.0,0.0,0.0,-0.01,0.0,0,nan,nan,3,0,1,15,0
47465000,1731399380946000,401540308,1162594852,50011,50011,0.25,0.5,0.29999998,0.39999998,0.0,0.0,0,0,0.0,0.0,0.0,0.0,0.0,0,nan,nan,3,0,1,15,0
47564000,1731399381046000,401540296,1162594856,50045,50045,0.25,0.5,0.29999998,0.39999998,0.0,0.0,0,0,0.0,0.0,0.0,0.0,0.0,0,nan,nan,3,0,1,15,0
47662000,1731399381145000,401540297,1162594856,49912,49912,0.25,0.5,0.29999998,0.39999998,0.0,0.0,0,0,0.0,0.0,0.0,0.0,0.0,0,nan,nan,3,0,1,15,0
47768000,1731399381249000,401540297,1162594854,49815,49815,0.25,0.5,0.29999998,0.39999998,0.0,0.0,0,0,0.0,0.0,0.0,-0.01,0.0,0,nan,nan,3,0,1,15,0
47871000,1731399381354000,401540308,1162594856,49893,49893,0.25,0.5,0.29999998,0.39999998,0.0,0.0,0,0,0.01,0.0,-0.01,-0.01,0.0,0,nan,nan,3,0,1,15,0
47971000,1731399381453000,401540303,1162594851,49995,49995,0.25,0.5,0.29999998,0.39999998,0.0,0.0,0,0,0.0,0.0,0.0,0.0,0.0,0,nan,nan,3,0,1,15,0
48072000,1731399381557000,401540304,1162594853,50029,50029,0.25,0.5,0.29999998,0.39999998,0.0,0.0,0,0,0.0,0.0,0.0,0.0,0.0,0,nan,nan,3,0,1,15,0
48176000,1731399381658000,401540295,1162594855,49957,49957,0.25,0.5,0.29999998,0.39999998,0.0,0.0,0,0,0.01,0.0,0.01,0.0,0.0,0,nan,nan,3,0,1,15,0
48276000,1731399381758000,401540299,1162594855,49867,49867,0.25,0.5,0.29999998,0.39999998,0.0,0.0,0,0,0.0,0.0,0.0,0.0,0.0,0,nan,nan,3,0,1,15,0
48375000,1731399381858000,401540305,1162594853,49964,49964,0.25,0.5,0.29999998,0.39999998,0.0,0.0,0,0,0.0,0.0,0.0,0.0,0.0,0,nan,nan,3,0,1,15,0
48476000,1731399381961000,401540301,1162594859,49856,49856,0.25,0.5,0.29999998,0.39999998,0.0,0.0,0,0,0.0,0.0,0.0,0.0,0.0,0,nan,nan,3,0,1,15,0
48582000,1731399382065000,401540298,1162594848,49949,49949,0.25,0.5,0.29999998,0.39999998,0.0,0.0,0,0,0.0,0.0,0.0,0.0,0.0,0,nan,nan,3,0,1,15,0
48684000,1731399382166000,401540306,1162594850,49899,49899,0.25,0.5,0.29999998,0.39999998,0.0,0.0,0,0,0.0,0.0,0.0,0.0,0.0,0,nan,nan,3,0,1,15,0
48779000,1731399382265000,401540298,1162594861,49929,49929,0.25,0.5,0.29999998,0.39999998,0.0,0.0,0,0,0.0,0.0,0.0,-0.01,0.0,0,nan,nan,3,0,1,15,0
48883000,1731399382365000,401540299,1162594859,49962,49962,0.25,0.5,0.29999998,0.39999998,0.0,0.0,0,0,0.0,0.0,0.0,-0.03,0.0,0,nan,nan,3,0,1,15,0
48984000,1731399382468000,401540296,1162594856,49907,49907,0.25,0.5,0.29999998,0.39999998,0.0,0.0,0,0,0.0,0.0,0.0,0.0,0.0,0,nan,nan,3,0,1,15,0
49087000,1731399382569000,401540300,1162594856,49851,49851,0.25,0.5,0.29999998,0.39999998,0.0,0.0,0,0,0.0,0.0,0.0,0.0,0.0,0,nan,nan,3,0,1,15,0
49187000,1731399382669000,401540302,1162594849,49969,49969,0.25,0.5,0.29999998,0.39999998,0.0,0.0,0,0,0.0,0.0,0.0,0.0,0.0,0,nan,nan,3,0,1,15,0
49288000,1731399382770000,401540296,1162594855,49942,49942,0.25,0.5,0.29999998,0.39999998,0.0,0.0,0,0,0.0,0.0,0.0,0.01,0.0,0,nan,nan,3,0,1,15,0
49387000,1731399382869000,401540306,1162594859,49977,49977,0.25,0.5,0.29999998,0.39999998,0.0,0.0,0,0,0.0,0.0,0.0,0.0,0.0,0,nan,nan,3,0,1,15,0
49487000,1731399382969000,401540304,1162594852,49956,49956,0.25,0.5,0.29999998,0.39999998,0.0,0.0,0,0,0.0,0.0,0.0,-0.01,0.0,0,nan,nan,3,0,1,15,0
49588000,1731399383070000,401540303,1162594861,49874,49874,0.25,0.5,0.29999998,0.39999998,0.0,0.0,0,0,0.0,0.0,0.0,0.0,0.0,0,nan,nan,3,0,1,15,0
49687000,1731399383170000,401540301,1162594852,50007,50007,0.25,0.5,0.29999998,0.39999998,0.0,0.0,0,0,0.0,0.0,0.0,0.01,0.0,0,nan,nan,3,0,1,15,0
49791000,1731399383273000,401540307,1162594852,49865,49865,0.25,0.5,0.29999998,0.39999998,0.0,0.0,0,0,0.0,0.0,0.0,0.0,0.0,0,nan,nan,3,0,1,15,0
49891000,1731399383373000,401540301,1162594862,49851,49851,0.25,0.5,0.29999998,0.39999998,0.0,0.0,0,0,0.0,0.0,0.0,-0.02,0.0,0,nan,nan,3,0,1,15,0
49992000,1731399383473000,401540307,1162594857,49976,49976,0.25,0.5,0.29999998,0.39999998,0.0,0.0,0,0,0.01,0.0,0.0,-0.02,0.0,0,nan,nan,3,0,1,15,0
50087000,1731399383574000,401540302,1162594862,49889,49889,0.25,0.5,0.29999998,0.39999998,0.0,0.0,0,0,0.0,0.0,0.0,0.0,0.0,0,nan,nan,3,0,1,15,0
50187000,1731399383672000,401540298,1162594849,50005,50005,0.25,0.5,0.29999998,0.39999998,0.0,0.0,0,0,0.0,0.0,0.0,0.0,0.0,0,nan,nan,3,0,1,15,0
50292000,1731399383777000,401540295,1162594848,49941,49941,0.25,0.5,0.29999998,0.39999998,0.0,0.0,0,0,0.01,0.0,0.0,0.0,0.0,0,nan,nan,3,0,1,15,0
50396000,1731399383878000,401540305,1162594853,49956,49956,0.25,0.5,0.29999998,0.39999998,0.0,0.0,0,0,0.0,0.0,0.0,-0.01,0.0,0,nan,nan,3,0,1,15,0
50496000,1731399383978000,401540302,1162594853,49834,49834,0.25,0.5,0.29999998,0.39999998,0.0,0.0,0,0,0.0,0.0,0.0,0.0,0.0,0,nan,nan,3,0,1,15,0
50592000,1731399384078000,401540301,1162594853,49887,49887,0.25,0.5,0.29999998,0.39999998,0.0,0.0,0,0,0.0,0.0,0.0,0.0,0.0,0,nan,nan,3,0,1,15,0
50695000,1731399384177000,401540305,1162594850,49975,49975,0.25,0.5,0.29999998,0.39999998,0.0,0.0,0,0,0.0,0.0,0.0,-0.01,0.0,0,nan,nan,3,0,1,15,0
50799000,1731399384281000,401540309,1162594859,49859,49859,0.25,0.5,0.29999998,0.39999998,0.0,0.0,0,0,0.0,0.0,0.0,0.0,0.0,0,nan,nan,3,0,1,15,0
50897000,1731399384383000,401540299,1162594848,49878,49878,0.25,0.5,0.29999998,0.39999998,0.0,0.0,0,0,0.0,0.0,0.0,0.0,0.0,0,nan,nan,3,0,1,15,0
51003000,1731399384484000,401540306,1162594851,49962,49962,0.25,0.5,0.29999998,0.39999998,0.0,0.0,0,0,0.0,0.0,0.0,-0.01,0.0,0,nan,nan,3,0,1,15,0
51104000,1731399384585000,401540299,1162594850,49864,49864,0.25,0.5,0.29999998,0.39999998,0.0,0.0,0,0,0.01,0.0,0.01,0.0,0.0,0,nan,nan,3,0,1,15,0
51200000,1731399384686000,401540300,1162594856,49878,49878,0.25,0.5,0.29999998,0.39999998,0.0,0.0,0,0,0.0,0.0,0.0,-0.01,0.0,0,nan,nan,3,0,1,15,0
51305000,1731399384786000,401540296,1162594859,49905,49905,0.25,0.5,0.29999998,0.39999998,0.0,0.0,0,0,0.0,0.0,0.0,-0.03,0.0,0,nan,nan,3,0,1,15,0
51403000,1731399384885000,401540299,1162594854,49953,49953,0.25,0.5,0.29999998,0.39999998,0.0,0.0,0,0,0.0,0.0,0.0,0.01,0.0,0,nan,nan,3,0,1,15,0
51503000,1731399384986000,401540300,1162594853,49934,49934,0.25,0.5,0.29999998,0.39999998,0.0,0.0,0,0,0.0,0.0,0.0,0.0,0.0,0,nan,nan,3,0,1,15,0
51605000,1731399385087000,401540304,1162594862,50023,50023,0.25,0.5,0.29999998,0.39999998,0.0,0.0,0,0,0.0,0.0,0.0,0.0,0.0,0,nan,nan,3,0,1,15,0
51703000,1731399385191000,401540295,1162594855,49903,49903,0.25,0.5,0.29999998,0.39999998,0.0,0.0,0,0,0.01,-0.01,0.0,0.0,0.0,0,nan,nan,3,0,1,15,0
