timestamp,accel_device_id_primary,accel_device_ids[0],accel_device_ids[1],accel_device_ids[2],accel_device_ids[3],accel_inconsistency_m_s_s[0],accel_inconsistency_m_s_s[1],accel_inconsistency_m_s_s[2],accel_inconsistency_m_s_s[3],gyro_device_id_primary,gyro_device_ids[0],gyro_device_ids[1],gyro_device_ids[2],gyro_device_ids[3],gyro_inconsistency_rad_s[0],gyro_inconsistency_rad_s[1],gyro_inconsistency_rad_s[2],gyro_inconsistency_rad_s[3],accel_healthy[0],accel_healthy[1],accel_healthy[2],accel_healthy[3],gyro_healthy[0],gyro_healthy[1],gyro_healthy[2],gyro_healthy[3]
419000,1310988,1310988,1310996,1311004,0,0.0004954789,0.00055419136,0.0009436558,0.0,1310988,1310988,1310996,1311004,0,0.00010996413,5.57313e-05,5.4234402e-05,0.0,1,1,1,0,1,1,1,0
423000,1310988,1310988,1310996,1311004,0,0.00069230044,0.00088200957,0.00065674726,0.0,1310988,1310988,1310996,1311004,0,9.474879e-05,4.810697e-05,4.6642843e-05,0.0,1,1,1,0,1,1,1,0
615000,1310988,1310988,1310996,1311004,0,0.0008754507,0.00050466676,0.00037365462,0.0,1310988,1310988,1310996,1311004,0,0.00014204237,7.09922e-05,7.105026e-05,0.0,1,1,1,0,1,1,1,0
816000,1310988,1310988,1310996,1311004,0,0.0018779841,0.0009387087,0.0009387087,0.0,1310988,1310988,1310996,1311004,0,0.00012971024,6.485509e-05,6.485509e-05,0.0,1,1,1,0,1,1,1,0
1016000,1310988,1310988,1310996,1311004,0,0.001980159,0.0011459228,0.000974243,0.0,1310988,1310988,1310996,1311004,0,0.00019191428,9.602225e-05,0.00010509979,0.0,1,1,1,0,1,1,1,0
1216000,1310988,1310988,1310996,1311004,0,0.0013705735,0.0008667498,0.0013388536,0.0,1310988,1310988,1310996,1311004,0,0.00013697008,7.001391e-05,0.00012322403,0.0,1,1,1,0,1,1,1,0
1421000,1310988,1310988,1310996,1311004,0,0.002405159,0.0032779628,0.001711653,0.0,1310988,1310988,1310996,1311004,0,0.00019573858,0.00010819271,8.758611e-05,0.0,1,1,1,0,1,1,1,0
1622000,1310988,1310988,1310996,1311004,0,0.002532641,0.0012447196,0.0013065167,0.0,1310988,1310988,1310996,1311004,0,8.583387e-05,5.0685107e-05,5.2268202e-05,0.0,1,1,1,0,1,1,1,0
1828000,1310988,1310988,1310996,1311004,0,0.002163019,0.00059522584,0.0020947994,0.0,1310988,1310988,1310996,1311004,0,7.2247654e-05,2.8405024e-05,9.567935e-05,0.0,1,1,1,0,1,1,1,0
2016000,1310988,1310988,1310996,1311004,0,0.0018807112,0.00116924,0.0015402123,0.0,1310988,1310988,1310996,1311004,0,0.00021234505,0.00014170987,8.448145e-05,0.0,1,1,1,0,1,1,1,0
2215000,1310988,1310988,1310996,1311004,0,0.0021788075,0.0008514785,0.0013450682,0.0,1310988,1310988,1310996,1311004,0,0.00014733091,7.01103e-05,7.791493e-05,0.0,1,1,1,0,1,1,1,0
2420000,1310988,1310988,1310996,1311004,0,0.0020998288,0.0009315013,0.0013070637,0.0,1310988,1310988,1310996,1311004,0,0.000100094614,2.1708034e-05,0.000116921576,0.0,1,1,1,0,1,1,1,0
2619000,1310988,1310988,1310996,1311004,0,0.00186892,0.0011722192,0.0007550571,0.0,1310988,1310988,1310996,1311004,0,0.00011170245,6.771428e-05,6.641571e-05,0.0,1,1,1,0,1,1,1,0
2820000,1310988,1310988,1310996,1311004,0,0.0010983408,0.00057933555,0.0006672466,0.0,1310988,1310988,1310996,1311004,0,0.00010449401,6.0919774e-05,5.73956e-05,0.0,1,1,1,0,1,1,1,0
3020000,1310988,1310988,1310996,1311004,0,0.0012762086,0.0009908228,0.001239701,0.0,1310988,1310988,1310996,1311004,0,6.0267896e-05,2.8516042e-05,6.3022926e-05,0.0,1,1,1,0,1,1,1,0
3220000,1310988,1310988,1310996,1311004,0,0.0014092621,0.0014043481,0.0013517269,0.0,1310988,1310988,1310996,1311004,0,8.338631e-05,3.381047e-05,5.455887e-05,0.0,1,1,1,0,1,1,1,0
3420000,1310988,1310988,1310996,1311004,0,0.0030369374,0.0006131077,0.0026119498,0.0,1310988,1310988,1310996,1311004,0,0.00015221265,5.382094e-05,0.00010591717,0.0,1,1,1,0,1,1,1,0
3619000,1310988,1310988,1310996,1311004,0,0.0018548813,0.0018128166,0.0008010522,0.0,1310988,1310988,1310996,1311004,0,0.000112928596,4.276146e-05,7.079617e-05,0.0,1,1,1,0,1,1,1,0
3820000,1310988,1310988,1310996,1311004,0,0.0016580324,0.00051353656,0.001236792,0.0,1310988,1310988,1310996,1311004,0,0.00015442076,6.5491804e-05,9.595559e-05,0.0,1,1,1,0,1,1,1,0
4019000,1310988,1310988,1310996,1311004,0,0.0012562518,0.0006409017,0.0010110791,0.0,1310988,1310988,1310996,1311004,0,0.00010429817,5.691671e-05,4.887798e-05,0.0,1,1,1,0,1,1,1,0
4216000,1310988,1310988,1310996,1311004,0,0.0013975627,0.0020526645,0.00078405143,0.0,1310988,1310988,1310996,1311004,0,0.000108144086,0.00011260198,2.6198617e-05,0.0,1,1,1,0,1,1,1,0
4420000,1310988,1310988,1310996,1311004,0,0.0010167146,0.0015383257,0.0006083007,0.0,1310988,1310988,1310996,1311004,0,0.00015364715,0.00014934535,4.071445e-05,0.0,1,1,1,0,1,1,1,0
4620000,1310988,1310988,1310996,1311004,0,0.0028839558,0.0025034877,0.0004628361,0.0,1310988,1310988,1310996,1311004,0,0.00015941467,6.743167e-05,0.000106639716,0.0,1,1,1,0,1,1,1,0
4819000,1310988,1310988,1310996,1311004,0,0.0022901671,0.00048682187,0.0018597759,0.0,1310988,1310988,1310996,1311004,0,0.00020906671,9.066883e-05,0.00011877016,0.0,1,1,1,0,1,1,1,0
5020000,1310988,1310988,1310996,1311004,0,0.002813838,0.002639533,0.0007607699,0.0,1310988,1310988,1310996,1311004,0,7.824649e-05,4.7286936e-05,7.211497e-05,0.0,1,1,1,0,1,1,1,0
5223000,1310988,1310988,1310996,1311004,0,0.002352541,0.00072771637,0.0019159941,0.0,1310988,1310988,1310996,1311004,0,0.0001603058,9.423381e-05,8.917186e-05,0.0,1,1,1,0,1,1,1,0
5423000,1310988,1310988,1310996,1311004,0,0.00179433,0.0011402492,0.0012939943,0.0,1310988,1310988,1310996,1311004,0,0.00014493364,5.2940988e-05,0.00010681412,0.0,1,1,1,0,1,1,1,0
5623000,1310988,1310988,1310996,1311004,0,0.0021665047,0.0012058758,0.0010412589,0.0,1310988,1310988,1310996,1311004,0,9.916676e-05,3.9413015e-05,7.597125e-05,0.0,1,1,1,0,1,1,1,0
5820000,1310988,1310988,1310996,1311004,0,0.0023207364,0.0026377605,0.00059947855,0.0,1310988,1310988,1310996,1311004,0,9.456487e-05,6.873305e-05,3.9226434e-05,0.0,1,1,1,0,1,1,1,0
6019000,1310988,1310988,1310996,1311004,0,0.0018091645,0.0008438937,0.0010609978,0.0,1310988,1310988,1310996,1311004,0,0.00011596939,5.9736714e-05,9.636136e-05,0.0,1,1,1,0,1,1,1,0
6220000,1310988,1310988,1310996,1311004,0,0.0011427216,0.0017808677,0.00078921375,0.0,1310988,1310988,1310996,1311004,0,2.9131714e-05,6.603373e-05,8.361141e-05,0.0,1,1,1,0,1,1,1,0
6420000,1310988,1310988,1310996,1311004,0,0.0013652103,0.0022878896,0.0016412111,0.0,1310988,1310988,1310996,1311004,0,0.00010589275,0.000105647014,6.975107e-05,0.0,1,1,1,0,1,1,1,0
6620000,1310988,1310988,1310996,1311004,0,0.0029274696,0.0014414566,0.0015658664,0.0,1310988,1310988,1310996,1311004,0,9.5100695e-05,6.165661e-05,0.00013942126,0.0,1,1,1,0,1,1,1,0
6820000,1310988,1310988,1310996,1311004,0,0.0021429067,0.0009492978,0.002309331,0.0,1310988,1310988,1310996,1311004,0,0.00021321715,0.00015944711,0.00012434175,0.0,1,1,1,0,1,1,1,0
7019000,1310988,1310988,1310996,1311004,0,0.002192302,0.00049745355,0.0021770902,0.0,1310988,1310988,1310996,1311004,0,0.00013259683,4.9967297e-05,0.00010183299,0.0,1,1,1,0,1,1,1,0
7220000,1310988,1310988,1310996,1311004,0,0.0013658664,0.00085681054,0.002197626,0.0,1310988,1310988,1310996,1311004,0,9.095202e-05,6.106599e-05,4.7018682e-05,0.0,1,1,1,0,1,1,1,0
7416000,1310988,1310988,1310996,1311004,0,0.0019008579,0.0004121453,0.0019707156,0.0,1310988,1310988,1310996,1311004,0,0.000108828055,2.7262156e-05,9.9521596e-05,0.0,1,1,1,0,1,1,1,0
7619000,1310988,1310988,1310996,1311004,0,0.00051767,0.00074408046,0.000548189,0.0,1310988,1310988,1310996,1311004,0,2.2157195e-05,2.24226e-05,3.8595004e-05,0.0,1,1,1,0,1,1,1,0
7820000,1310988,1310988,1310996,1311004,0,0.0013276914,0.0007752043,0.00071611593,0.0,1310988,1310988,1310996,1311004,0,8.0165795e-05,7.411588e-05,6.934587e-05,0.0,1,1,1,0,1,1,1,0
8016000,1310988,1310988,1310996,1311004,0,0.0009220072,0.0013616321,0.0006288465,0.0,1310988,1310988,1310996,1311004,0,5.246982e-05,3.2208627e-05,5.2518815e-05,0.0,1,1,1,0,1,1,1,0
8220000,1310988,1310988,1310996,1311004,0,0.002332001,0.0014305684,0.0011904766,0.0,1310988,1310988,1310996,1311004,0,0.00018112407,7.223926e-05,0.00011755982,0.0,1,1,1,0,1,1,1,0
8420000,1310988,1310988,1310996,1311004,0,0.0010554226,0.0017811602,0.001141773,0.0,1310988,1310988,1310996,1311004,0,0.00013953602,0.00012101513,8.76014e-05,0.0,1,1,1,0,1,1,1,0
8620000,1310988,1310988,1310996,1311004,0,0.0021392514,0.0012453797,0.0015212522,0.0,1310988,1310988,1310996,1311004,0,0.000102295235,4.0429106e-05,7.145969e-05,0.0,1,1,1,0,1,1,1,0
8815000,1310988,1310988,1310996,1311004,0,0.0016063262,0.0005059306,0.0015521311,0.0,1310988,1310988,1310996,1311004,0,0.00014554584,4.9898066e-05,0.00010327585,0.0,1,1,1,0,1,1,1,0
9020000,1310988,1310988,1310996,1311004,0,0.0022818386,0.000754871,0.0024807635,0.0,1310988,1310988,1310996,1311004,0,8.6453125e-05,4.7757785e-05,0.00010354082,0.0,1,1,1,0,1,1,1,0
9215000,1310988,1310988,1310996,1311004,0,0.002061859,0.0028955166,0.0012786895,0.0,1310988,1310988,1310996,1311004,0,4.56001e-05,5.2313793e-05,3.624329e-05,0.0,1,1,1,0,1,1,1,0
9420000,1310988,1310988,1310996,1311004,0,0.0019815164,0.0009722052,0.0014212715,0.0,1310988,1310988,1310996,1311004,0,0.00014280158,7.536502e-05,8.219353e-05,0.0,1,1,1,0,1,1,1,0
9619000,1310988,1310988,1310996,1311004,0,0.0018115004,0.000890782,0.0013846514,0.0,1310988,1310988,1310996,1311004,0,9.332681e-05,3.8443966e-05,6.877302e-05,0.0,1,1,1,0,1,1,1,0
9820000,1310988,1310988,1310996,1311004,0,0.0017811283,0.00097466307,0.0023444511,0.0,1310988,1310988,1310996,1311004,0,0.00012145711,6.3022264e-05,8.4635336e-05,0.0,1,1,1,0,1,1,1,0
10019000,1310988,1310988,1310996,1311004,0,0.0016256227,0.00037625284,0.0017015374,0.0,1310988,1310988,1310996,1311004,0,9.268482e-05,4.0441526e-05,6.901231e-05,0.0,1,1,1,0,1,1,1,0
10220000,1310988,1310988,1310996,1311004,0,0.002597502,0.002768485,0.00043218074,0.0,1310988,1310988,1310996,1311004,0,8.546421e-05,4.1906413e-05,4.6261324e-05,0.0,1,1,1,0,1,1,1,0
10420000,1310988,1310988,1310996,1311004,0,0.0027613617,0.00070279295,0.002060551,0.0,1310988,1310988,1310996,1311004,0,0.0001076612,3.302391e-05,9.605665e-05,0.0,1,1,1,0,1,1,1,0
10619000,1310988,1310988,1310996,1311004,0,0.0022595392,0.000578843,0.0026770926,0.0,1310988,1310988,1310996,1311004,0,0.000107763124,4.4287335e-05,8.3815976e-05,0.0,1,1,1,0,1,1,1,0
10823000,1310988,1310988,1310996,1311004,0,0.0007704971,0.0006971036,0.001260748,0.0,1310988,1310988,1310996,1311004,0,0.00013141833,9.681159e-05,4.3826898e-05,0.0,1,1,1,0,1,1,1,0
11023000,1310988,1310988,1310996,1311004,0,0.0018740493,0.0021935087,0.0003793748,0.0,1310988,1310988,1310996,1311004,0,0.00012385457,0.000100205536,0.000102049475,0.0,1,1,1,0,1,1,1,0
11219000,1310988,1310988,1310996,1311004,0,0.0013156588,0.0031753157,0.003807425,0.0,1310988,1310988,1310996,1311004,0,0.00015439332,0.00012338214,0.00013975523,0.0,1,1,1,0,1,1,1,0
11420000,1310988,1310988,1310996,1311004,0,0.002008584,0.0010298318,0.0012342439,0.0,1310988,1310988,1310996,1311004,0,0.00014364938,8.0994345e-05,0.000111830304,0.0,1,1,1,0,1,1,1,0
11619000,1310988,1310988,1310996,1311004,0,0.0010451908,0.000983205,0.0007694264,0.0,1310988,1310988,1310996,1311004,0,0.00011061138,4.0675663e-05,7.016498e-05,0.0,1,1,1,0,1,1,1,0
11820000,1310988,1310988,1310996,1311004,0,0.0025792506,0.0033050245,0.0009028071,0.0,1310988,1310988,1310996,1311004,0,7.0908194e-05,4.4821463e-05,6.0239458e-05,0.0,1,1,1,0,1,1,1,0
12020000,1310988,1310988,1310996,1311004,0,0.000956228,0.0001421236,0.0010705885,0.0,1310988,1310988,1310996,1311004,0,0.000107167354,5.38676e-05,0.0001344836,0.0,1,1,1,0,1,1,1,0
12220000,1310988,1310988,1310996,1311004,0,0.0009984316,0.000522958,0.0012562495,0.0,1310988,1310988,1310996,1311004,0,6.3183004e-05,2.012247e-05,6.433689e-05,0.0,1,1,1,0,1,1,1,0
12416000,1310988,1310988,1310996,1311004,0,0.0016842318,0.00064394606,0.0023209867,0.0,1310988,1310988,1310996,1311004,0,0.00011732978,6.344929e-05,7.113375e-05,0.0,1,1,1,0,1,1,1,0
12620000,1310988,1310988,1310996,1311004,0,0.00095373136,0.0014032715,0.0014733549,0.0,1310988,1310988,1310996,1311004,0,9.719833e-05,6.539701e-05,7.142254e-05,0.0,1,1,1,0,1,1,1,0
12820000,1310988,1310988,1310996,1311004,0,0.0020442782,0.00068846124,0.0024910436,0.0,1310988,1310988,1310996,1311004,0,0.00010807943,9.781633e-05,9.02413e-05,0.0,1,1,1,0,1,1,1,0
13020000,1310988,1310988,1310996,1311004,0,0.0015928262,0.0023329163,0.001464082,0.0,1310988,1310988,1310996,1311004,0,6.81029e-05,5.89297e-05,0.000105226456,0.0,1,1,1,0,1,1,1,0
13216000,1310988,1310988,1310996,1311004,0,0.0017650047,0.0010357136,0.0018567137,0.0,1310988,1310988,1310996,1311004,0,9.185703e-05,7.6011915e-05,7.500216e-05,0.0,1,1,1,0,1,1,1,0
13420000,1310988,1310988,1310996,1311004,0,0.0026878074,0.0005382296,0.0025526967,0.0,1310988,1310988,1310996,1311004,0,0.000139185,0.00014039567,3.714619e-05,0.0,1,1,1,0,1,1,1,0
13622000,1310988,1310988,1310996,1311004,0,0.0017089021,0.0004965691,0.0013697497,0.0,1310988,1310988,1310996,1311004,0,9.181876e-05,3.000216e-05,9.40217e-05,0.0,1,1,1,0,1,1,1,0
13819000,1310988,1310988,1310996,1311004,0,0.00067741325,0.0013361004,0.0009706876,0.0,1310988,1310988,1310996,1311004,0,0.0001192274,6.764617e-05,5.6680445e-05,0.0,1,1,1,0,1,1,1,0
14020000,1310988,1310988,1310996,1311004,0,0.0022711102,0.0025376303,0.0012829027,0.0,1310988,1310988,1310996,1311004,0,0.000121872756,4.2919986e-05,0.0001349815,0.0,1,1,1,0,1,1,1,0
14220000,1310988,1310988,1310996,1311004,0,0.0018772141,0.0023418474,0.0014533529,0.0,1310988,1310988,1310996,1311004,0,0.00012743296,7.439915e-05,5.8176043e-05,0.0,1,1,1,0,1,1,1,0
14416000,1310988,1310988,1310996,1311004,0,0.0012091048,0.0015665222,0.0014217405,0.0,1310988,1310988,1310996,1311004,0,6.454162e-05,0.0001269266,0.00012427593,0.0,1,1,1,0,1,1,1,0
14624000,1310988,1310988,1310996,1311004,0,0.001307569,0.0015914988,0.0009982259,0.0,1310988,1310988,1310996,1311004,0,0.00012301003,0.00016397578,4.772059e-05,0.0,1,1,1,0,1,1,1,0
14821000,1310988,1310988,1310996,1311004,0,0.0029923765,0.0008296023,0.0023613104,0.0,1310988,1310988,1310996,1311004,0,0.0001747014,8.998037e-05,8.480733e-05,0.0,1,1,1,0,1,1,1,0
15020000,1310988,1310988,1310996,1311004,0,0.0021257568,0.0018260342,0.00034228098,0.0,1310988,1310988,1310996,1311004,0,7.012154e-05,0.00012541571,0.00012345208,0.0,1,1,1,0,1,1,1,0
15223000,1310988,1310988,1310996,1311004,0,0.0025177787,0.0012892336,0.0012531951,0.0,1310988,1310988,1310996,1311004,0,0.00013696312,6.6954235e-05,7.603522e-05,0.0,1,1,1,0,1,1,1,0
15419000,1310988,1310988,1310996,1311004,0,0.0011014977,0.0012928442,0.0005265361,0.0,1310988,1310988,1310996,1311004,0,0.00011554668,3.975016e-05,0.00013656738,0.0,1,1,1,0,1,1,1,0
15616000,1310988,1310988,1310996,1311004,0,0.0024748775,0.0012357855,0.0013889453,0.0,1310988,1310988,1310996,1311004,0,9.46672e-05,5.9789276e-05,9.732831e-05,0.0,1,1,1,0,1,1,1,0
15800000,1310988,1310988,1310996,1311004,0,0.0010484507,0.002137692,0.0016883612,0.0,1310988,1310988,1310996,1311004,0,0.00022380508,0.00012663951,0.00012818872,0.0,1,1,1,0,1,1,1,0
16023000,1310988,1310988,1310996,1311004,0,0.0019300123,0.0013249624,0.0015341633,0.0,1310988,1310988,1310996,1311004,0,0.00010222304,7.9982885e-05,7.941386e-05,0.0,1,1,1,0,1,1,1,0
16223000,1310988,1310988,1310996,1311004,0,0.0016320182,0.0013451247,0.0010507233,0.0,1310988,1310988,1310996,1311004,0,0.00015521115,6.95465e-05,9.7101525e-05,0.0,1,1,1,0,1,1,1,0
16399000,1310988,1310988,1310996,1311004,0,0.0011680387,0.00050594937,0.0011839241,0.0,1310988,1310988,1310996,1311004,0,0.00016364657,4.926044e-05,0.00011837169,0.0,1,1,1,0,1,1,1,0
16630000,1310988,1310988,1310996,1311004,0,0.0018945159,0.0011899068,0.0007197511,0.0,1310988,1310988,1310996,1311004,0,0.000111371744,8.2001796e-05,0.00013479622,0.0,1,1,1,0,1,1,1,0
16825000,1310988,1310988,1310996,1311004,0,0.00089942437,0.0011281959,0.00033093742,0.0,1310988,1310988,1310996,1311004,0,9.055818e-05,7.07245e-05,9.5196505e-05,0.0,1,1,1,0,1,1,1,0
17019000,1310988,1310988,1310996,1311004,0,0.0012643512,0.0010902141,0.0018456029,0.0,1310988,1310988,1310996,1311004,0,0.00014746145,0.0001289759,2.483945e-05,0.0,1,1,1,0,1,1,1,0
17219000,1310988,1310988,1310996,1311004,0,0.00069424335,0.0011464413,0.0007842546,0.0,1310988,1310988,1310996,1311004,0,0.00018821136,8.588269e-05,0.000111614296,0.0,1,1,1,0,1,1,1,0
17419000,1310988,1310988,1310996,1311004,0,0.0020961836,0.0008706057,0.0026312512,0.0,1310988,1310988,1310996,1311004,0,0.000112986105,3.6357218e-05,0.00012439018,0.0,1,1,1,0,1,1,1,0
17616000,1310988,1310988,1310996,1311004,0,0.0017191115,0.00093141163,0.002233419,0.0,1310988,1310988,1310996,1311004,0,9.125953e-05,0.00011007133,8.005648e-05,0.0,1,1,1,0,1,1,1,0
17820000,1310988,1310988,1310996,1311004,0,0.0019775627,0.0015577557,0.0009442894,0.0,1310988,1310988,1310996,1311004,0,9.9947734e-05,4.0468734e-05,0.000117344054,0.0,1,1,1,0,1,1,1,0
18024000,1310988,1310988,1310996,1311004,0,0.0016396994,0.0018084985,0.001368889,0.0,1310988,1310988,1310996,1311004,0,0.00019184961,9.468534e-05,0.00012004451,0.0,1,1,1,0,1,1,1,0
18219000,1310988,1310988,1310996,1311004,0,0.0012414783,0.0008988689,0.0017396905,0.0,1310988,1310988,1310996,1311004,0,7.022434e-05,3.8174592e-05,9.54983e-05,0.0,1,1,1,0,1,1,1,0
18420000,1310988,1310988,1310996,1311004,0,0.0015234113,0.0012765231,0.0021678032,0.0,1310988,1310988,1310996,1311004,0,5.5212364e-05,4.7393558e-05,5.554489e-05,0.0,1,1,1,0,1,1,1,0
18624000,1310988,1310988,1310996,1311004,0,0.0018196543,0.0006937703,0.0016370387,0.0,1310988,1310988,1310996,1311004,0,0.00013647033,0.00013160954,3.670455e-05,0.0,1,1,1,0,1,1,1,0
18819000,1310988,1310988,1310996,1311004,0,0.0020903877,0.0021303121,0.00037984407,0.0,1310988,1310988,1310996,1311004,0,0.000162728,0.000121289,0.00015029324,0.0,1,1,1,0,1,1,1,0
19019000,1310988,1310988,1310996,1311004,0,0.0024707834,0.00077716506,0.002491399,0.0,1310988,1310988,1310996,1311004,0,5.2633437e-05,6.384568e-05,8.237069e-05,0.0,1,1,1,0,1,1,1,0
19221000,1310988,1310988,1310996,1311004,0,0.0020683953,0.0013265033,0.00100956,0.0,1310988,1310988,1310996,1311004,0,0.00010392385,5.3627115e-05,5.1898245e-05,0.0,1,1,1,0,1,1,1,0
19420000,1310988,1310988,1310996,1311004,0,0.0015883172,0.0015267098,0.0020165357,0.0,1310988,1310988,1310996,1311004,0,9.373652e-05,5.343904e-05,4.0357325e-05,0.0,1,1,1,0,1,1,1,0
19620000,1310988,1310988,1310996,1311004,0,0.0027179082,0.00083869003,0.0019509157,0.0,1310988,1310988,1310996,1311004,0,6.710145e-05,7.419761e-05,0.00010337204,0.0,1,1,1,0,1,1,1,0
19820000,1310988,1310988,1310996,1311004,0,0.0012262884,0.0002718824,0.0011251464,0.0,1310988,1310988,1310996,1311004,0,1.5397725e-05,1.9578558e-05,9.885159e-06,0.0,1,1,1,0,1,1,1,0
20020000,1310988,1310988,1310996,1311004,0,0.0011591102,0.0017702058,0.00088763505,0.0,1310988,1310988,1310996,1311004,0,0.00011913793,5.1009312e-05,0.00012115984,0.0,1,1,1,0,1,1,1,0
20220000,1310988,1310988,1310996,1311004,0,0.001133185,0.0007240262,0.00047098147,0.0,1310988,1310988,1310996,1311004,0,0.000113322,5.1093975e-05,0.00010555166,0.0,1,1,1,0,1,1,1,0
20419000,1310988,1310988,1310996,1311004,0,0.0023218496,0.0015944585,0.0013577153,0.0,1310988,1310988,1310996,1311004,0,7.876778e-05,5.136212e-05,3.183552e-05,0.0,1,1,1,0,1,1,1,0
20620000,1310988,1310988,1310996,1311004,0,0.001029838,0.0023699943,0.0024375594,0.0,1310988,1310988,1310996,1311004,0,0.00017027937,8.797261e-05,0.00017549767,0.0,1,1,1,0,1,1,1,0
20815000,1310988,1310988,1310996,1311004,0,0.0003977151,0.0008426357,0.00047767142,0.0,1310988,1310988,1310996,1311004,0,0.00014683514,8.6988555e-05,0.00011361882,0.0,1,1,1,0,1,1,1,0
21016000,1310988,1310988,1310996,1311004,0,0.0008819607,0.0015126313,0.0013514874,0.0,1310988,1310988,1310996,1311004,0,7.357303e-05,2.0500582e-05,7.277275e-05,0.0,1,1,1,0,1,1,1,0
21219000,1310988,1310988,1310996,1311004,0,0.0020005624,0.0020608949,0.0035670686,0.0,1310988,1310988,1310996,1311004,0,9.6644486e-05,6.156883e-05,0.00015049278,0.0,1,1,1,0,1,1,1,0
21419000,1310988,1310988,1310996,1311004,0,0.0028022586,0.0035370737,0.0013993605,0.0,1310988,1310988,1310996,1311004,0,0.0002503878,8.861167e-05,0.00017425342,0.0,1,1,1,0,1,1,1,0
21622000,1310988,1310988,1310996,1311004,0,0.0010793392,0.0008467221,0.0018392564,0.0,1310988,1310988,1310996,1311004,0,0.00035196551,0.00021240185,0.0001623231,0.0,1,1,1,0,1,1,1,0
21816000,1310988,1310988,1310996,1311004,0,0.00093022647,0.0011732605,0.0011825529,0.0,1310988,1310988,1310996,1311004,0,0.00043084324,0.00019469294,0.00024194944,0.0,1,1,1,0,1,1,1,0
22023000,1310988,1310988,1310996,1311004,0,0.001506731,0.0022613413,0.0021681627,0.0,1310988,1310988,1310996,1311004,0,0.0003999444,0.00017596285,0.00022592835,0.0,1,1,1,0,1,1,1,0
22216000,1310988,1310988,1310996,1311004,0,0.0017605368,0.0016121669,0.0006237456,0.0,1310988,1310988,1310996,1311004,0,0.0004591953,0.00023307488,0.00023114895,0.0,1,1,1,0,1,1,1,0
22419000,1310988,1310988,1310996,1311004,0,0.010290446,0.009109402,0.0017642977,0.0,1310988,1310988,1310996,1311004,0,0.00050540274,0.00036566556,0.00021030672,0.0,1,1,1,0,1,1,1,0
22623000,1310988,1310988,1310996,1311004,0,0.0060228575,0.007841716,0.0021056859,0.0,1310988,1310988,1310996,1311004,0,0.00045394225,0.0002238752,0.00024906182,0.0,1,1,1,0,1,1,1,0
22820000,1310988,1310988,1310996,1311004,0,0.0006214422,0.0004097166,0.0010046131,0.0,1310988,1310988,1310996,1311004,0,0.00061388477,0.0003239119,0.00029252074,0.0,1,1,1,0,1,1,1,0
23021000,1310988,1310988,1310996,1311004,0,0.0011650502,0.00019652207,0.0010055496,0.0,1310988,1310988,1310996,1311004,0,0.0004796796,0.00023629054,0.00025317993,0.0,1,1,1,0,1,1,1,0
23216000,1310988,1310988,1310996,1311004,0,0.0009409315,0.0008205723,0.0006184356,0.0,1310988,1310988,1310996,1311004,0,0.00052443985,0.00025795194,0.0002683384,0.0,1,1,1,0,1,1,1,0
23419000,1310988,1310988,1310996,1311004,0,0.00077481364,0.00061622285,0.00085753313,0.0,1310988,1310988,1310996,1311004,0,0.00048865733,0.00030445217,0.00020004995,0.0,1,1,1,0,1,1,1,0
23620000,1310988,1310988,1310996,1311004,0,0.0012322462,0.0016878452,0.0009059713,0.0,1310988,1310988,1310996,1311004,0,0.00045774426,0.00032343154,0.00014488384,0.0,1,1,1,0,1,1,1,0
23823000,1310988,1310988,1310996,1311004,0,0.0016262288,0.0034639258,0.002356533,0.0,1310988,1310988,1310996,1311004,0,0.00032955734,0.00016124734,0.00019154603,0.0,1,1,1,0,1,1,1,0
24019000,1310988,1310988,1310996,1311004,0,0.0027547204,0.0013785253,0.0017196295,0.0,1310988,1310988,1310996,1311004,0,0.0002780978,0.00011538517,0.0001679417,0.0,1,1,1,0,1,1,1,0
24220000,1310988,1310988,1310996,1311004,0,0.0017117237,0.0024190678,0.0007595233,0.0,1310988,1310988,1310996,1311004,0,0.00035233138,0.00018911852,0.00016799723,0.0,1,1,1,0,1,1,1,0
24419000,1310988,1310988,1310996,1311004,0,0.0022998936,0.0012159784,0.0015798007,0.0,1310988,1310988,1310996,1311004,0,0.0003338346,0.00018828326,0.00016347074,0.0,1,1,1,0,1,1,1,0
24624000,1310988,1310988,1310996,1311004,0,0.0017978972,0.0018152227,0.0008298508,0.0,1310988,1310988,1310996,1311004,0,0.00036441343,0.00015857104,0.00020641081,0.0,1,1,1,0,1,1,1,0
24818000,1310988,1310988,1310996,1311004,0,0.0003788981,0.00094117125,0.0005664327,0.0,1310988,1310988,1310996,1311004,0,0.00053812197,0.00021669232,0.00032203054,0.0,1,1,1,0,1,1,1,0
25024000,1310988,1310988,1310996,1311004,0,0.0026262263,0.002417766,0.0009952685,0.0,1310988,1310988,1310996,1311004,0,0.00036557124,0.0001650023,0.00020162528,0.0,1,1,1,0,1,1,1,0
25223000,1310988,1310988,1310996,1311004,0,0.0022426327,0.0034962909,0.0013992884,0.0,1310988,1310988,1310996,1311004,0,0.00046852126,0.00022406,0.0002487855,0.0,1,1,1,0,1,1,1,0
25419000,1310988,1310988,1310996,1311004,0,0.0024480023,0.0009885167,0.0016699386,0.0,1310988,1310988,1310996,1311004,0,0.00041486026,0.00024581602,0.00019072677,0.0,1,1,1,0,1,1,1,0
25619000,1310988,1310988,1310996,1311004,0,0.0018299576,0.0067580566,0.0055152653,0.0,1310988,1310988,1310996,1311004,0,0.000555003,0.00030299206,0.00026546454,0.0,1,1,1,0,1,1,1,0
25819000,1310988,1310988,1310996,1311004,0,0.013819369,0.012430555,0.0026256528,0.0,1310988,1310988,1310996,1311004,0,0.00032089377,0.00015716569,0.00017201266,0.0,1,1,1,0,1,1,1,0
26019000,1310988,1310988,1310996,1311004,0,0.0011433028,0.002165544,0.0011298797,0.0,1310988,1310988,1310996,1311004,0,0.0004963134,0.00023990382,0.00027817767,0.0,1,1,1,0,1,1,1,0
26219000,1310988,1310988,1310996,1311004,0,0.0011311494,0.0018977172,0.0015668918,0.0,1310988,1310988,1310996,1311004,0,0.0004773762,0.00026055824,0.00022137722,0.0,1,1,1,0,1,1,1,0
26420000,1310988,1310988,1310996,1311004,0,0.0012389391,0.0022492216,0.0014686596,0.0,1310988,1310988,1310996,1311004,0,0.0005134535,0.00024138296,0.0002750625,0.0,1,1,1,0,1,1,1,0
26623000,1310988,1310988,1310996,1311004,0,0.0010665965,0.0020195644,0.0009905455,0.0,1310988,1310988,1310996,1311004,0,0.00040391544,0.00026213945,0.00014783653,0.0,1,1,1,0,1,1,1,0
26819000,1310988,1310988,1310996,1311004,0,0.0026736497,0.00089176995,0.0022227224,0.0,1310988,1310988,1310996,1311004,0,0.00028204365,0.000117210984,0.00017585773,0.0,1,1,1,0,1,1,1,0
27018000,1310988,1310988,1310996,1311004,0,0.0039029643,0.0014379155,0.0026762923,0.0,1310988,1310988,1310996,1311004,0,0.00031111273,0.00012540247,0.00018861366,0.0,1,1,1,0,1,1,1,0
27220000,1310988,1310988,1310996,1311004,0,0.0009759037,0.0011312405,0.0019821604,0.0,1310988,1310988,1310996,1311004,0,0.0002701085,0.0001513399,0.00014234842,0.0,1,1,1,0,1,1,1,0
27419000,1310988,1310988,1310996,1311004,0,0.0008729023,0.0018841198,0.0014864703,0.0,1310988,1310988,1310996,1311004,0,0.00042462972,0.00022463618,0.00022968369,0.0,1,1,1,0,1,1,1,0
27620000,1310988,1310988,1310996,1311004,0,0.002657922,0.0009959961,0.001838586,0.0,1310988,1310988,1310996,1311004,0,0.0004855337,0.00023127788,0.0002579109,0.0,1,1,1,0,1,1,1,0
27819000,1310988,1310988,1310996,1311004,0,0.0014912061,0.00073735195,0.0010735195,0.0,1310988,1310988,1310996,1311004,0,0.0004185825,0.00019893509,0.00023053141,0.0,1,1,1,0,1,1,1,0
28020000,1310988,1310988,1310996,1311004,0,0.0018379526,0.002222193,0.0009941789,0.0,1310988,1310988,1310996,1311004,0,0.00026547292,9.025627e-05,0.00018346324,0.0,1,1,1,0,1,1,1,0
28215000,1310988,1310988,1310996,1311004,0,0.0015629056,0.0007354302,0.0010476538,0.0,1310988,1310988,1310996,1311004,0,0.00026221666,0.00017210378,0.00011982136,0.0,1,1,1,0,1,1,1,0
28420000,1310988,1310988,1310996,1311004,0,0.00084053876,0.0012048241,0.0014295654,0.0,1310988,1310988,1310996,1311004,0,0.00027461073,0.00019146844,0.000102105245,0.0,1,1,1,0,1,1,1,0
28620000,1310988,1310988,1310996,1311004,0,0.0026499399,0.0006342742,0.002172353,0.0,1310988,1310988,1310996,1311004,0,0.00028970576,0.00016285785,0.00014042704,0.0,1,1,1,0,1,1,1,0
28819000,1310988,1310988,1310996,1311004,0,0.0016389975,0.0012063372,0.000663059,0.0,1310988,1310988,1310996,1311004,0,0.00028172234,0.00015327797,0.00017458483,0.0,1,1,1,0,1,1,1,0
29020000,1310988,1310988,1310996,1311004,0,0.0009895455,0.00025200832,0.00075301103,0.0,1310988,1310988,1310996,1311004,0,0.000278297,0.00015886546,0.00012081984,0.0,1,1,1,0,1,1,1,0
29220000,1310988,1310988,1310996,1311004,0,0.0034607851,0.0011860355,0.003451694,0.0,1310988,1310988,1310996,1311004,0,0.00041773738,0.0001767466,0.00024307767,0.0,1,1,1,0,1,1,1,0
29420000,1310988,1310988,1310996,1311004,0,0.0014094947,0.00088150887,0.0009732687,0.0,1310988,1310988,1310996,1311004,0,0.00027570574,0.00018280192,0.00010408194,0.0,1,1,1,0,1,1,1,0
29619000,1310988,1310988,1310996,1311004,0,0.002205968,0.00094841904,0.0029975986,0.0,1310988,1310988,1310996,1311004,0,0.0003425634,0.00016616278,0.00018481434,0.0,1,1,1,0,1,1,1,0
29820000,1310988,1310988,1310996,1311004,0,0.0019646399,0.00077043613,0.0027185327,0.0,1310988,1310988,1310996,1311004,0,0.00035640138,0.00017693064,0.00018270752,0.0,1,1,1,0,1,1,1,0
30019000,1310988,1310988,1310996,1311004,0,0.0011036275,0.00045532009,0.0010337521,0.0,1310988,1310988,1310996,1311004,0,0.00037207728,0.00016161671,0.00021141619,0.0,1,1,1,0,1,1,1,0
30219000,1310988,1310988,1310996,1311004,0,0.00095396576,0.0023012399,0.0014283804,0.0,1310988,1310988,1310996,1311004,0,0.00036899553,0.000258699,0.0001169386,0.0,1,1,1,0,1,1,1,0
30420000,1310988,1310988,1310996,1311004,0,0.0005875343,0.001130719,0.0014302066,0.0,1310988,1310988,1310996,1311004,0,0.00042287484,0.0002284983,0.00020609183,0.0,1,1,1,0,1,1,1,0
30619000,1310988,1310988,1310996,1311004,0,0.0011062392,0.0013828226,0.0004863468,0.0,1310988,1310988,1310996,1311004,0,0.00038790432,0.00019545562,0.00021087832,0.0,1,1,1,0,1,1,1,0
30816000,1310988,1310988,1310996,1311004,0,0.0011185213,0.0017612674,0.0010517773,0.0,1310988,1310988,1310996,1311004,0,0.00040007292,0.00014579043,0.00026512015,0.0,1,1,1,0,1,1,1,0
31013000,1310988,1310988,1310996,1311004,0,0.002263459,0.0014460773,0.0011996678,0.0,1310988,1310988,1310996,1311004,0,0.0003550918,0.00020883598,0.00014893153,0.0,1,1,1,0,1,1,1,0
31211000,1310988,1310988,1310996,1311004,0,0.0015832378,0.0006706005,0.001110091,0.0,1310988,1310988,1310996,1311004,0,0.00026344025,0.00016151046,0.000105459534,0.0,1,1,1,0,1,1,1,0
31420000,1310988,1310988,1310996,1311004,0,0.0024258436,0.0012072402,0.0013039787,0.0,1310988,1310988,1310996,1311004,0,0.00043412615,0.00025286648,0.00019049732,0.0,1,1,1,0,1,1,1,0
31620000,1310988,1310988,1310996,1311004,0,0.0025425474,0.0011426972,0.0014007952,0.0,1310988,1310988,1310996,1311004,0,0.0005856206,0.00026388184,0.0003254311,0.0,1,1,1,0,1,1,1,0
31820000,1310988,1310988,1310996,1311004,0,0.0015738928,0.00039175228,0.0014520753,0.0,1310988,1310988,1310996,1311004,0,0.00029916258,0.00015346447,0.00014997163,0.0,1,1,1,0,1,1,1,0
32019000,1310988,1310988,1310996,1311004,0,0.0033450772,0.0024508305,0.0009519228,0.0,1310988,1310988,1310996,1311004,0,0.00035664265,0.00019106113,0.00018818791,0.0,1,1,1,0,1,1,1,0
32219000,1310988,1310988,1310996,1311004,0,0.0011906031,0.00043698083,0.0010944173,0.0,1310988,1310988,1310996,1311004,0,0.00036626184,0.0001678305,0.00020529171,0.0,1,1,1,0,1,1,1,0
32416000,1310988,1310988,1310996,1311004,0,0.0018286315,0.0011081769,0.002617092,0.0,1310988,1310988,1310996,1311004,0,0.0001950832,0.0001214962,8.784134e-05,0.0,1,1,1,0,1,1,1,0
32620000,1310988,1310988,1310996,1311004,0,0.0007205404,0.0018646378,0.002431058,0.0,1310988,1310988,1310996,1311004,0,0.00041291377,0.00026389235,0.00017162037,0.0,1,1,1,0,1,1,1,0
32820000,1310988,1310988,1310996,1311004,0,0.001617656,0.00018587567,0.0015926838,0.0,1310988,1310988,1310996,1311004,0,0.00030082688,0.00014320828,0.00017001532,0.0,1,1,1,0,1,1,1,0
33020000,1310988,1310988,1310996,1311004,0,0.001070689,0.0010784833,0.0010160395,0.0,1310988,1310988,1310996,1311004,0,0.00040664262,0.00021487547,0.0002151519,0.0,1,1,1,0,1,1,1,0
33216000,1310988,1310988,1310996,1311004,0,0.002011355,0.0013660808,0.0007049414,0.0,1310988,1310988,1310996,1311004,0,0.0001594603,9.3500086e-05,9.977399e-05,0.0,1,1,1,0,1,1,1,0
33420000,1310988,1310988,1310996,1311004,0,0.0037598042,0.0011707322,0.0028425576,0.0,1310988,1310988,1310996,1311004,0,0.00037620033,0.00025274098,0.00014671197,0.0,1,1,1,0,1,1,1,0
33620000,1310988,1310988,1310996,1311004,0,0.0017746463,0.0012138801,0.00057759316,0.0,1310988,1310988,1310996,1311004,0,0.0002507844,0.00015893922,0.00012043006,0.0,1,1,1,0,1,1,1,0
33823000,1310988,1310988,1310996,1311004,0,0.0026153175,0.00060215144,0.0024413445,0.0,1310988,1310988,1310996,1311004,0,0.00050373864,0.0002951227,0.00020880892,0.0,1,1,1,0,1,1,1,0
34016000,1310988,1310988,1310996,1311004,0,0.0019705587,0.0012538054,0.0017669504,0.0,1310988,1310988,1310996,1311004,0,0.00047998715,0.00020201733,0.000278687,0.0,1,1,1,0,1,1,1,0
34216000,1310988,1310988,1310996,1311004,0,0.0014973083,0.0017277604,0.00075296056,0.0,1310988,1310988,1310996,1311004,0,0.000502026,0.00021572494,0.00028745827,0.0,1,1,1,0,1,1,1,0
34416000,1310988,1310988,1310996,1311004,0,0.001713727,0.0011017157,0.0006685965,0.0,1310988,1310988,1310996,1311004,0,0.00029124183,0.00018171132,0.00012962002,0.0,1,1,1,0,1,1,1,0
34620000,1310988,1310988,1310996,1311004,0,0.000567539,0.001134547,0.0011341777,0.0,1310988,1310988,1310996,1311004,0,0.00017085219,9.104686e-05,0.00011758416,0.0,1,1,1,0,1,1,1,0
34820000,1310988,1310988,1310996,1311004,0,0.001688388,0.0009103439,0.0025002128,0.0,1310988,1310988,1310996,1311004,0,0.00033920183,0.00022112821,0.00011924272,0.0,1,1,1,0,1,1,1,0
35024000,1310988,1310988,1310996,1311004,0,0.0018354373,0.0013376072,0.0028871673,0.0,1310988,1310988,1310996,1311004,0,0.00043966473,0.00018170435,0.0002905113,0.0,1,1,1,0,1,1,1,0
35220000,1310988,1310988,1310996,1311004,0,0.0031747,0.001846703,0.0049471837,0.0,1310988,1310988,1310996,1311004,0,0.00032717598,0.000155554,0.00018649643,0.0,1,1,1,0,1,1,1,0
35419000,1310988,1310988,1310996,1311004,0,0.0018443761,0.0006946188,0.0022246244,0.0,1310988,1310988,1310996,1311004,0,0.00032254067,0.00018922855,0.00013638116,0.0,1,1,1,0,1,1,1,0
35619000,1310988,1310988,1310996,1311004,0,0.002572606,0.0011744272,0.0022429314,0.0,1310988,1310988,1310996,1311004,0,0.0003679679,0.00019788533,0.00019163504,0.0,1,1,1,0,1,1,1,0
35816000,1310988,1310988,1310996,1311004,0,0.0022660368,0.0012673757,0.0012853971,0.0,1310988,1310988,1310996,1311004,0,0.00023754068,0.0001711699,7.22641e-05,0.0,1,1,1,0,1,1,1,0
36019000,1310988,1310988,1310996,1311004,0,0.001274668,0.0015476495,0.00080442586,0.0,1310988,1310988,1310996,1311004,0,7.8006415e-05,5.1426978e-05,5.7687183e-05,0.0,1,1,1,0,1,1,1,0
36220000,1310988,1310988,1310996,1311004,0,0.0008411203,0.0022114413,0.0024832091,0.0,1310988,1310988,1310996,1311004,0,0.00037450335,0.00017628536,0.00020455646,0.0,1,1,1,0,1,1,1,0
36420000,1310988,1310988,1310996,1311004,0,0.0007203172,0.002212899,0.0015798446,0.0,1310988,1310988,1310996,1311004,0,0.00033545564,0.00021885986,0.00011691087,0.0,1,1,1,0,1,1,1,0
36619000,1310988,1310988,1310996,1311004,0,0.0013904092,0.0011825497,0.00051471987,0.0,1310988,1310988,1310996,1311004,0,0.00031273597,0.00011847949,0.00020162626,0.0,1,1,1,0,1,1,1,0
36818000,1310988,1310988,1310996,1311004,0,0.0015061356,0.0028347676,0.0019734746,0.0,1310988,1310988,1310996,1311004,0,0.0002672463,0.00015346106,0.00014054478,0.0,1,1,1,0,1,1,1,0
37020000,1310988,1310988,1310996,1311004,0,0.0023143163,0.0014256197,0.0010246366,0.0,1310988,1310988,1310996,1311004,0,0.00031662022,0.00018590527,0.00014294192,0.0,1,1,1,0,1,1,1,0
37220000,1310988,1310988,1310996,1311004,0,0.0012352916,0.0014492882,0.0006989907,0.0,1310988,1310988,1310996,1311004,0,0.00037082436,0.00015096748,0.00022210926,0.0,1,1,1,0,1,1,1,0
37420000,1310988,1310988,1310996,1311004,0,0.0019723976,0.0011907511,0.0015962508,0.0,1310988,1310988,1310996,1311004,0,0.00025073197,0.00012445617,0.00014045415,0.0,1,1,1,0,1,1,1,0
37619000,1310988,1310988,1310996,1311004,0,0.0025867717,0.0004564148,0.0021405104,0.0,1310988,1310988,1310996,1311004,0,0.00030275577,0.00012835306,0.00018542206,0.0,1,1,1,0,1,1,1,0
37819000,1310988,1310988,1310996,1311004,0,0.0012907004,0.0017252844,0.00059010985,0.0,1310988,1310988,1310996,1311004,0,0.00040465023,0.00021920874,0.00018568222,0.0,1,1,1,0,1,1,1,0
38020000,1310988,1310988,1310996,1311004,0,0.0007784496,0.0028859728,0.002800303,0.0,1310988,1310988,1310996,1311004,0,0.00031143,0.000130565,0.00019898203,0.0,1,1,1,0,1,1,1,0
38220000,1310988,1310988,1310996,1311004,0,0.0011618019,0.0012041345,0.0017113475,0.0,1310988,1310988,1310996,1311004,0,0.0004894161,0.00029892288,0.0001986981,0.0,1,1,1,0,1,1,1,0
38424000,1310988,1310988,1310996,1311004,0,0.0020702276,0.0008551172,0.00272573,0.0,1310988,1310988,1310996,1311004,0,0.00026859238,0.00012020867,0.00016165062,0.0,1,1,1,0,1,1,1,0
38620000,1310988,1310988,1310996,1311004,0,0.0012732294,0.00094885443,0.0010756339,0.0,1310988,1310988,1310996,1311004,0,0.00027508824,0.00013450178,0.00018572228,0.0,1,1,1,0,1,1,1,0
38820000,1310988,1310988,1310996,1311004,0,0.0023075263,0.0007483296,0.0021014134,0.0,1310988,1310988,1310996,1311004,0,0.0004277992,0.00021900288,0.00022075445,0.0,1,1,1,0,1,1,1,0
39020000,1310988,1310988,1310996,1311004,0,0.0018016892,0.0009498318,0.001381001,0.0,1310988,1310988,1310996,1311004,0,0.00026231198,0.00019364625,9.6125594e-05,0.0,1,1,1,0,1,1,1,0
39219000,1310988,1310988,1310996,1311004,0,0.0023395915,0.0015969253,0.0018354974,0.0,1310988,1310988,1310996,1311004,0,0.00034391196,0.00025068733,0.00012933144,0.0,1,1,1,0,1,1,1,0
39415000,1310988,1310988,1310996,1311004,0,0.0018804092,0.0013805131,0.00084717997,0.0,1310988,1310988,1310996,1311004,0,0.00033281403,0.00018360016,0.00015901831,0.0,1,1,1,0,1,1,1,0
39620000,1310988,1310988,1310996,1311004,0,0.0022157114,0.00056134287,0.002492144,0.0,1310988,1310988,1310996,1311004,0,0.00045548356,0.00022707965,0.00023626238,0.0,1,1,1,0,1,1,1,0
39816000,1310988,1310988,1310996,1311004,0,0.0012185903,0.00086196716,0.0014748,0.0,1310988,1310988,1310996,1311004,0,0.00041229793,0.0002094023,0.0002298087,0.0,1,1,1,0,1,1,1,0
40020000,1310988,1310988,1310996,1311004,0,0.0014217253,0.0010174701,0.0004701899,0.0,1310988,1310988,1310996,1311004,0,0.00045015934,0.00021999322,0.00023108552,0.0,1,1,1,0,1,1,1,0
40219000,1310988,1310988,1310996,1311004,0,0.0021556253,0.0011110057,0.0012604394,0.0,1310988,1310988,1310996,1311004,0,0.00039141497,0.00021985958,0.00018068097,0.0,1,1,1,0,1,1,1,0
40416000,1310988,1310988,1310996,1311004,0,0.0026184646,0.0009938572,0.0016521426,0.0,1310988,1310988,1310996,1311004,0,0.00038667175,0.00022938629,0.0001698567,0.0,1,1,1,0,1,1,1,0
40619000,1310988,1310988,1310996,1311004,0,0.0018601725,0.0014189434,0.001302141,0.0,1310988,1310988,1310996,1311004,0,0.00022242781,9.6694355e-05,0.00012955679,0.0,1,1,1,0,1,1,1,0
40820000,1310988,1310988,1310996,1311004,0,0.002209345,0.00078408216,0.0015118787,0.0,1310988,1310988,1310996,1311004,0,0.0004042811,0.00022490724,0.00018286388,0.0,1,1,1,0,1,1,1,0
41024000,1310988,1310988,1310996,1311004,0,0.0020354784,0.0012297188,0.00083951146,0.0,1310988,1310988,1310996,1311004,0,0.00042063723,0.00020398409,0.00021703934,0.0,1,1,1,0,1,1,1,0
41220000,1310988,1310988,1310996,1311004,0,0.0026892442,0.0029105225,0.0006167308,0.0,1310988,1310988,1310996,1311004,0,0.0004454049,0.00018948849,0.0002578495,0.0,1,1,1,0,1,1,1,0
41419000,1310988,1310988,1310996,1311004,0,0.00037318873,0.00060014473,0.00085059257,0.0,1310988,1310988,1310996,1311004,0,0.00017737791,9.7868615e-05,0.00013915848,0.0,1,1,1,0,1,1,1,0
41620000,1310988,1310988,1310996,1311004,0,0.0028002257,0.0011964897,0.001862871,0.0,1310988,1310988,1310996,1311004,0,0.00038459757,0.00018880096,0.00019942025,0.0,1,1,1,0,1,1,1,0
41820000,1310988,1310988,1310996,1311004,0,0.0023406914,0.0016458733,0.00080788165,0.0,1310988,1310988,1310996,1311004,0,0.0002657582,0.0001317989,0.00015635387,0.0,1,1,1,0,1,1,1,0
42020000,1310988,1310988,1310996,1311004,0,0.0011309042,0.0006565953,0.0006206131,0.0,1310988,1310988,1310996,1311004,0,0.00039817515,0.00018414948,0.0002185695,0.0,1,1,1,0,1,1,1,0
42219000,1310988,1310988,1310996,1311004,0,0.001605237,0.00060958037,0.0012039721,0.0,1310988,1310988,1310996,1311004,0,0.00036014483,0.00016000819,0.00020207901,0.0,1,1,1,0,1,1,1,0
42420000,1310988,1310988,1310996,1311004,0,0.00085386954,0.00066559174,0.00019347778,0.0,1310988,1310988,1310996,1311004,0,0.00029468336,0.00013037099,0.00016584038,0.0,1,1,1,0,1,1,1,0
42620000,1310988,1310988,1310996,1311004,0,0.0012375899,0.0008434001,0.00052208523,0.0,1310988,1310988,1310996,1311004,0,0.0003352814,0.0001496551,0.00018956918,0.0,1,1,1,0,1,1,1,0
42820000,1310988,1310988,1310996,1311004,0,0.0019291142,0.000687222,0.0013016812,0.0,1310988,1310988,1310996,1311004,0,0.00033809018,0.0001416194,0.00019868607,0.0,1,1,1,0,1,1,1,0
43021000,1310988,1310988,1310996,1311004,0,0.002371691,0.00092833216,0.0024679801,0.0,1310988,1310988,1310996,1311004,0,0.00036837987,0.00018393948,0.00020689372,0.0,1,1,1,0,1,1,1,0
43220000,1310988,1310988,1310996,1311004,0,0.0014740808,0.0011985615,0.002507298,0.0,1310988,1310988,1310996,1311004,0,0.0004033213,0.00024078992,0.00017706465,0.0,1,1,1,0,1,1,1,0
43419000,1310988,1310988,1310996,1311004,0,0.0022661423,0.0012458137,0.001376452,0.0,1310988,1310988,1310996,1311004,0,0.00046197456,0.0002809008,0.00018129945,0.0,1,1,1,0,1,1,1,0
43620000,1310988,1310988,1310996,1311004,0,0.0029308463,0.0005660985,0.003419021,0.0,1310988,1310988,1310996,1311004,0,0.00012179922,8.3193176e-05,7.9396064e-05,0.0,1,1,1,0,1,1,1,0
43820000,1310988,1310988,1310996,1311004,0,0.0025932253,0.00048628822,0.002721148,0.0,1310988,1310988,1310996,1311004,0,0.00024760189,8.423782e-05,0.00016685696,0.0,1,1,1,0,1,1,1,0
44019000,1310988,1310988,1310996,1311004,0,0.001881757,0.00073297357,0.0014499016,0.0,1310988,1310988,1310996,1311004,0,0.00039768612,0.00015735021,0.00025094987,0.0,1,1,1,0,1,1,1,0
44220000,1310988,1310988,1310996,1311004,0,0.0011628876,0.00090244185,0.00088115624,0.0,1310988,1310988,1310996,1311004,0,0.00037657857,0.00020456167,0.00017913827,0.0,1,1,1,0,1,1,1,0
44423000,1310988,1310988,1310996,1311004,0,0.0017880508,0.0009753772,0.0012608506,0.0,1310988,1310988,1310996,1311004,0,0.00035306215,0.00016501763,0.0001894475,0.0,1,1,1,0,1,1,1,0
44619000,1310988,1310988,1310996,1311004,0,0.0008446532,0.0009720954,0.0009745833,0.0,1310988,1310988,1310996,1311004,0,0.00041683565,0.00023449109,0.00019027806,0.0,1,1,1,0,1,1,1,0
44820000,1310988,1310988,1310996,1311004,0,0.0016766178,0.0007850219,0.0012317128,0.0,1310988,1310988,1310996,1311004,0,0.000411917,0.00018713731,0.00022817924,0.0,1,1,1,0,1,1,1,0
45020000,1310988,1310988,1310996,1311004,0,0.0014033229,0.0024031023,0.00144101,0.0,1310988,1310988,1310996,1311004,0,0.0003645929,0.00015726258,0.00021191516,0.0,1,1,1,0,1,1,1,0
45220000,1310988,1310988,1310996,1311004,0,0.0005332862,0.0011478483,0.0013231647,0.0,1310988,1310988,1310996,1311004,0,0.0001698325,9.283992e-05,9.935726e-05,0.0,1,1,1,0,1,1,1,0
45416000,1310988,1310988,1310996,1311004,0,0.0013760395,0.001236397,0.00026646713,0.0,1310988,1310988,1310996,1311004,0,0.0003184444,0.00018552662,0.00014781464,0.0,1,1,1,0,1,1,1,0
45620000,1310988,1310988,1310996,1311004,0,0.00078593247,0.0014093746,0.0017709697,0.0,1310988,1310988,1310996,1311004,0,0.0009217538,0.0014294018,0.0005669871,0.0,1,1,1,0,1,1,1,0
45819000,1310988,1310988,1310996,1311004,0,0.0062856553,0.005544987,0.0009259758,0.0,1310988,1310988,1310996,1311004,0,0.003475516,0.0024198222,0.0011321448,0.0,1,1,1,0,1,1,1,0
46020000,1310988,1310988,1310996,1311004,0,0.0055267382,0.0058813007,0.0004080455,0.0,1310988,1310988,1310996,1311004,0,0.0020876436,0.0014698744,0.0006517495,0.0,1,1,1,0,1,1,1,0
46227000,1310988,1310988,1310996,1311004,0,0.012488665,0.006765182,0.0057230387,0.0,1310988,1310988,1310996,1311004,0,0.0011496859,0.0006322557,0.00052057137,0.0,1,1,1,0,1,1,1,0
46420000,1310988,1310988,1310996,1311004,0,0.004935789,0.0013515839,0.0036844725,0.0,1310988,1310988,1310996,1311004,0,0.0004725388,0.00027229675,0.00020370663,0.0,1,1,1,0,1,1,1,0
46620000,1310988,1310988,1310996,1311004,0,0.005911317,0.006257684,0.0013313924,0.0,1310988,1310988,1310996,1311004,0,0.00037105152,0.0002541503,0.00015347918,0.0,1,1,1,0,1,1,1,0
46818000,1310988,1310988,1310996,1311004,0,0.0031506815,0.0016698209,0.0015385607,0.0,1310988,1310988,1310996,1311004,0,0.00050191634,0.0002871011,0.00022310276,0.0,1,1,1,0,1,1,1,0
47020000,1310988,1310988,1310996,1311004,0,0.04394412,0.016609062,0.027391572,0.0,1310988,1310988,1310996,1311004,0,0.00036567426,0.00016296741,0.00020330593,0.0,1,1,1,0,1,1,1,0
47220000,1310988,1310988,1310996,1311004,0,0.004468214,0.0016474396,0.0034913642,0.0,1310988,1310988,1310996,1311004,0,0.00048133603,0.00022438912,0.00025820904,0.0,1,1,1,0,1,1,1,0
47422000,1310988,1310988,1310996,1311004,0,0.0014333584,0.0011318062,0.00068908883,0.0,1310988,1310988,1310996,1311004,0,0.0003147457,0.0001503607,0.00017259378,0.0,1,1,1,0,1,1,1,0
47612000,1310988,1310988,1310996,1311004,0,0.0017071918,0.0012523297,0.0028357683,0.0,1310988,1310988,1310996,1311004,0,0.00028778854,0.00012485684,0.0001826897,0.0,1,1,1,0,1,1,1,0
47820000,1310988,1310988,1310996,1311004,0,0.0012331854,0.0007767015,0.0013411451,0.0,1310988,1310988,1310996,1311004,0,0.00030978792,0.00014042843,0.0001840254,0.0,1,1,1,0,1,1,1,0
48020000,1310988,1310988,1310996,1311004,0,0.007908769,0.0010630448,0.0068501206,0.0,1310988,1310988,1310996,1311004,0,0.0002938872,0.00012455502,0.00018295298,0.0,1,1,1,0,1,1,1,0
48219000,1310988,1310988,1310996,1311004,0,0.0014225596,0.0016459757,0.0010092998,0.0,1310988,1310988,1310996,1311004,0,0.00021049267,0.00013083378,9.8204655e-05,0.0,1,1,1,0,1,1,1,0
48416000,1310988,1310988,1310996,1311004,0,0.0009889376,0.0017932347,0.0014699234,0.0,1310988,1310988,1310996,1311004,0,0.0002580925,0.00014054214,0.00012492387,0.0,1,1,1,0,1,1,1,0
48611000,1310988,1310988,1310996,1311004,0,0.0014278408,0.0009913612,0.0019943959,0.0,1310988,1310988,1310996,1311004,0,0.00025503893,0.00015248498,0.00013088876,0.0,1,1,1,0,1,1,1,0
48820000,1310988,1310988,1310996,1311004,0,0.0015093038,0.0010980042,0.0004940152,0.0,1310988,1310988,1310996,1311004,0,0.00022180144,0.00011104542,0.0001223311,0.0,1,1,1,0,1,1,1,0
49020000,1310988,1310988,1310996,1311004,0,0.0022102767,0.0006663354,0.0023454544,0.0,1310988,1310988,1310996,1311004,0,0.00020729261,0.00010518037,0.00012447135,0.0,1,1,1,0,1,1,1,0
49216000,1310988,1310988,1310996,1311004,0,0.0016241403,0.0005975857,0.0021781505,0.0,1310988,1310988,1310996,1311004,0,0.00012390464,5.718896e-05,7.0526345e-05,0.0,1,1,1,0,1,1,1,0
49420000,1310988,1310988,1310996,1311004,0,0.0019363223,0.00057619164,0.0016125261,0.0,1310988,1310988,1310996,1311004,0,4.5502868e-05,4.956437e-05,7.1379625e-05,0.0,1,1,1,0,1,1,1,0
49620000,1310988,1310988,1310996,1311004,0,0.0018422648,0.00026017672,0.0019225547,0.0,1310988,1310988,1310996,1311004,0,0.00012239133,6.0409093e-05,6.4987245e-05,0.0,1,1,1,0,1,1,1,0
49816000,1310988,1310988,1310996,1311004,0,0.0027963412,0.0019016924,0.0018250254,0.0,1310988,1310988,1310996,1311004,0,0.00010069579,7.32904e-05,6.1196515e-05,0.0,1,1,1,0,1,1,1,0
50020000,1310988,1310988,1310996,1311004,0,0.004338849,0.0013903754,0.0054227025,0.0,1310988,1310988,1310996,1311004,0,0.00013948037,8.028914e-05,6.111211e-05,0.0,1,1,1,0,1,1,1,0
50225000,1310988,1310988,1310996,1311004,0,0.0013204808,0.00042463237,0.0012895019,0.0,1310988,1310988,1310996,1311004,0,9.9536526e-05,5.843846e-05,7.982987e-05,0.0,1,1,1,0,1,1,1,0
50422000,1310988,1310988,1310996,1311004,0,0.0017387532,0.0014043562,0.0015200283,0.0,1310988,1310988,1310996,1311004,0,0.00012578689,6.212963e-05,7.3726784e-05,0.0,1,1,1,0,1,1,1,0
50620000,1310988,1310988,1310996,1311004,0,0.001183782,0.0010206049,0.00034624818,0.0,1310988,1310988,1310996,1311004,0,0.00018005319,0.00011151688,0.00010808421,0.0,1,1,1,0,1,1,1,0
50819000,1310988,1310988,1310996,1311004,0,0.0016322213,0.000864245,0.00080713147,0.0,1310988,1310988,1310996,1311004,0,0.00010163658,3.0078487e-05,7.3014366e-05,0.0,1,1,1,0,1,1,1,0
51016000,1310988,1310988,1310996,1311004,0,0.00119204,0.0005835388,0.0016144408,0.0,1310988,1310988,1310996,1311004,0,0.00016803113,0.000119082964,7.271694e-05,0.0,1,1,1,0,1,1,1,0
51219000,1310988,1310988,1310996,1311004,0,0.0024480622,0.00082325755,0.0017922119,0.0,1310988,1310988,1310996,1311004,0,5.911343e-05,3.356357e-05,3.8563132e-05,0.0,1,1,1,0,1,1,1,0
51420000,1310988,1310988,1310996,1311004,0,0.0017189604,0.0009618305,0.002268446,0.0,1310988,1310988,1310996,1311004,0,9.063396e-05,2.7312539e-05,7.0241986e-05,0.0,1,1,1,0,1,1,1,0
51623000,1310988,1310988,1310996,1311004,0,0.0019557895,0.0011629936,0.0018516089,0.0,1310988,1310988,1310996,1311004,0,0.00020613894,0.00012906294,0.00011694846,0.0,1,1,1,0,1,1,1,0
