timestamp,timestamp_sample,ref_timestamp,ref_lat,ref_lon,x,y,z,delta_xy[0],delta_xy[1],delta_z,vx,vy,vz,z_deriv,delta_vxy[0],delta_vxy[1],delta_vz,ax,ay,az,heading,delta_heading,ref_alt,dist_bottom,eph,epv,evh,evv,vxy_max,vz_max,hagl_min,hagl_max,xy_valid,z_valid,v_xy_valid,v_z_valid,xy_reset_counter,z_reset_counter,vxy_reset_counter,vz_reset_counter,heading_reset_counter,xy_global,z_global,dist_bottom_valid,dist_bottom_sensor_bitfield
740000,740000,0,nan,nan,3.77924e-07,-5.5948317e-07,-2.0525442e-07,0.0,0.0,0.0,0.00010188106,-0.00014629416,-7.930365e-05,-8.007941e-05,0.000105067964,-0.00016101165,0.0,0.00027230018,0.0021443178,-0.01795776,0.12346709,0.1234692,nan,0.1,0.70622146,3.5000029,7.071068,0.45001808,inf,inf,inf,inf,0,1,0,1,1,0,1,0,1,0,0,1,2
996000,996000,0,nan,nan,-4.0903098e-05,0.00020299322,0.0045248675,0.0,0.0,0.0,-0.0009997655,0.0009663795,0.0032510308,0.007194262,0.000105067964,-0.00016101165,0.0,0.0012640791,0.0038215502,0.0035883856,0.12343315,0.1234692,nan,0.1,0.75678355,1.4298649,4.375679,0.45253125,inf,inf,inf,inf,0,1,0,1,1,0,1,0,1,0,0,1,2
1500000,1500000,0,nan,nan,-0.0006580366,0.00060251215,0.0062984815,0.0,0.0,0.0,-0.00066041213,0.0028511933,0.011538317,0.012301003,0.000105067964,-0.00016101165,0.0,0.007877624,0.010001338,0.011965632,0.12341482,0.1234692,nan,0.1,0.76032734,0.9180869,1.8487816,0.46818823,inf,inf,inf,inf,0,1,0,1,1,0,1,0,1,0,0,1,2
1996000,1996000,0,nan,nan,-0.00039329106,0.0013871925,0.007762252,0.0,0.0,0.0,-0.0011643973,0.0037284552,0.012602306,0.009420742,0.000105067964,-0.00016101165,0.0,0.016220475,0.02252498,-0.044392418,0.12347607,0.1234692,nan,0.1,0.51968205,0.7547656,1.2268714,0.49595028,inf,inf,inf,inf,0,1,0,1,1,0,1,0,1,0,0,1,2
2501000,2501000,0,nan,nan,-0.0001079699,0.0019756209,0.008026484,0.0,0.0,0.0,0.00033362495,0.0048870784,0.015867123,0.008622667,0.000105067964,-0.00016101165,0.0,-0.0012299429,0.009772878,0.07007271,0.1234881,0.1234692,nan,0.1,0.61763954,0.71421,1.5099533,0.5242534,inf,inf,inf,inf,0,1,0,1,1,0,1,0,1,0,0,1,2
2996000,2996000,0,nan,nan,0.0009389934,0.0015274939,0.009131844,0.0,0.0,0.0,0.0025136154,0.00081910694,0.017943412,0.008782723,0.000105067964,-0.00016101165,0.0,-0.002259488,0.00558918,0.021082347,0.12347796,0.1234692,nan,0.1,0.77113354,0.7436388,1.6762013,0.5483381,inf,inf,inf,inf,0,1,0,1,1,0,1,0,1,0,0,1,2
3500000,3500000,0,nan,nan,0.0014091255,-0.0011173098,0.016767694,0.0,0.0,0.0,0.0034799667,-0.0047429036,0.021896943,0.014218866,0.000105067964,-0.00016101165,0.0,-0.0023472733,-0.009003399,-0.066915154,0.12351168,0.1234692,nan,0.1,0.5788389,0.76612306,1.2367827,0.54999363,inf,inf,inf,inf,0,1,0,1,1,0,1,0,1,0,0,1,2
3996000,3996000,0,nan,nan,0.000943432,-0.0025688256,0.021698784,0.0,0.0,0.0,0.0010961492,-0.0039688842,0.023532886,0.01431559,0.000105067964,-0.00016101165,0.0,0.0036738247,0.0053418647,0.0014975666,0.12348399,0.1234692,nan,0.1,0.6475598,0.7976906,1.2491926,0.544615,inf,inf,inf,inf,0,1,0,1,1,0,1,0,1,0,0,1,2
4496000,4492000,0,nan,nan,3.3639375e-05,-0.0026013271,0.023520796,0.0,0.0,0.0,-0.0020888494,-0.005376546,0.02226799,0.0091853,0.000105067964,-0.00016101165,0.0,0.0037110024,0.003218386,0.03999378,0.12355501,0.1234692,nan,0.1,0.5217338,0.8028663,1.0130495,0.5239205,inf,inf,inf,inf,0,1,0,1,1,0,1,0,1,0,0,1,2
4996000,4988000,0,nan,nan,-0.0020913538,-0.002998366,0.021188142,0.0,0.0,0.0,-0.0059311064,-0.006556188,0.01838773,0.0017160077,0.000105067964,-0.00016101165,0.0,-0.024348695,-0.015729014,0.06411224,0.1236107,0.1234692,nan,0.1,0.57810146,0.8187734,1.0089337,0.50802726,inf,inf,inf,inf,0,1,0,1,1,0,1,0,1,0,0,1,2
5500000,5496000,0,nan,nan,-0.0031690425,-0.0031424277,0.020651601,0.0,0.0,0.0,-0.004943059,-0.005878659,0.021696711,0.0043365266,0.000105067964,-0.00016101165,0.0,0.017431207,-0.0016371533,0.012788921,0.12369953,0.1234692,nan,0.1,0.64101255,0.80944866,1.0192556,0.48283002,inf,inf,inf,inf,0,1,0,1,1,0,1,0,1,0,0,1,2
6000000,5996000,5596000,40.1540307,116.25948609999999,-0.001776856,-0.0023194242,0.022261476,0.0,0.0,0.0,-0.00043109414,-0.0018730442,0.017405378,0.0012994523,0.000105067964,-0.00016101165,0.0,0.014586077,0.018444736,-0.016501172,0.12371878,0.1234692,49.85717,0.1,0.5191356,0.79301316,0.8166369,0.45747143,inf,inf,inf,inf,0,1,0,1,1,0,1,0,1,1,1,1,0
6500000,6496000,5596000,40.1540307,116.25948609999999,0.0006877051,0.00070038537,0.02121256,0.0,0.0,0.0,0.003275751,0.005061392,0.0136803035,-0.0027742104,0.000105067964,-0.00016101165,0.0,0.03368425,0.0057767504,0.030307097,0.12376329,0.1234692,49.85717,0.1,0.56712615,0.79616535,0.804154,0.44169587,inf,inf,inf,inf,0,1,0,1,1,0,1,0,1,1,1,1,0
7003000,6999000,5596000,40.1540307,116.25948609999999,0.001962211,0.0044132965,0.01581184,0.0,0.0,0.0,0.0036229484,0.009347028,0.0071272645,-0.010380801,0.000105067964,-0.00016101165,0.0,0.023085037,0.009256038,0.014494172,0.00024097989,-0.12398466,49.85717,0.1,0.46662143,0.77680016,0.56232065,0.41814706,inf,inf,inf,inf,0,1,0,1,1,0,1,0,2,1,1,1,0
7503000,7499000,5596000,40.1540307,116.25948609999999,0.002229354,0.0052510705,0.013717488,0.0,0.0,0.0,0.0021482552,0.006683371,0.0043104505,-0.009731138,0.000105067964,-0.00016101165,0.0,-0.022932617,0.008513639,-0.04481524,-0.0004142608,-0.12398466,49.85717,0.10047315,0.47471,0.7769843,0.53914756,0.40296748,inf,inf,inf,inf,0,1,0,1,1,0,1,0,2,1,1,1,0
7996000,7991000,5596000,40.1540307,116.25948609999999,0.002016589,0.0045107612,0.008393032,0.0,0.0,0.0,0.0024492322,0.005778751,0.0024455052,-0.011576319,0.000105067964,-0.00016101165,0.0,-0.0037477263,0.0038961845,-0.014182179,-0.00043186155,-0.12398466,49.85717,0.1,0.40970013,0.754324,0.55439514,0.38039142,inf,inf,inf,inf,0,1,0,1,1,0,1,0,2,1,1,1,0
8496000,8491000,5596000,40.1540307,116.25948609999999,0.0014949834,0.0032261568,0.0025629525,0.0,0.0,0.0,0.0014608421,0.003786505,0.0008947384,-0.0119531825,0.000105067964,-0.00016101165,0.0,-0.009776659,-0.016600126,-0.000949949,-0.0007054557,-0.12398466,49.85717,0.102773115,0.45629835,0.7532738,0.6073822,0.365985,inf,inf,inf,inf,0,1,0,1,1,0,1,0,2,1,1,1,0
8996000,8992000,5596000,40.1540307,116.25948609999999,0.0008054441,0.0023686888,0.0006977785,0.0,0.0,0.0,0.00016007213,0.002918844,-0.0038383745,-0.012452175,0.000105067964,-0.00016101165,0.0,-0.011306783,0.004266272,-0.022025777,-0.0014998732,-0.12398466,49.85717,0.1021474,0.50298077,0.7325878,0.60700107,0.3458042,inf,inf,inf,inf,0,1,0,1,1,0,1,0,2,1,1,1,0
9496000,9491000,5596000,40.1540307,116.25948609999999,-0.00059215154,0.0013223882,-0.002417504,0.0,0.0,0.0,-0.0018961716,0.0005565671,-0.0065047266,-0.0116698,0.000105067964,-0.00016101165,0.0,-0.008736064,-0.00347111,0.016906433,-0.0012923892,-0.12398466,49.85717,0.10431562,0.4418097,0.7173246,0.4904997,0.32815278,inf,inf,inf,inf,0,1,0,1,1,0,1,0,2,1,1,1,0
10004000,9999000,5596000,40.1540307,116.25948609999999,-0.0020498368,-0.00019482107,-0.0050344053,0.0,0.0,0.0,-0.0052490653,-0.0014616535,-0.007118225,-0.010044417,0.000105067964,-0.00016101165,0.0,-0.010218333,-0.02285211,-0.035384666,-0.0015552909,-0.12398466,49.85717,0.10260747,0.4662656,0.7208946,0.442225,0.31645525,inf,inf,inf,inf,0,1,0,1,1,0,1,0,2,1,1,1,0
10503000,10498000,5596000,40.1540307,116.25948609999999,-0.014094843,0.001107052,-0.003674252,-0.0100072045,0.025219223,0.0,-0.002503744,-0.003515513,-0.0025941073,-0.0028220774,0.004424489,0.00093776337,0.0057061017,-0.016110891,-0.03431723,-0.015717622,-0.0016169138,-0.12398466,49.85717,0.10385083,0.26047578,0.6120971,0.1840133,0.1588967,inf,inf,inf,inf,1,1,1,1,2,0,2,1,2,1,1,1,0
11004000,10997000,5596000,40.1540307,116.25948609999999,-0.027274393,-0.019153258,-0.00057236326,-0.0100072045,0.025219223,0.0,-0.0019590391,-0.002715283,0.0013275879,0.003436037,0.004424489,0.00093776337,0.0057061017,-0.020945054,0.017884322,-0.013941526,-0.0017415178,-0.12398466,49.85717,0.10243802,0.21405715,0.54980105,0.18106832,0.12951694,inf,inf,inf,inf,1,1,1,1,2,0,2,1,2,1,1,1,0
11500000,11493000,5596000,40.1540307,116.25948609999999,-0.038105983,-0.028622242,0.0018289363,-0.0100072045,0.025219223,0.0,-0.00416704,-0.00092003256,0.0038277772,0.0053154333,0.004424489,0.00093776337,0.0057061017,-0.0071931304,0.0071570356,0.014511496,-0.0019147133,-0.12398466,49.85717,0.1,0.1935781,0.50029665,0.18463898,0.115818374,inf,inf,inf,inf,1,1,1,1,2,0,2,1,2,1,1,1,0
11999000,11992000,5596000,40.1540307,116.25948609999999,-0.050783347,-0.033445425,-0.0036790213,-0.0100072045,0.025219223,0.0,-0.0030374706,0.0010759814,-0.0064646583,-0.009880114,0.004424489,0.00093776337,0.0057061017,0.003414622,-0.00024070064,-0.032746367,-0.001993465,-0.12398466,49.85717,0.1,0.18427978,0.4688765,0.18303722,0.10973085,inf,inf,inf,inf,1,1,1,1,2,0,2,1,2,1,1,1,0
12503000,12499000,5596000,40.1540307,116.25948609999999,-0.05408002,-0.034203526,-0.0053155744,-0.0100072045,0.025219223,0.0,0.00011031954,0.00064133207,0.0005523757,-0.0017936868,0.004424489,0.00093776337,0.0057061017,-0.0054558064,-0.025886657,0.027008353,-0.0016936653,-0.12398466,49.85717,0.1,0.18020657,0.4417889,0.17456138,0.107304245,inf,inf,inf,inf,1,1,1,1,2,0,2,1,2,1,1,1,0
13003000,12999000,5596000,40.1540307,116.25948609999999,-0.055578526,-0.034924127,-0.008168016,-0.0100072045,0.025219223,0.0,-0.0016860579,-0.000120997924,-0.0037034308,-0.007021416,0.004424489,0.00093776337,0.0057061017,-0.002797297,-0.009300961,-0.04511978,-0.0014966023,-0.12398466,49.85717,0.1,0.1773024,0.42344514,0.16760255,0.10647902,inf,inf,inf,inf,1,1,1,1,2,0,2,1,2,1,1,1,0
13491000,13487000,5596000,40.1540307,116.25948609999999,-0.057076655,-0.04096966,-0.010174335,-0.0100072045,0.025219223,0.0,0.00070175837,-0.0034790197,-0.006978319,-0.0080817705,0.004424489,0.00093776337,0.0057061017,0.0033969395,-0.010108762,-0.040636532,-0.0012026719,-0.12398466,49.85717,0.10333793,0.1746942,0.40569994,0.16030572,0.10572995,inf,inf,inf,inf,1,1,1,1,2,0,2,1,2,1,1,1,0
13996000,13992000,5596000,40.1540307,116.25948609999999,-0.060931973,-0.04378418,-0.011912687,-0.0100072045,0.025219223,0.0,-0.00076211063,-0.003145556,-0.00818716,-0.0076871472,0.004424489,0.00093776337,0.0057061017,-0.013818991,0.018262347,-0.026878502,-0.0010889597,-0.12398466,49.85717,0.10179452,0.17400941,0.39461616,0.15726797,0.10566355,inf,inf,inf,inf,1,1,1,1,2,0,2,1,2,1,1,1,0
14503000,14499000,5596000,40.1540307,116.25948609999999,-0.06513181,-0.042546816,-0.01083577,-0.0100072045,0.025219223,0.0,0.00077308476,-0.0009198537,-0.007617386,-0.003854022,0.004424489,0.00093776337,0.0057061017,-0.009384843,0.018648878,-0.07607042,-0.0013173454,-0.12398466,49.85717,0.1026201,0.17447765,0.38412854,0.15390855,0.105488785,inf,inf,inf,inf,1,1,1,1,2,0,2,1,2,1,1,1,0
14995000,14992000,5596000,40.1540307,116.25948609999999,-0.06358592,-0.042159233,-0.011186165,-0.0100072045,0.025219223,0.0,0.002656831,0.0005079897,-0.0033908496,0.00049707195,0.004424489,0.00093776337,0.0057061017,-0.008619132,0.016197862,0.013332814,-0.0012581323,-0.12398466,49.85717,0.10088905,0.16981049,0.3741388,0.14992724,0.103343405,inf,inf,inf,inf,1,1,1,1,2,0,2,1,2,1,1,1,0
15496000,15492000,5596000,40.1540307,116.25948609999999,-0.062413767,-0.04066972,-0.009389108,-0.0100072045,0.025219223,0.0,0.003239743,0.0038948653,-0.0012698529,0.003053612,0.004424489,0.00093776337,0.0057061017,0.00217894,0.017492048,0.011262483,-0.0013550525,-0.12398466,49.85717,0.10063893,0.17118637,0.36748818,0.14613329,0.102836706,inf,inf,inf,inf,1,1,1,1,2,0,2,1,2,1,1,1,0
15999000,15995000,5596000,40.1540307,116.25948609999999,-0.06821626,-0.03988371,-0.009040348,-0.0100072045,0.025219223,0.0,0.0036800662,0.0044049853,-0.001022155,0.0022929846,0.004424489,0.00093776337,0.0057061017,0.018646946,0.020064292,-0.0019315629,-0.00139804,-0.12398466,49.85717,0.10051381,0.16711447,0.3606373,0.14285699,0.09972969,inf,inf,inf,inf,1,1,1,1,2,0,2,1,2,1,1,1,0
16498000,16491000,5596000,40.1540307,116.25948609999999,-0.06947554,-0.03775801,-0.0073948847,-0.0100072045,0.025219223,0.0,0.004772922,0.0057948357,0.002441574,0.0054171244,0.004424489,0.00093776337,0.0057061017,0.017957473,0.0005489065,0.006947666,-0.0015206031,-0.12398466,49.85717,0.1,0.16710839,0.35580537,0.14524864,0.09234464,inf,inf,inf,inf,1,1,1,1,2,0,2,1,2,1,1,1,0
17003000,16995000,5596000,40.1540307,116.25948609999999,-0.056501884,-0.04496067,-0.006565075,-0.0100072045,0.025219223,0.0,0.008999233,0.0022996273,0.0026159398,0.0027397682,0.004424489,0.00093776337,0.0057061017,0.001793414,0.001795148,-0.08506009,-0.0015797076,-0.12398466,49.85717,0.1,0.16419211,0.35048544,0.1365804,0.0848942,inf,inf,inf,inf,1,1,1,1,2,0,2,1,2,1,1,1,0
17500000,17492000,5596000,40.1540307,116.25948609999999,-0.04960981,-0.049389366,-0.011184468,-0.0100072045,0.025219223,0.0,0.008416267,0.00041100828,0.002041342,-0.0019705365,0.004424489,0.00093776337,0.0057061017,0.0059843906,-0.02735923,0.019234916,-0.0017041338,-0.12398466,49.85717,0.1,0.16914815,0.3491603,0.13243245,0.083173715,inf,inf,inf,inf,1,1,1,1,2,0,2,1,2,1,1,1,0
17998000,17991000,5596000,40.1540307,116.25948609999999,-0.060933366,-0.053733155,-0.011281534,-0.0100072045,0.025219223,0.0,0.0029451936,-0.0015986917,0.0030059444,-0.00045565498,0.004424489,0.00093776337,0.0057061017,0.0089516295,0.009782208,0.031938773,-0.0019105063,-0.12398466,49.85717,0.1,0.18083125,0.3516381,0.135157,0.085596696,inf,inf,inf,inf,1,1,1,1,2,0,2,1,2,1,1,1,0
18499000,18487000,5596000,40.1540307,116.25948609999999,-0.06499532,-0.055052403,-0.011813831,-0.0100072045,0.025219223,0.0,-0.000887053,-0.0030999181,-0.00013680547,-0.0031063608,0.004424489,0.00093776337,0.0057061017,-0.010569567,-0.0059363684,0.02152659,-0.0020204925,-0.12398466,49.85717,0.100107625,0.18027475,0.3492093,0.13205172,0.087295145,inf,inf,inf,inf,1,1,1,1,2,0,2,1,2,1,1,1,0
18996000,18988000,5596000,40.1540307,116.25948609999999,-0.06324344,-0.05584422,-0.011514319,-0.0100072045,0.025219223,0.0,0.00030962718,-0.0034981014,0.0011775496,-0.00045335427,0.004424489,0.00093776337,0.0057061017,0.0051339404,-0.0028770901,-0.017918644,-0.0021513922,-0.12398466,49.85717,0.10002938,0.17911868,0.34663275,0.13046233,0.08931394,inf,inf,inf,inf,1,1,1,1,2,0,2,1,2,1,1,1,0
19503000,19495000,5596000,40.1540307,116.25948609999999,-0.056147926,-0.056380726,-0.012506967,-0.0100072045,0.025219223,0.0,0.0049501155,-0.0027255279,0.000573508,-0.0014779232,0.004424489,0.00093776337,0.0057061017,0.006664051,-0.001938172,0.014501314,-0.0022521268,-0.12398466,49.85717,0.1,0.17923869,0.34685957,0.12766774,0.091718435,inf,inf,inf,inf,1,1,1,1,2,0,2,1,2,1,1,1,0
19995000,19988000,5596000,40.1540307,116.25948609999999,-0.057584684,-0.053155974,-0.013622291,-0.0100072045,0.025219223,0.0,0.003507857,-0.0020204203,-0.003266721,-0.0047783684,0.004424489,0.00093776337,0.0057061017,7.175534e-05,0.010711842,0.010500352,-0.002125063,-0.12398466,49.85717,0.10090222,0.17650177,0.34552124,0.12552047,0.092833586,inf,inf,inf,inf,1,1,1,1,2,0,2,1,2,1,1,1,0
20496000,20485000,5596000,40.1540307,116.25948609999999,-0.0557799,-0.04935878,-0.01494849,-0.0100072045,0.025219223,0.0,0.0035545265,-0.00028791395,-0.0013373293,-0.0027611584,0.004424489,0.00093776337,0.0057061017,0.0070724883,0.024977338,0.003631413,-0.0022574654,-0.12398466,49.85717,0.1,0.17478256,0.34287313,0.12463105,0.09350222,inf,inf,inf,inf,1,1,1,1,2,0,2,1,2,1,1,1,0
20991000,20991000,5596000,40.1540307,116.25948609999999,-0.062142093,-0.047943275,-0.016772354,-0.0100072045,0.025219223,0.0,-8.626428e-05,0.0013994862,-0.002588513,-0.00401685,0.004424489,0.00093776337,0.0057061017,-0.008087154,-0.019143337,-0.05487818,-0.002166807,-0.12398466,49.85717,0.10088224,0.17336066,0.34217292,0.122601144,0.09383048,inf,inf,inf,inf,1,1,1,1,2,0,2,1,2,1,1,1,0
21500000,21500000,5596000,40.1540307,116.25948609999999,-0.06947117,-0.04758938,-0.018353296,-0.0100072045,0.025219223,0.0,-0.005698806,-0.0005343382,-5.9814538e-05,-0.0019338976,0.004424489,0.00093776337,0.0057061017,0.0016087408,-0.003721789,0.028427688,-0.0022924829,-0.12398466,49.85717,0.10164625,0.17285736,0.34015268,0.14444819,0.09379206,inf,inf,inf,inf,1,1,1,1,2,0,2,1,2,1,1,1,0
22004000,22004000,5596000,40.1540307,116.25948609999999,-0.06744938,-0.051042218,-0.015365618,-0.0100072045,0.025219223,0.0,-0.004094498,-0.001316667,0.0045474702,0.0048380876,0.004424489,0.00093776337,0.0057061017,-0.020814246,-0.010955864,0.043175288,-0.00205655,-0.12398466,49.85717,0.1008572,0.1733965,0.33882514,0.1821732,0.09357402,inf,inf,inf,inf,1,1,1,1,2,0,2,1,2,1,1,1,0
22495000,22495000,5596000,40.1540307,116.25948609999999,-0.05838989,-0.04648425,-0.044727948,-0.0100072045,0.025219223,0.0,0.012060114,0.00073729956,-0.28465417,-0.28926763,0.004424489,0.00093776337,0.0057061017,0.04195514,0.0018771789,-1.0413789,-0.00068310305,-0.12398466,49.85717,0.13031784,0.17354393,0.33880773,0.17921495,0.09310413,inf,inf,inf,inf,1,1,1,1,2,0,2,1,2,1,1,1,0
22996000,22996000,5596000,40.1540307,116.25948609999999,-0.044024307,-0.040945552,-0.20349562,-0.0100072045,0.025219223,0.0,0.0097824,-0.004510312,-0.2689946,-0.2799187,0.004424489,0.00093776337,0.0057061017,-0.022928704,0.001067233,-0.08280203,0.0013265344,-0.12398466,49.85717,0.2890855,0.17106739,0.33753097,0.15217936,0.09056694,inf,inf,inf,inf,1,1,1,1,2,0,2,1,2,1,1,1,0
23496000,23496000,5596000,40.1540307,116.25948609999999,-0.03755726,-0.04806851,-0.33269265,-0.0100072045,0.025219223,0.0,-0.001335629,-0.0075119804,-0.2593454,-0.26088715,0.004424489,0.00093776337,0.0057061017,-0.06047374,-0.0038775867,0.08017476,0.00067660626,-0.12398466,49.85717,0.41828254,0.17329025,0.33746848,0.1379644,0.085655905,inf,inf,inf,inf,1,1,1,1,2,0,2,1,2,1,1,1,0
23999000,23999000,5596000,40.1540307,116.25948609999999,-0.04004412,-0.049366873,-0.44844055,-0.0100072045,0.025219223,0.0,-0.008812455,-0.004483297,-0.23607905,-0.2299316,0.004424489,0.00093776337,0.0057061017,-0.011254013,0.004114768,0.07586646,0.00020135063,-0.12398466,49.85717,0.53403044,0.1724355,0.33593172,0.14735061,0.08296832,inf,inf,inf,inf,1,1,1,1,2,0,2,1,2,1,1,1,0
24500000,24500000,5596000,40.1540307,116.25948609999999,-0.04211864,-0.04587424,-0.5487303,-0.0100072045,0.025219223,0.0,-0.008528335,0.00040989032,-0.20051779,-0.18975489,0.004424489,0.00093776337,0.0057061017,-0.015836356,-0.008198606,0.08544325,0.00011700766,-0.12398466,49.85717,0.6343202,0.17205805,0.33596146,0.1520316,0.08206477,inf,inf,inf,inf,1,1,1,1,2,0,2,1,2,1,1,1,0
24996000,24996000,5596000,40.1540307,116.25948609999999,-0.040539157,-0.038403526,-0.631789,-0.0100072045,0.025219223,0.0,-0.010725503,0.0023269625,-0.16982625,-0.15622339,0.004424489,0.00093776337,0.0057061017,-0.018939095,-0.02036043,0.04039425,0.0002968309,-0.12398466,49.85717,0.7173789,0.1717273,0.33448368,0.14825933,0.082093425,inf,inf,inf,inf,1,1,1,1,2,0,2,1,2,1,1,1,0
25504000,25504000,5596000,40.1540307,116.25948609999999,-0.054287508,-0.038548373,-0.70068306,-0.0100072045,0.025219223,0.0,-0.011838431,-0.0074757608,-0.13696715,-0.12105295,0.004424489,0.00093776337,0.0057061017,-0.0076656127,-0.019666957,0.761874,0.0003036932,-0.12398466,49.85717,0.78627294,0.17156847,0.334557,0.1417365,0.082851574,inf,inf,inf,inf,1,1,1,1,2,0,2,1,2,1,1,1,0
25996000,25996000,5596000,40.1540307,116.25948609999999,-0.06696376,-0.046846043,-0.62478083,-0.0100072045,0.025219223,0.0,-0.00571772,-0.0030405526,0.07225527,0.097513966,0.004424489,0.00093776337,0.0057061017,0.044431705,0.0040849233,-0.4223235,0.00016539561,-0.12398466,49.85717,0.7103707,0.1712952,0.33322135,0.13382132,0.08381378,inf,inf,inf,inf,1,1,1,1,2,0,2,1,2,1,1,1,0
26504000,26504000,5596000,40.1540307,116.25948609999999,-0.068827674,-0.04369639,-0.61547947,-0.0100072045,0.025219223,0.0,0.006506668,0.0069962656,0.026616914,0.032267928,0.004424489,0.00093776337,0.0057061017,-0.012416909,0.002788496,-0.08583731,0.000101863116,-0.12398466,49.85717,0.70106936,0.17095396,0.33201236,0.12770808,0.084866226,inf,inf,inf,inf,1,1,1,1,2,0,2,1,2,1,1,0,0
27000000,27000000,5596000,40.1540307,116.25948609999999,-0.06878298,-0.045640897,-0.6160378,-0.0100072045,0.025219223,0.0,0.010265624,0.0041314573,-0.00014366847,-0.0011480761,0.004424489,0.00093776337,0.0057061017,-0.010754065,0.01442979,0.007867068,0.00013877582,-0.12398466,49.85717,0.7016277,0.17048956,0.3324187,0.12213879,0.085955046,inf,inf,inf,inf,1,1,1,1,2,0,2,1,2,1,1,0,0
27496000,27496000,5596000,40.1540307,116.25948609999999,-0.062045198,-0.038832746,-0.62557626,-0.0100072045,0.025219223,0.0,0.013921393,0.008125683,-0.009363645,-0.0146814175,0.004424489,0.00093776337,0.0057061017,-0.00064920046,0.01208734,-0.032526437,-2.836926e-05,-0.12398466,49.85717,0.71116614,0.17002378,0.33142108,0.11782549,0.08682179,inf,inf,inf,inf,1,1,1,1,2,0,2,1,2,1,1,0,0
27999000,27999000,5596000,40.1540307,116.25948609999999,-0.05574895,-0.034361623,-0.6343318,-0.0100072045,0.025219223,0.0,0.009490055,0.0016137739,-0.012233622,-0.017619276,0.004424489,0.00093776337,0.0057061017,0.0040916847,0.0032258711,-0.011985189,-2.8420065e-05,-0.12398466,49.85717,0.7199217,0.16940044,0.3320259,0.11424795,0.08760994,inf,inf,inf,inf,1,1,1,1,2,0,2,1,2,1,1,0,0
28496000,28496000,5596000,40.1540307,116.25948609999999,-0.050106555,-0.026384402,-0.64552313,-0.0100072045,0.025219223,0.0,0.004766203,-0.00060506654,-0.014613897,-0.021092491,0.004424489,0.00093776337,0.0057061017,-0.01767472,0.0046292697,0.0045783813,0.00016601212,-0.12398466,49.85717,0.731113,0.16893633,0.33126268,0.11220945,0.08817147,inf,inf,inf,inf,1,1,1,1,2,0,2,1,2,1,1,0,0
29000000,29000000,5596000,40.1540307,116.25948609999999,-0.045987207,-0.022368835,-0.6553878,-0.0100072045,0.025219223,0.0,-0.00010055208,-0.0062135495,-0.010853071,-0.017385546,0.004424489,0.00093776337,0.0057061017,-0.01403713,-0.0012955933,0.012501142,2.8332339e-05,-0.12398466,49.85717,0.7409777,0.16837217,0.3305763,0.11046954,0.08855687,inf,inf,inf,inf,1,1,1,1,2,0,2,1,2,1,1,0,0
29504000,29504000,5596000,40.1540307,116.25948609999999,-0.0442419,-0.0286914,-0.6634003,-0.0100072045,0.025219223,0.0,-0.0075834077,-0.009722226,-0.008690189,-0.014675464,0.004424489,0.00093776337,0.0057061017,-0.01244891,-0.006251093,0.003113515,0.0001366001,-0.12398466,49.85717,0.7489902,0.1678589,0.33143574,0.10909351,0.08891788,inf,inf,inf,inf,1,1,1,1,2,0,2,1,2,1,1,0,0
30000000,30000000,5596000,40.1540307,116.25948609999999,-0.041982833,-0.02976277,-0.66854197,-0.0100072045,0.025219223,0.0,-0.0070760953,-0.00794007,-0.006780721,-0.01090807,0.004424489,0.00093776337,0.0057061017,-0.0012536818,-0.008752246,-0.024764666,6.11988e-05,-0.12398466,49.85717,0.75413185,0.16745426,0.33233148,0.10856273,0.08918211,inf,inf,inf,inf,1,1,1,1,2,0,2,1,2,1,1,0,0
30496000,30496000,5596000,40.1540307,116.25948609999999,-0.043935895,-0.03861479,-0.67065173,-0.0100072045,0.025219223,0.0,-0.0096360305,-0.0070328983,-0.00888095,-0.010317933,0.004424489,0.00093776337,0.0057061017,-0.014240817,0.0004973064,0.030796975,-9.344563e-05,-0.12398466,49.85717,0.7562416,0.16706209,0.3317779,0.10804793,0.0892485,inf,inf,inf,inf,1,1,1,1,2,0,2,1,2,1,1,0,0
31000000,31000000,5596000,40.1540307,116.25948609999999,-0.044383347,-0.055264108,-0.67358506,-0.0100072045,0.025219223,0.0,-0.00819503,-0.0034875704,-0.0078013334,-0.0073598153,0.004424489,0.00093776337,0.0057061017,-0.0043199193,0.028682113,0.05155471,-8.0768295e-05,-0.12398466,49.85717,0.75917494,0.16682419,0.3312325,0.10796885,0.089267746,inf,inf,inf,inf,1,1,1,1,2,0,2,1,2,1,1,0,0
31500000,31500000,5596000,40.1540307,116.25948609999999,-0.051658418,-0.054561272,-0.675087,-0.0100072045,0.025219223,0.0,-0.010246121,0.011309753,-0.011489969,-0.008878959,0.004424489,0.00093776337,0.0057061017,-0.021395301,-0.0048300996,0.0035408882,7.671293e-05,-0.12398466,49.85717,0.76067686,0.1664989,0.33217582,0.107860416,0.08932176,inf,inf,inf,inf,1,1,1,1,2,0,2,1,2,1,1,0,0
31996000,31996000,5596000,40.1540307,116.25948609999999,-0.058872283,-0.046032153,-0.6800005,-0.0100072045,0.025219223,0.0,-0.004637656,0.014087483,-0.006936279,-0.0055455975,0.004424489,0.00093776337,0.0057061017,0.023275811,-0.021710208,-0.015673226,-2.2629183e-06,-0.12398466,49.85717,0.76559037,0.16627666,0.33160052,0.10770102,0.089239545,inf,inf,inf,inf,1,1,1,1,2,0,2,1,2,1,1,0,0
32500000,32500000,5596000,40.1540307,116.25948609999999,-0.063498974,-0.038738832,-0.68392223,-0.0100072045,0.025219223,0.0,-0.00020678686,0.009388695,-0.0062794057,-0.00614502,0.004424489,0.00093776337,0.0057061017,0.0076949676,0.026396932,-0.0067008655,-7.176954e-05,-0.12398466,49.85717,0.7695121,0.16616741,0.33253118,0.107220806,0.08927431,inf,inf,inf,inf,1,1,1,1,2,0,2,1,2,1,1,0,0
33000000,33000000,5596000,40.1540307,116.25948609999999,-0.06690733,-0.043497927,-0.68485355,-0.0100072045,0.025219223,0.0,0.006025629,0.0028694628,-0.004745461,-0.0040907804,0.004424489,0.00093776337,0.0057061017,0.011415211,0.03414808,-0.024592502,-6.7225614e-05,-0.12398466,49.85717,0.77044344,0.16584523,0.33193904,0.10680265,0.08913175,inf,inf,inf,inf,1,1,1,1,2,0,2,1,2,1,1,0,0
33503000,33503000,5596000,40.1540307,116.25948609999999,-0.06574415,-0.044287108,-0.6865094,-0.0100072045,0.025219223,0.0,0.0108863795,0.004649057,-0.002539944,-0.0016457206,0.004424489,0.00093776337,0.0057061017,0.0075211604,0.0033391553,-0.040155437,-0.00011947653,-0.12398466,49.85717,0.77209926,0.1656152,0.3328436,0.10680404,0.08911701,inf,inf,inf,inf,1,1,1,1,2,0,2,1,2,1,1,0,0
33994000,33994000,5596000,40.1540307,116.25948609999999,-0.05617602,-0.03677188,-0.68598765,-0.0100072045,0.025219223,0.0,0.012127683,0.007880881,-0.003230294,-0.00091144873,0.004424489,0.00093776337,0.0057061017,-0.011127945,0.0045149378,-0.015677882,2.229608e-05,-0.12398466,49.85717,0.77157754,0.16541389,0.3337127,0.10607822,0.089097105,inf,inf,inf,inf,1,1,1,1,2,0,2,1,2,1,1,0,0
34499000,34499000,5596000,40.1540307,116.25948609999999,-0.04513157,-0.025867913,-0.69028884,-0.0100072045,0.025219223,0.0,0.00530576,0.0044881413,-0.001067293,-0.0013891413,0.004424489,0.00093776337,0.0057061017,-0.0045122686,-0.019120263,-0.012728385,0.00010203438,-0.12398466,49.85717,0.7758787,0.16529407,0.3330244,0.10545198,0.08897565,inf,inf,inf,inf,1,1,1,1,2,0,2,1,2,1,1,0,0
34996000,34996000,5596000,40.1540307,116.25948609999999,-0.045568988,-0.019953093,-0.69276935,-0.0100072045,0.025219223,0.0,-0.0029290335,-0.005554114,0.00060200546,-0.0014380458,0.004424489,0.00093776337,0.0057061017,0.02700335,0.00061039464,0.012790784,4.932583e-05,-0.12398466,49.85717,0.77835923,0.16519725,0.33384052,0.105233684,0.08898558,inf,inf,inf,inf,1,1,1,1,2,0,2,1,2,1,1,0,0
35499000,35499000,5596000,40.1540307,116.25948609999999,-0.05314701,-0.022166388,-0.69314665,-0.0100072045,0.025219223,0.0,-0.0058897375,-0.011403261,0.00049007975,-0.0012516131,0.004424489,0.00093776337,0.0057061017,-0.022573587,-0.035164338,0.020268371,2.4124747e-05,-0.12398466,49.85717,0.77873653,0.16508989,0.3331296,0.10524906,0.08887984,inf,inf,inf,inf,1,1,1,1,2,0,2,1,2,1,1,0,0
35995000,35995000,5596000,40.1540307,116.25948609999999,-0.058167618,-0.023378372,-0.69267625,-0.0100072045,0.025219223,0.0,-0.001954194,-0.011375989,0.00091904047,-0.00023166156,0.004424489,0.00093776337,0.0057061017,-0.0013313831,-0.0042869714,-0.009404495,-4.723968e-05,-0.12398466,49.85717,0.77826613,0.16491489,0.33393797,0.10468974,0.08888746,inf,inf,inf,inf,1,1,1,1,2,0,2,1,2,1,1,0,0
36496000,36496000,5596000,40.1540307,116.25948609999999,-0.054604705,-0.022077093,-0.6939822,-0.0100072045,0.025219223,0.0,0.004076785,-0.015266271,0.001744529,-0.00019586834,0.004424489,0.00093776337,0.0057061017,0.01283208,-0.0278332,-0.036750916,1.2747379e-05,-0.12398466,49.85717,0.77957207,0.16423106,0.33279064,0.10398951,0.08862613,inf,inf,inf,inf,1,1,1,1,2,0,2,1,2,1,1,0,0
37008000,37008000,5596000,40.1540307,116.25948609999999,-0.055921704,-0.026159868,-0.69362646,-0.0100072045,0.025219223,0.0,0.003523477,-0.016047224,0.0028937343,0.0017283676,0.004424489,0.00093776337,0.0057061017,0.014908618,-0.018441347,-0.03312197,2.4786532e-05,-0.12398466,49.85717,0.77921635,0.16555212,0.3330834,0.10505372,0.088966236,inf,inf,inf,inf,1,1,1,1,2,0,2,1,2,1,1,0,0
37500000,37500000,5596000,40.1540307,116.25948609999999,-0.053006627,-0.027441587,-0.69183016,-0.0100072045,0.025219223,0.0,0.0013587583,-0.011785655,-0.00029419258,0.00036894425,0.004424489,0.00093776337,0.0057061017,0.007808811,-0.0075992774,0.044574957,-4.874667e-05,-0.12398466,49.85717,0.77742004,0.1648528,0.33345407,0.10432414,0.088829406,inf,inf,inf,inf,1,1,1,1,2,0,2,1,2,1,1,0,0
38003000,38003000,5596000,40.1540307,116.25948609999999,-0.055870164,-0.0411192,-0.69396496,-0.0100072045,0.025219223,0.0,0.0008004526,-0.012875328,-0.0007414575,-0.0016766769,0.004424489,0.00093776337,0.0057061017,0.011111292,0.020504348,0.006042421,4.5490877e-05,-0.12398466,49.85717,0.77955484,0.16478536,0.33279893,0.10404084,0.088766284,inf,inf,inf,inf,1,1,1,1,2,0,2,1,2,1,1,0,0
38500000,38500000,5596000,40.1540307,116.25948609999999,-0.044825535,-0.0506615,-0.6960135,-0.0100072045,0.025219223,0.0,0.0017988093,-0.0022602656,0.000768195,-0.0013915711,0.004424489,0.00093776337,0.0057061017,-0.016264914,0.0036612817,0.044764016,3.919044e-05,-0.12398466,49.85717,0.7816034,0.16398096,0.33317086,0.10342073,0.08860759,inf,inf,inf,inf,1,1,1,1,2,0,2,1,2,1,1,0,0
38999000,38999000,5596000,40.1540307,116.25948609999999,-0.038516212,-0.049908817,-0.69498914,-0.0100072045,0.025219223,0.0,-0.0054310746,0.0050005657,0.001710139,0.00046924414,0.004424489,0.00093776337,0.0057061017,-0.0039902604,0.011360459,-0.0015832483,8.8778346e-05,-0.12398466,49.85717,0.78057903,0.1640979,0.33258477,0.10369409,0.088596374,inf,inf,inf,inf,1,1,1,1,2,0,2,1,2,1,1,0,0
39496000,39496000,5596000,40.1540307,116.25948609999999,-0.040808737,-0.047174912,-0.6921506,-0.0100072045,0.025219223,0.0,-0.009933141,0.009292113,-0.00070956966,0.0003960324,0.004424489,0.00093776337,0.0057061017,0.008801321,0.018164055,-0.05959812,1.1592512e-05,-0.12398466,49.85717,0.7777405,0.17152795,0.33588964,0.10744225,0.09059153,inf,inf,inf,inf,1,1,1,1,2,0,2,1,2,1,1,0,0
39996000,39996000,5596000,40.1540307,116.25948609999999,-0.041538663,-0.03738689,-0.6895313,-0.0100072045,0.025219223,0.0,-0.010795041,0.009922766,-0.0034797157,-0.00049543596,0.004424489,0.00093776337,0.0057061017,-0.0041146646,-0.031751577,-0.0056900084,-3.946859e-05,-0.12398466,49.85717,0.7751212,0.17105253,0.33512396,0.10702785,0.09043287,inf,inf,inf,inf,1,1,1,1,2,0,2,1,2,1,1,0,0
40492000,40492000,5596000,40.1540307,116.25948609999999,-0.035991907,-0.035722792,-0.6869598,-0.0100072045,0.025219223,0.0,-0.009429567,0.001560543,-0.0041501066,0.0011704452,0.004424489,0.00093776337,0.0057061017,-0.021040123,0.009799907,-0.0012582167,0.00011939963,-0.12398466,49.85717,0.7725497,0.17004457,0.33544403,0.10654572,0.090242,inf,inf,inf,inf,1,1,1,1,2,0,2,1,2,1,1,0,0
40996000,40996000,5596000,40.1540307,116.25948609999999,-0.04715162,-0.032224312,-0.6876449,-0.0100072045,0.025219223,0.0,-0.017802346,-0.0022432029,-0.003327014,0.00165401,0.004424489,0.00093776337,0.0057061017,0.010201359,0.011911256,0.00094994897,6.523199e-05,-0.12398466,49.85717,0.7732348,0.16969456,0.33472916,0.10625763,0.09011552,inf,inf,inf,inf,1,1,1,1,2,0,2,1,2,1,1,0,0
41492000,41492000,5596000,40.1540307,116.25948609999999,-0.061682515,-0.03133325,-0.6890441,-0.0100072045,0.025219223,0.0,-0.010276343,-0.0059496528,-0.004377071,-0.0008975306,0.004424489,0.00093776337,0.0057061017,0.02207477,-0.02446227,-0.06274879,6.057019e-05,-0.12398466,49.85717,0.774634,0.1696444,0.33556184,0.10624095,0.090167895,inf,inf,inf,inf,1,1,1,1,2,0,2,1,2,1,1,0,0
41996000,41996000,5596000,40.1540307,116.25948609999999,-0.058362402,-0.03628509,-0.6903146,-0.0100072045,0.025219223,0.0,0.003947045,-0.006245982,-0.00706317,-0.004194134,0.004424489,0.00093776337,0.0057061017,0.0046660113,0.0011810331,-0.027105212,1.9232655e-06,-0.12398466,49.85717,0.7759045,0.16998103,0.33526617,0.10609044,0.090221964,inf,inf,inf,inf,1,1,1,1,2,0,2,1,2,1,1,0,0
42499000,42499000,5596000,40.1540307,116.25948609999999,-0.061107706,-0.03677766,-0.6893804,-0.0100072045,0.025219223,0.0,0.0023995668,-0.003799121,-0.0039879363,-0.00024493376,0.004424489,0.00093776337,0.0057061017,-0.0039038921,-0.012943656,-0.009867362,-7.9869615e-06,-0.12398466,49.85717,0.7749703,0.1696637,0.33601224,0.10597512,0.09021235,inf,inf,inf,inf,1,1,1,1,2,0,2,1,2,1,1,0,0
43000000,43000000,5596000,40.1540307,116.25948609999999,-0.05777963,-0.036786698,-0.68862534,-0.0100072045,0.025219223,0.0,0.006381601,-0.0014764639,-0.0036907746,0.00074896635,0.004424489,0.00093776337,0.0057061017,-0.00082629314,0.007615731,-0.042286184,7.830976e-05,-0.12398466,49.85717,0.7742152,0.16922806,0.33519712,0.10548259,0.0900488,inf,inf,inf,inf,1,1,1,1,2,0,2,1,2,1,1,0,0
43505000,43505000,5596000,40.1540307,116.25948609999999,-0.043492652,-0.038704127,-0.69053346,-0.0100072045,0.025219223,0.0,0.0035062048,-0.0014628704,-0.0015648383,0.0013366262,0.004424489,0.00093776337,0.0057061017,-0.043452423,-0.0062985956,0.007461343,5.3063937e-05,-0.12398466,49.85717,0.77612334,0.16809733,0.3354645,0.10480513,0.08981749,inf,inf,inf,inf,1,1,1,1,2,0,2,1,2,1,1,0,0
44001000,44001000,5596000,40.1540307,116.25948609999999,-0.041038003,-0.040850874,-0.69010234,-0.0100072045,0.025219223,0.0,-0.0067408704,0.0017645948,-0.0044292836,-0.0010596173,0.004424489,0.00093776337,0.0057061017,-0.010768593,-0.009312101,0.026256591,-2.4427825e-05,-0.12398466,49.85717,0.7756922,0.16849163,0.3352298,0.10476805,0.08989842,inf,inf,inf,inf,1,1,1,1,2,0,2,1,2,1,1,0,0
44487000,44487000,5596000,40.1540307,116.25948609999999,-0.044122458,-0.03966483,-0.6894059,-0.0100072045,0.025219223,0.0,-0.012351357,0.0050902045,-0.0018059756,0.0019912934,0.004424489,0.00093776337,0.0057061017,0.013650787,0.007877602,-0.047353093,4.962216e-05,-0.12398466,49.85717,0.7749958,0.16744965,0.33551702,0.10414133,0.08968365,inf,inf,inf,inf,1,1,1,1,2,0,2,1,2,1,1,0,0
45000000,45000000,5596000,40.1540307,116.25948609999999,-0.0437428,-0.04400582,-0.6906387,-0.0100072045,0.025219223,0.0,-0.0104078,0.0018258834,-0.000534083,0.0021404207,0.004424489,0.00093776337,0.0057061017,0.0018875598,0.003159756,-0.028254462,4.282015e-05,-0.12398466,49.85717,0.7762286,0.16712941,0.3347511,0.104260325,0.089549996,inf,inf,inf,inf,1,1,1,1,2,0,2,1,2,1,1,0,0
45496000,45496000,5596000,40.1540307,116.25948609999999,-0.044129953,-0.045352142,-0.6906788,-0.0100072045,0.025219223,0.0,-0.009632204,0.0034936718,-0.0034111403,-0.0006912535,0.004424489,0.00093776337,0.0057061017,-0.01874788,0.020156989,-0.06339698,6.918848e-05,-0.12398466,49.85717,0.77626866,0.1675472,0.3345155,0.104172446,0.08963425,inf,inf,inf,inf,1,1,1,1,2,0,2,1,2,1,1,0,0
45996000,45996000,5596000,40.1540307,116.25948609999999,-0.045790344,-0.038524482,-0.56556416,-0.0100072045,0.025219223,0.0,-0.0038947228,-0.001344081,0.65763247,0.67906916,0.004424489,0.00093776337,0.0057061017,-0.027180009,-0.16174172,1.9311912,0.06792804,-0.12398466,49.85717,0.65115404,0.16711572,0.3337705,0.10242932,0.08948656,inf,inf,inf,inf,1,1,1,1,2,0,2,1,2,1,1,0,0
46496000,46496000,5596000,40.1540307,116.25948609999999,-0.042416587,-0.053666018,-0.19354203,-0.0100072045,0.025219223,0.0,7.252677e-05,-0.008735667,0.52019763,0.5486885,0.004424489,0.00093776337,0.0057061017,0.0034667635,0.072997615,-0.47383362,0.0104415985,-0.12398466,49.85717,0.27913192,0.16652928,0.33458284,0.102334745,0.089455135,inf,inf,inf,inf,1,1,1,1,2,0,2,1,2,1,1,0,0
46999000,46999000,5596000,40.1540307,116.25948609999999,-0.0503335,-0.045962736,0.05353231,-0.0100072045,0.025219223,0.0,0.0016575331,0.0043082093,-0.062362947,-0.06549736,0.004424489,0.00093776337,0.0057061017,0.084645495,-0.1320512,0.9928047,-0.012303502,-0.12398466,49.85717,0.1,0.16617456,0.33383343,0.102544926,0.0893177,inf,inf,inf,inf,1,1,1,1,2,0,2,1,2,1,1,0,0
47499000,47499000,5596000,40.1540307,116.25948609999999,-0.04928794,-0.04678996,-0.05416286,-0.0100072045,0.025219223,0.0,0.005336177,-0.0019329429,-0.06506931,-0.12294597,0.004424489,0.00093776337,0.0057061017,0.004854555,0.008398212,-0.026215797,-0.0116560785,-0.12398466,49.85717,0.14781961,0.16538602,0.33406487,0.109529555,0.08450128,inf,inf,inf,inf,1,1,1,1,2,0,2,1,2,1,1,0,0
48000000,48000000,5596000,40.1540307,116.25948609999999,-0.05291292,-0.048725456,-0.07511444,-0.0100072045,0.025219223,0.0,0.0035377142,-0.0059275227,-0.055657588,-0.07732557,0.004424489,0.00093776337,0.0057061017,-0.0012069829,-0.03988886,0.016468575,-0.01126085,-0.12398466,49.85717,0.16877118,0.16633683,0.3335964,0.121266045,0.08118179,inf,inf,inf,inf,1,1,1,1,2,0,2,1,2,1,1,0,0
48492000,48492000,5596000,40.1540307,116.25948609999999,-0.055852827,-0.05357799,-0.07544604,-0.0100072045,0.025219223,0.0,0.00085313804,-0.008406867,-0.049201913,-0.042646673,0.004424489,0.00093776337,0.0057061017,0.002207,0.013839321,0.015486446,-0.011187912,-0.12398466,49.85717,0.16910279,0.16585939,0.33357117,0.12696189,0.07970883,inf,inf,inf,inf,1,1,1,1,2,0,2,1,2,1,1,0,0
48996000,48996000,5596000,40.1540307,116.25948609999999,-0.06025384,-0.05492105,-0.074503995,-0.0100072045,0.025219223,0.0,-0.0024073052,-0.006251651,-0.043021455,-0.021454684,0.004424489,0.00093776337,0.0057061017,-0.0027574624,-0.013227083,0.0201532,-0.011248542,-0.12398466,49.85717,0.1138483,0.1661203,0.33390057,0.124162406,0.079653524,inf,inf,inf,inf,1,1,1,1,2,0,2,1,2,1,1,1,0
49503000,49503000,5596000,40.1540307,116.25948609999999,-0.06679182,-0.05346706,-0.076514944,-0.0100072045,0.025219223,0.0,-0.0033332317,-0.0029963653,-0.036889993,-0.011143816,0.004424489,0.00093776337,0.0057061017,-0.012681226,0.016044568,0.056641173,-0.011290375,-0.12398466,49.85717,0.10983222,0.16692622,0.33306617,0.11874851,0.08047057,inf,inf,inf,inf,1,1,1,1,2,0,2,1,2,1,1,1,0
49992000,49992000,5596000,40.1540307,116.25948609999999,-0.062338866,-0.051283363,-0.07877954,-0.0100072045,0.025219223,0.0,0.0002638802,-0.0011943076,-0.031739842,-0.00645316,0.004424489,0.00093776337,0.0057061017,0.017367356,0.000832988,-0.006739464,-0.011245286,-0.12398466,49.85717,0.10491356,0.17353453,0.33440632,0.12045036,0.0828397,inf,inf,inf,inf,1,1,1,1,2,0,2,1,2,1,1,1,0
50491000,50491000,5596000,40.1540307,116.25948609999999,-0.059617154,-0.050488506,-0.08334358,-0.0100072045,0.025219223,0.0,0.0017731366,-0.0013981466,-0.027875349,-0.0059638293,0.004424489,0.00093776337,0.0057061017,-0.011641361,0.009374091,-0.049207356,-0.01127026,-0.12398466,49.85717,0.103216454,0.17301193,0.33321023,0.11783694,0.08413227,inf,inf,inf,inf,1,1,1,1,2,0,2,1,2,1,1,1,0
50996000,50996000,5596000,40.1540307,116.25948609999999,-0.056615405,-0.05602385,-0.08638888,-0.0100072045,0.025219223,0.0,0.0010810612,-0.0023191315,-0.028651658,-0.00827652,0.004424489,0.00093776337,0.0057061017,0.0024831502,-0.01877556,-0.02585817,-0.011205297,-0.12398466,49.85717,0.104392625,0.17324242,0.332549,0.11636394,0.08559956,inf,inf,inf,inf,1,1,1,1,2,0,2,1,2,1,1,1,0
51495000,51495000,5596000,40.1540307,116.25948609999999,-0.05813595,-0.05876657,-0.08573274,-0.0100072045,0.025219223,0.0,0.0010371279,-0.00013927369,-0.022548897,-8.0645725e-05,0.004424489,0.00093776337,0.0057061017,0.012966131,0.01021685,0.035259873,-0.011113397,-0.12398466,49.85717,0.10418689,0.17265184,0.3330682,0.114568084,0.0868266,inf,inf,inf,inf,1,1,1,1,2,0,2,1,2,1,1,1,0
