timestamp,x,y,z,yaw,yawspeed,vx,vy,vz,acceleration[0],acceleration[1],acceleration[2],jerk[0],jerk[1],jerk[2],thrust[0],thrust[1],thrust[2]
11668000,nan,nan,nan,-0.0022751219,0.0,nan,nan,nan,0.0,0.0,100.0,0.0,0.0,0.0,-0.0,-0.0,-0.001
11676000,nan,nan,nan,-0.0022835117,0.0,nan,nan,nan,0.0,0.0,100.0,0.0,0.0,0.0,-0.0,-0.0,-0.001
11772000,nan,nan,nan,-0.0023320122,0.0,nan,nan,nan,0.0,0.0,100.0,0.0,0.0,0.0,-0.0,-0.0,-0.001
11872000,nan,nan,nan,-0.0023640026,0.0,nan,nan,nan,0.0,0.0,100.0,0.0,0.0,0.0,-0.0,-0.0,-0.001
11968000,nan,nan,nan,-0.0023183739,0.0,nan,nan,nan,0.0,0.0,100.0,0.0,0.0,0.0,-0.0,-0.0,-0.001
12068000,nan,nan,nan,-0.0022313108,0.0,nan,nan,nan,0.0,0.0,100.0,0.0,0.0,0.0,-0.0,-0.0,-0.001
12172000,nan,nan,nan,-0.0021275128,0.0,nan,nan,nan,0.0,0.0,100.0,0.0,0.0,0.0,-0.0,-0.0,-0.001
12279000,nan,nan,nan,-0.0020497579,0.0,nan,nan,nan,0.0,0.0,100.0,0.0,0.0,0.0,-0.0,-0.0,-0.001
12375000,nan,nan,nan,-0.0020534312,0.0,nan,nan,nan,0.0,0.0,100.0,0.0,0.0,0.0,-0.0,-0.0,-0.001
12475000,nan,nan,nan,-0.0020822121,0.0,nan,nan,nan,0.0,0.0,100.0,0.0,0.0,0.0,-0.0,-0.0,-0.001
12573000,nan,nan,nan,-0.002091029,0.0,nan,nan,nan,0.0,0.0,100.0,0.0,0.0,0.0,-0.0,-0.0,-0.001
12681000,nan,nan,nan,-0.0020544364,0.0,nan,nan,nan,0.0,0.0,100.0,0.0,0.0,0.0,-0.0,-0.0,-0.001
12773000,nan,nan,nan,-0.0019768432,0.0,nan,nan,nan,0.0,0.0,100.0,0.0,0.0,0.0,-0.0,-0.0,-0.001
12875000,0.046418104,0.023421178,-1.0,0.0,0.0,-0.00073692424,7.9482976e-05,2.431673,-0.0027862624,-0.0048000747,9.726774,0.0,0.0,0.0,-1.6941427e-06,-2.9186099e-06,-0.0048870444
12967000,0.046418104,0.023421178,-1.0,0.0,0.0,-0.0012662174,-6.644698e-05,2.2644887,-0.0020214834,-0.0049455445,9.492286,0.0,0.0,0.0,-5.0252306e-06,-1.229419e-05,-0.019233763
13080000,0.046418104,0.023421178,-1.0,0.0,0.0,-0.0003637092,1.9149667e-05,2.0591428,-0.0009352266,-0.0050418884,9.147605,0.0,0.0,0.0,-2.539095e-06,-1.3688482e-05,-0.040322363
13167000,0.046418104,0.023421178,-1.0,0.0,0.0,0.0002666479,-0.0005497416,1.9010446,0.001833027,-0.010431798,8.86907,0.0,0.0,0.0,1.0839295e-05,-6.1686675e-05,-0.057363987
13267000,0.046418104,0.023421178,-1.0,0.0,0.0,0.00031412038,-0.0015505303,1.7193224,0.0016731254,-0.011892386,8.516117,0.0,0.0,0.0,1.4210936e-05,-0.000101009726,-0.07895869
13372000,0.046418104,0.023421178,-1.0,0.0,0.0,0.0005464397,-0.002666571,1.5285144,0.0032385539,-0.016457612,8.084186,0.0,0.0,0.0,3.5126985e-05,-0.00017850754,-0.10538551
13472000,0.046418104,0.023421178,-1.0,0.0,0.0,-0.00028513224,-0.004377718,1.3467925,-0.0020982716,-0.017316172,7.645556,0.0,0.0,0.0,-2.8002134e-05,-0.00023109009,-0.13222218
13571000,0.046418104,0.023421178,-1.0,0.0,0.0,-0.001254344,-0.0063183447,1.1668876,-0.0020300222,-0.023834182,7.180441,0.0,0.0,0.0,-3.3291395e-05,-0.0003908692,-0.16067931
13671000,0.046418104,0.023421178,-1.0,0.0,0.0,-0.0026919034,-0.0074329926,0.9851655,-0.011427861,-0.022904223,6.665764,0.0,0.0,0.0,-0.0002236426,-0.00044823438,-0.19216877
13767000,0.046418104,0.023421178,-1.0,0.0,0.0,-0.003988319,-0.0084027955,0.8107126,-0.012524415,-0.028455649,6.1428223,0.0,0.0,0.0,-0.0002874546,-0.0006531009,-0.22416389
13872000,0.046418104,0.023421178,-1.0,0.0,0.0,-0.005488767,-0.009844786,0.61990464,-0.021796796,-0.03012709,5.5293937,0.0,0.0,0.0,-0.0005801844,-0.00080191897,-0.2616953
13967000,0.046418104,0.023421178,-1.0,0.0,0.0,-0.005534031,-0.010169438,0.44726896,-0.013524253,-0.034610227,4.931572,0.0,0.0,0.0,-0.00041059376,-0.0010507598,-0.2982718
14071000,0.046418104,0.023421178,-1.0,0.0,0.0,-0.005865337,-0.0108721685,0.25827813,-0.013533661,-0.035042148,4.2386303,0.0,0.0,0.0,-0.00046997622,-0.0012168899,-0.34066802
14172000,0.046418104,0.023421178,-1.0,0.0,0.0,-0.005463877,-0.0113404775,0.07473898,-0.011397488,-0.0332049,3.5305595,0.0,0.0,0.0,-0.0004473116,-0.0013031762,-0.3839899
14272000,0.046418104,0.023421178,-1.0,0.0,0.0,-0.004008279,-0.01049132,-0.10698295,-0.007617386,-0.024959536,2.8008468,0.0,0.0,0.0,-0.00033181967,-0.0010872583,-0.4286359
14371000,0.046418104,0.023421178,-1.0,0.0,0.0,-0.0021828285,-0.008729812,-0.28688765,-0.0027948467,-0.016931199,2.0492184,0.0,0.0,0.0,-0.0001360891,-0.00082442863,-0.47462276
14472000,0.046418104,0.023421178,-1.0,0.0,0.0,-0.0010940367,-0.007525305,-0.47042704,-0.0015553697,-0.014269067,1.2454168,0.0,0.0,0.0,-8.542251e-05,-0.0007836719,-0.52380174
14573000,0.046418104,0.023421178,-1.0,0.0,0.0,-0.001235757,-0.005968958,-0.6539664,-0.0068209385,-0.008930633,0.4199617,0.0,0.0,0.0,-0.00039918022,-0.0005226454,-0.57430553
14672000,0.046418104,0.023421178,-1.0,0.0,0.0,-0.0011584434,-0.0040032538,-0.8338709,-0.0026658485,-0.0017317054,-0.46148562,0.0,0.0,0.0,-0.0,-0.0,-0.6282351
14780000,0.046418104,0.023421178,-1.0,0.0,0.0,9.9874844e-05,-0.0021988444,-1.0032337,0.0020814212,0.010639582,-1.1151974,0.0,0.0,0.0,0.00014007543,0.0007160222,-0.6682311
14872000,0.046418104,0.023421178,-1.0,0.0,0.0,0.0012658351,-6.732642e-05,-0.986231,0.004862682,0.022074848,-0.47959137,0.0,0.0,0.0,0.00031006912,0.0014076035,-0.62934285
14972000,0.046418104,0.023421178,-1.0,0.0,0.0,0.0027618662,0.0020981345,-0.94559646,0.011935296,0.028251337,0.035910368,0.0,0.0,0.0,0.0007229202,0.001711182,-0.59780294
15067000,0.046418104,0.023421178,-1.0,0.0,0.0,0.004715104,0.004380443,-0.9000317,0.018373014,0.027008034,0.10437822,0.0,0.0,0.0,0.0011117323,0.0016342287,-0.59361386
15168000,0.046418104,0.023421178,-1.0,0.0,0.0,0.007100673,0.0053752917,-0.8590245,0.020169882,0.02211521,-0.035224438,0.0,0.0,0.0,0.0012452325,0.0013653318,-0.60215515
15273000,0.046418104,0.023421178,-1.0,0.0,0.0,0.007699667,0.0050265347,-0.8248815,0.015317231,0.015922245,-0.14067197,0.0,0.0,0.0,0.0009441204,0.0009814121,-0.60860676
15371000,0.046418104,0.023421178,-1.0,0.0,0.0,0.0074151615,0.0050342535,-0.7979566,0.0069756587,0.017729107,-0.1857369,0.0,0.0,0.0,0.00044397212,0.0011283851,-0.61136395
15472000,0.046418104,0.023421178,-1.0,0.0,0.0,0.0069094487,0.0057932683,-0.77194184,0.0054728193,0.020094937,-0.17365241,0.0,0.0,0.0,0.00034151447,0.0012539627,-0.6106246
15567000,0.046418104,0.023421178,-1.0,0.0,0.0,0.005194886,0.007058403,-0.7475349,-0.00085306354,0.023190843,-0.13959277,0.0,0.0,0.0,-5.2949985e-05,0.0014394645,-0.6085407
15672000,0.046418104,0.023421178,-1.0,0.0,0.0,0.0034948338,0.008512544,-0.7208663,-0.005367478,0.02344426,-0.13029897,0.0,0.0,0.0,-0.00033125666,0.0014468746,-0.6079721
15771000,0.046418104,0.023421178,-1.0,0.0,0.0,0.003118968,0.009041954,-0.6968676,-0.0020177162,0.022102283,-0.13799036,0.0,0.0,0.0,-0.00012668424,0.0013877132,-0.60844266
15868000,0.046418104,0.023421178,-1.0,0.0,0.0,0.0040092845,0.009324272,-0.6741054,0.0021630556,0.017144924,-0.15215755,0.0,0.0,0.0,0.0001342713,0.001064268,-0.6093095
15972000,0.046418104,0.023421178,-1.0,0.0,0.0,0.004400966,0.009920825,-0.64933664,0.0049011055,0.016560866,-0.13760102,0.0,0.0,0.0,0.0003039657,0.0010271021,-0.6084189
16071000,0.046418104,0.023421178,-1.0,0.0,0.0,0.0051037283,0.010019498,-0.6260843,0.0090953335,0.020043924,-0.12499535,0.0,0.0,0.0,0.00056183815,0.0012381559,-0.6076476
16167000,0.046418104,0.023421178,-1.0,0.0,0.0,0.0062487056,0.010209092,-0.6044148,0.0071802973,0.01565008,-0.12772155,0.0,0.0,0.0,0.0004462279,0.0009725924,-0.60781443
16267000,0.046418104,0.023421178,-1.0,0.0,0.0,0.006775642,0.009767919,-0.5825346,0.012660149,0.012242465,-0.13649023,0.0,0.0,0.0,0.0007989811,0.0007726212,-0.6083509
16368000,0.046418104,0.023421178,-1.0,0.0,0.0,0.007276421,0.009236218,-0.5609139,0.015264608,0.0091536045,-0.13535976,0.0,0.0,0.0,0.0009530917,0.0005715328,-0.60828173
16471000,0.046418104,0.023421178,-1.0,0.0,0.0,0.0074596894,0.0079501355,-0.5385587,0.009385312,0.008065928,-0.13418186,0.0,0.0,0.0,0.0005958987,0.0005121274,-0.60820967
16572000,0.046418104,0.023421178,-1.0,0.0,0.0,0.00712121,0.0066182488,-0.51799196,0.006992263,0.0045853327,-0.13309252,0.0,0.0,0.0,0.0004300935,0.00028204342,-0.60814303
16667000,0.046418104,0.023421178,-1.0,0.0,0.0,0.005439702,0.005475917,-0.4993602,-0.0015334946,0.003623876,-0.12994641,0.0,0.0,0.0,-8.180179e-05,0.0001933098,-0.6079505
16779000,0.046418104,0.023421178,-1.0,0.0,0.0,0.0040800828,0.0037996308,-0.47788227,-0.0050967196,0.0018973616,-0.13718557,0.0,0.0,0.0,-0.00039371933,0.00014657034,-0.60839343
16867000,0.046418104,0.023421178,-1.0,0.0,0.0,0.003433538,0.0028650502,-0.46161115,-0.0014729793,0.0009025036,-0.13300014,0.0,0.0,0.0,-0.0,-0.0,-0.60813737
16972000,0.046418104,0.023421178,-1.0,0.0,0.0,0.0027011083,0.0021647636,-0.44204843,-0.0002016453,0.00022629683,-0.12614578,0.0,0.0,0.0,-0.0,-0.0,-0.607718
17072000,0.046418104,0.023421178,-1.0,0.0,0.0,0.002579649,0.001672579,-0.42352384,-0.004187738,-0.0031991634,-0.11605233,0.0,0.0,0.0,-0.00033313723,-0.00025449548,-0.6071004
17167000,0.046418104,0.023421178,-1.0,0.0,0.0,0.002643139,0.0017897809,-0.40582806,-0.0017051513,0.007320117,-0.11648661,0.0,0.0,0.0,-0.000106338484,0.00045650502,-0.607127
17267000,0.046418104,0.023421178,-1.0,0.0,0.0,0.0024028393,0.0020168447,-0.38754463,-0.0055956496,0.0027469061,-0.12033266,0.0,0.0,0.0,-0.000376487,0.00018481762,-0.60736233
17380000,0.046418104,0.023421178,-1.0,0.0,0.0,0.0006605804,0.0025996992,-0.367868,-0.012892288,0.0060143927,-0.12635368,0.0,0.0,0.0,-0.0008288679,0.0003866759,-0.60773075
17472000,0.046418104,0.023421178,-1.0,0.0,0.0,-0.00033470336,0.0036518073,-0.35299718,-0.011197245,0.014958488,-0.117899895,0.0,0.0,0.0,-0.00069950795,0.0009344782,-0.6072135
17568000,0.046418104,0.023421178,-1.0,0.0,0.0,-0.0009170571,0.0043580835,-0.33862114,-0.009516746,0.010933279,-0.121475875,0.0,0.0,0.0,-0.000600206,0.00068954454,-0.6074323
17675000,0.046418104,0.023421178,-1.0,0.0,0.0,-0.0019371175,0.005108042,-0.323202,-0.009624625,0.012339996,-0.13250011,0.0,0.0,0.0,-0.00059173396,0.00075867836,-0.6081068
17771000,0.046418104,0.023421178,-1.0,0.0,0.0,-0.0021172718,0.006340722,-0.3102188,-0.011575258,0.018108835,-0.12824088,0.0,0.0,0.0,-0.000723753,0.0011322706,-0.6078462
17876000,0.046418104,0.023421178,-1.0,0.0,0.0,-0.0022402068,0.008756372,-0.29707932,-0.009922916,0.021872407,-0.13068843,0.0,0.0,0.0,-0.0006132582,0.0013517631,-0.6079959
17972000,0.04883876,0.013971515,-0.7048944,0.0,0.0,0.00031773373,0.001277145,0.008532703,-0.0015602878,0.0031857141,0.8495848,0.0,0.0,0.0,-8.322605e-05,0.00016992663,-0.5480199
18072000,0.04883876,0.013971515,-0.7048944,0.0,0.0,0.0012088568,0.0021719267,0.0019763708,0.00047721318,0.006628206,0.026590884,0.0,0.0,0.0,2.9672281e-05,0.00041213023,-0.5983731
18172000,0.04883876,0.013971515,-0.7048944,0.0,0.0,0.0017539943,0.0032724866,-0.022601902,0.001408802,0.012291708,-0.45706055,0.0,0.0,0.0,9.237577e-05,0.0008059728,-0.6279643
18272000,0.04883876,0.013971515,-0.7048944,0.0,0.0,0.0014830853,0.003659825,-0.04931128,-0.0007833139,0.010731662,-0.4586429,0.0,0.0,0.0,-4.991973e-05,0.0006839169,-0.6280612
18376000,0.04883876,0.013971515,-0.7048944,0.0,0.0,-0.00013894922,0.0030595912,-0.06592947,-0.003781403,0.005296307,-0.26929596,0.0,0.0,0.0,-0.0002473594,0.00034645642,-0.61647636
18468000,0.04883876,0.013971515,-0.7048944,0.0,0.0,-0.0026770004,0.002575036,-0.07093328,-0.013000235,0.0029626682,-0.15661868,0.0,0.0,0.0,-0.00079476525,0.00018112177,-0.6095824
18572000,0.04883876,0.013971515,-0.7048944,0.0,0.0,-0.004666704,0.0014385432,-0.07246512,-0.014300244,-0.003472377,-0.1491969,0.0,0.0,0.0,-0.0008908426,-0.0002163139,-0.60912836
18676000,0.04883876,0.013971515,-0.7048944,0.0,0.0,-0.0060145,-0.00095995545,-0.073839724,-0.0122536905,-0.007353468,-0.1682953,0.0,0.0,0.0,-0.0007875611,-0.00047261725,-0.61029685
18768000,0.04883876,0.013971515,-0.7048944,0.0,0.0,-0.006609633,-0.0027093596,-0.07518625,-0.013302103,-0.01067897,-0.17982382,0.0,0.0,0.0,-0.0008225311,-0.0006603305,-0.6110022
18872000,0.04883876,0.013971515,-0.7048944,0.0,0.0,-0.0065695043,-0.0041477857,-0.07651377,-0.008649352,-0.012106165,-0.1788191,0.0,0.0,0.0,-0.0005483946,-0.0007675668,-0.6109407
18968000,0.04883876,0.013971515,-0.7048944,0.0,0.0,-0.006586056,-0.004748355,-0.07659435,-0.005804426,-0.005642572,-0.16890417,0.0,0.0,0.0,-0.00037011591,-0.00035979532,-0.6103341
19067000,0.04883876,0.013971515,-0.7048944,0.0,0.0,-0.0077661267,-0.004355364,-0.07550895,-0.011315986,0.0007019304,-0.15195511,0.0,0.0,0.0,-0.0006963808,4.319649e-05,-0.6092971
19172000,0.04883876,0.013971515,-0.7048944,0.0,0.0,-0.009677366,-0.00423604,-0.07401055,-0.0137450695,0.0022465356,-0.15578277,0.0,0.0,0.0,-0.00083078124,0.0001357854,-0.6095313
19272000,0.04883876,0.013971515,-0.7048944,0.0,0.0,-0.011796656,-0.004467965,-0.07262248,-0.01805945,0.0013551835,-0.15701692,0.0,0.0,0.0,-0.0011495999,8.626614e-05,-0.6096068
19368000,0.04883876,0.013971515,-0.7048944,0.0,0.0,-0.013816962,-0.00497567,-0.071495116,-0.023292502,-0.004333035,-0.1632436,0.0,0.0,0.0,-0.001449398,-0.0002696272,-0.60998774
19475000,0.04883876,0.013971515,-0.7048944,0.0,0.0,-0.01655471,-0.0051305485,-0.06995016,-0.026262896,-0.0023606643,-0.15625961,0.0,0.0,0.0,-0.0016236829,-0.00014594621,-0.60956043
19567000,0.04883876,0.013971515,-0.7048944,0.0,0.0,-0.018097285,-0.00452921,-0.06873506,-0.028675169,0.0024434847,-0.1577622,0.0,0.0,0.0,-0.0017672454,0.0001505915,-0.6096524
19672000,0.04883876,0.013971515,-0.7048944,0.0,0.0,-0.019155001,-0.0032697252,-0.067500174,-0.02663797,0.0047497163,-0.1534259,0.0,0.0,0.0,-0.001657079,0.0002954675,-0.6093871
19773000,0.04883876,0.013971515,-0.7048944,0.0,0.0,-0.020051125,-0.0015823232,-0.066203296,-0.023480216,0.007375512,-0.15442406,0.0,0.0,0.0,-0.0014476418,0.00045472747,-0.60944813
19871000,0.04883876,0.013971515,-0.7048944,0.0,0.0,-0.01943617,0.00028390065,-0.06486517,-0.016583439,0.011448893,-0.1512126,0.0,0.0,0.0,-0.0010386482,0.0007170631,-0.6092517
19968000,0.04883876,0.013971515,-0.7048944,0.0,0.0,-0.017436685,0.0011599209,-0.063250124,-0.008226924,0.008494444,-0.15328869,0.0,0.0,0.0,-0.00048547177,0.00050125824,-0.6093787
20072000,0.04883876,0.013971515,-0.7048944,0.0,0.0,-0.015334694,0.0015296245,-0.06184548,-0.0030606056,0.007900195,-0.15673433,0.0,0.0,0.0,-0.00018623991,0.0004807322,-0.6095895
20173000,0.04883876,0.013971515,-0.7048944,0.0,0.0,-0.013266325,0.0022199866,-0.060264945,0.00055508525,0.009090067,-0.14458466,0.0,0.0,0.0,3.1385043e-05,0.00051396096,-0.6088461
20281000,0.04883876,0.013971515,-0.7048944,0.0,0.0,-0.010931615,0.0025359287,-0.058216155,0.005644838,0.011072876,-0.14195542,0.0,0.0,0.0,0.0003571393,0.000700562,-0.60868526
20367000,0.04883876,0.013971515,-0.7048944,0.0,0.0,-0.010070461,0.0023647337,-0.05661881,0.0023140183,0.008623542,-0.14899221,0.0,0.0,0.0,0.00013350988,0.0004975449,-0.60911584
20468000,0.04883876,0.013971515,-0.7048944,0.0,0.0,-0.009880256,0.002249627,-0.054986775,-0.004795617,0.005314475,-0.15066952,0.0,0.0,0.0,-0.00031509856,0.00034919038,-0.6092184
20567000,0.04883876,0.013971515,-0.7048944,0.0,0.0,-0.010219386,0.0013165618,-0.05323565,-0.0029560924,-0.001062864,-0.15252793,0.0,0.0,0.0,-0.0,-0.0,-0.60933214
20671000,0.04883876,0.013971515,-0.7048944,0.0,0.0,-0.010102669,-3.1824688e-06,-0.051575005,-0.003604896,-0.0011331518,-0.1464205,0.0,0.0,0.0,-0.00020057739,-6.304887e-05,-0.6089585
20773000,0.04883876,0.013971515,-0.7048944,0.0,0.0,-0.008882509,-0.00049742335,-0.049881637,0.0027064257,0.0014115113,-0.14017573,0.0,0.0,0.0,-0.0,-0.0,-0.6085764
20867000,0.04883876,0.013971515,-0.7048944,0.0,0.0,-0.0068684136,-0.0014969035,-0.04841584,0.0070610237,-0.007986172,-0.14420727,0.0,0.0,0.0,0.00044030548,-0.0004979951,-0.60882306
20968000,0.04883876,0.013971515,-0.7048944,0.0,0.0,-0.005658672,-0.0033899813,-0.047113895,0.0017412235,-0.0057714526,-0.1480892,0.0,0.0,0.0,0.00012147825,-0.00040265132,-0.6090606
21077000,0.04883876,0.013971515,-0.7048944,0.0,0.0,-0.0056346245,-0.006240279,-0.04575932,0.0012890475,-0.011026138,-0.14708927,0.0,0.0,0.0,8.097784e-05,-0.0006926609,-0.6089994
21168000,0.04883876,0.013971515,-0.7048944,0.0,0.0,-0.0058970787,-0.0093171345,-0.044653356,-0.0055922675,-0.023227688,-0.14849128,0.0,0.0,0.0,-0.00034806906,-0.0014457175,-0.60908514
21267000,0.04883876,0.013971515,-0.7048944,0.0,0.0,-0.005884812,-0.012724036,-0.043057263,-0.0032973615,-0.027090715,-0.14578488,0.0,0.0,0.0,-0.000204798,-0.001682595,-0.60891956
21372000,0.04883876,0.013971515,-0.7048944,0.0,0.0,-0.0056546056,-0.015156904,-0.041321933,0.002502999,-0.02205711,-0.15060137,0.0,0.0,0.0,0.00015732071,-0.001386353,-0.60921425
21472000,0.04883876,0.013971515,-0.7048944,0.0,0.0,-0.0060643437,-0.01643008,-0.039884567,-9.760671e-05,-0.015721105,-0.14361507,0.0,0.0,0.0,-5.980239e-06,-0.0009632122,-0.6087868
21568000,0.04883876,0.013971515,-0.7048944,0.0,0.0,-0.0074185836,-0.016383156,-0.03874433,-0.006293658,-0.013789715,-0.15021913,0.0,0.0,0.0,-0.00039055638,-0.0008557284,-0.6091909
21672000,0.04883876,0.013971515,-0.7048944,0.0,0.0,-0.00884629,-0.015593133,-0.03767836,-0.0075990125,-0.005248921,-0.15211499,0.0,0.0,0.0,-0.0004239936,-0.00029286818,-0.6093069
21771000,0.04883876,0.013971515,-0.7048944,0.0,0.0,-0.009257724,-0.014505258,-0.03633386,-0.0063585993,-0.00044529885,-0.14421764,0.0,0.0,0.0,-0.00041938634,-2.937003e-05,-0.6088237
21879000,0.04883876,0.013971515,-0.7048944,0.0,0.0,-0.010792829,-0.013636491,-0.03464371,-0.0110002505,0.0011228456,-0.14413998,0.0,0.0,0.0,-0.00069356785,7.079562e-05,-0.60881895
21980000,0.04883876,0.013971515,-0.7048944,0.0,0.0,-0.011194572,-0.013630206,-0.03300625,-0.0054989215,0.0013627326,-0.13640012,0.0,0.0,0.0,-0.00040774903,0.00010104762,-0.6083454
22068000,0.04883876,0.013971515,-0.7048944,0.0,0.0,-0.009872579,-0.014209631,-0.031407475,0.0004835946,-0.0021922006,-0.13287002,0.0,0.0,0.0,-0.0,-0.0,-0.6081294
22168000,0.04883876,0.013971515,-0.7048944,0.0,0.0,-0.007931006,-0.015510955,-0.029380798,0.0033466106,-0.008747543,-0.14209269,0.0,0.0,0.0,0.00018394463,-0.00048080395,-0.60869366
22267000,0.04883876,0.013971515,-0.7048944,0.0,0.0,-0.006850471,-0.016263813,-0.027919054,0.003356597,-0.007939017,-0.14991862,0.0,0.0,0.0,0.00020062785,-0.00047452468,-0.60917246
22371000,0.04883876,0.013971515,-0.7048944,0.0,0.0,-0.006498143,-0.016372077,-0.026966095,0.0034678988,-0.006413689,-0.15504998,0.0,0.0,0.0,0.00022380566,-0.0004139163,-0.60948646
22468000,0.04883876,0.013971515,-0.7048944,0.0,0.0,-0.0066350717,-0.01678221,-0.026318192,0.0012719784,-0.007655862,-0.14598772,0.0,0.0,0.0,7.70516e-05,-0.00046376296,-0.60893196
22572000,0.04883876,0.013971515,-0.7048944,0.0,0.0,-0.0068921396,-0.017275294,-0.025363863,0.0032293526,-0.005710456,-0.1403576,0.0,0.0,0.0,0.00020686995,-0.0003658076,-0.6085875
22672000,0.04883876,0.013971515,-0.7048944,0.0,0.0,-0.0060733682,-0.018226074,-0.024130762,0.0065455157,-0.010928922,-0.14277935,0.0,0.0,0.0,0.00041824832,-0.0006983412,-0.6087357
22772000,0.04883876,0.013971515,-0.7048944,0.0,0.0,-0.0037786248,-0.019055342,-0.02290231,0.013596874,-0.012377313,-0.14345238,0.0,0.0,0.0,0.00085135025,-0.00077498914,-0.60877687
22868000,0.04883876,0.013971515,-0.7048944,0.0,0.0,-0.0015072463,-0.018672757,-0.022152364,0.018242989,-0.0038650217,-0.14963728,0.0,0.0,0.0,0.0011455923,-0.0002427091,-0.6091553
22971000,0.04883876,0.013971515,-0.7048944,0.0,0.0,0.00031932982,-0.016879011,-0.021459043,0.020265944,0.0027842638,-0.15191658,0.0,0.0,0.0,0.001250472,0.00017179779,-0.6092947
23068000,0.04883876,0.013971515,-0.7048944,0.0,0.0,0.0018136586,-0.015018236,-0.020774245,0.019484958,0.0081918435,-0.15031089,0.0,0.0,0.0,0.0012108854,0.000509079,-0.6091965
23172000,0.04883876,0.013971515,-0.7048944,0.0,0.0,0.002600975,-0.013097968,-0.020073235,0.014661377,0.012037975,-0.14228508,0.0,0.0,0.0,0.0009043705,0.00074254884,-0.60870546
23267000,0.04883876,0.013971515,-0.7048944,0.0,0.0,0.0035556203,-0.010573762,-0.019180954,0.01941148,0.020169223,-0.14572373,0.0,0.0,0.0,0.001211013,0.0012582856,-0.6089158
23379000,0.04883876,0.013971515,-0.7048944,0.0,0.0,0.00583258,-0.006786779,-0.018317878,0.024448115,0.026569327,-0.15241426,0.0,0.0,0.0,0.0015209866,0.0016529532,-0.6093252
23468000,0.04883876,0.013971515,-0.7048944,0.0,0.0,0.008469423,-0.004035556,-0.01738435,0.02874638,0.033097398,-0.15152818,0.0,0.0,0.0,0.0017879419,0.0020585628,-0.609271
23568000,0.04883876,0.013971515,-0.7048944,0.0,0.0,0.010971737,-0.0017133662,-0.01592803,0.029586527,0.03333692,-0.14835846,0.0,0.0,0.0,0.0018360314,0.0020687669,-0.60907704
23672000,0.04883876,0.013971515,-0.7048944,0.0,0.0,0.012422292,-0.00026223296,-0.014777601,0.02470341,0.029025557,-0.15042756,0.0,0.0,0.0,0.0015241851,0.001790859,-0.60920364
23775000,0.04883876,0.013971515,-0.7048944,0.0,0.0,0.013911156,0.00076826586,-0.013888359,0.029923223,0.028115699,-0.1516492,0.0,0.0,0.0,0.0018587707,0.0017464913,-0.6092784
23868000,0.04883876,0.013971515,-0.7048944,0.0,0.0,0.015728287,0.0017950151,-0.012927234,0.03356597,0.026603956,-0.15139146,0.0,0.0,0.0,0.0020787779,0.0016476127,-0.6092626
23973000,0.04883876,0.013971515,-0.7048944,0.0,0.0,0.0175304,0.0035046875,-0.011561036,0.030004565,0.021062229,-0.13504724,0.0,0.0,0.0,0.0018672168,0.0013107255,-0.6082626
24072000,0.04883876,0.013971515,-0.7048944,0.0,0.0,0.019000476,0.005670524,-0.009954929,0.027786877,0.031501163,-0.12451163,0.0,0.0,0.0,0.0017166092,0.0019460693,-0.60761803
24172000,0.04883876,0.013971515,-0.7048944,0.0,0.0,0.020401733,0.008567068,-0.008569539,0.028623002,0.03954643,-0.13860875,0.0,0.0,0.0,0.0017722549,0.0024486028,-0.6084805
24271000,0.04883876,0.013971515,-0.7048944,0.0,0.0,0.022269296,0.0113881575,-0.008140802,0.03459152,0.03957692,-0.15318966,0.0,0.0,0.0,0.0021539566,0.0024643894,-0.6093726
24368000,0.04883876,0.013971515,-0.7048944,0.0,0.0,0.023685861,0.013651066,-0.008142769,0.03247058,0.035584826,-0.15018095,0.0,0.0,0.0,0.0020149979,0.0022082557,-0.60918856
24468000,0.04883876,0.013971515,-0.7048944,0.0,0.0,0.024891496,0.016236283,-0.0080024,0.031919748,0.044307273,-0.1514046,0.0,0.0,0.0,0.0019827005,0.0027521541,-0.6092634
24572000,0.04883876,0.013971515,-0.7048944,0.0,0.0,0.025671558,0.01833486,-0.007729709,0.029201277,0.045036383,-0.14195666,0.0,0.0,0.0,0.001811426,0.002793716,-0.6086854
24676000,0.04883876,0.013971515,-0.7048944,0.0,0.0,0.026249016,0.019370241,-0.0074674487,0.030354047,0.041220974,-0.14149146,0.0,0.0,0.0,0.0018815724,0.0025551862,-0.6086569
24768000,0.04883876,0.013971515,-0.7048944,0.0,0.0,0.026672123,0.019670408,-0.0075344443,0.029191345,0.037689812,-0.14300668,0.0,0.0,0.0,0.0018155628,0.0023441273,-0.60874957
24864000,0.04883876,0.013971515,-0.7048944,0.0,0.0,0.026646525,0.019500054,-0.0077657104,0.027247103,0.031033367,-0.15614241,0.0,0.0,0.0,0.0016892665,0.0019240072,-0.6095533
24972000,0.04883876,0.013971515,-0.7048944,0.0,0.0,0.02551552,0.019148367,-0.00788784,0.022902135,0.027703088,-0.15184063,0.0,0.0,0.0,0.0014248546,0.0017235455,-0.60929006
25064000,0.04883876,0.013971515,-0.7048944,0.0,0.0,0.024086025,0.018902758,-0.0077689886,0.013955715,0.02406246,-0.15154782,0.0,0.0,0.0,0.0008574079,0.0014783437,-0.6092722
25171000,0.04883876,0.013971515,-0.7048944,0.0,0.0,0.022324182,0.017841626,-0.007163048,0.0067592855,0.019187689,-0.1461156,0.0,0.0,0.0,0.00041913884,0.0011898159,-0.6089398
25272000,0.04883876,0.013971515,-0.7048944,0.0,0.0,0.019530078,0.016129779,-0.00606215,-0.001639171,0.011498913,-0.13481267,0.0,0.0,0.0,-9.829505e-05,0.00068954745,-0.60824823
25368000,0.04883876,0.013971515,-0.7048944,0.0,0.0,0.015517439,0.014307836,-0.0052119493,-0.009932766,0.009929417,-0.14492288,0.0,0.0,0.0,-0.00064805633,0.0006478379,-0.6088668
25475000,0.04883876,0.013971515,-0.7048944,0.0,0.0,0.011528241,0.013640516,-0.00468874,-0.013378964,0.01758345,-0.14645334,0.0,0.0,0.0,-0.0008250963,0.0010843917,-0.60896045
25571000,0.04883876,0.013971515,-0.7048944,0.0,0.0,0.008889895,0.014577571,-0.0043306947,-0.016093617,0.01977913,-0.145429,0.0,0.0,0.0,-0.0010017562,0.001231163,-0.6088978
25668000,0.04883876,0.013971515,-0.7048944,0.0,0.0,0.0067390376,0.015888492,-0.003967285,-0.016516589,0.022986472,-0.15056902,0.0,0.0,0.0,-0.0010269058,0.0014291656,-0.6092123
25772000,0.04883876,0.013971515,-0.7048944,0.0,0.0,0.004669886,0.016159844,-0.0033415556,-0.017622974,0.022677211,-0.15047322,0.0,0.0,0.0,-0.0010875477,0.0013994545,-0.60920644
25871000,0.04883876,0.013971515,-0.7048944,0.0,0.0,0.0020731294,0.016201563,-0.0022058487,-0.021629252,0.015800867,-0.14148438,0.0,0.0,0.0,-0.0013253372,0.00096820155,-0.60865647
25968000,0.04883876,0.013971515,-0.7048944,0.0,0.0,-0.00032340325,0.015637605,-0.0015093088,-0.019805834,0.015706982,-0.14476949,0.0,0.0,0.0,-0.0012215251,0.0009687285,-0.60885745
26077000,0.04883876,0.013971515,-0.7048944,0.0,0.0,-0.0025641408,0.0148038305,-0.0007611513,-0.0233974,0.011888455,-0.1492371,0.0,0.0,0.0,-0.0014523515,0.00073795445,-0.6091308
26172000,0.04883876,0.013971515,-0.7048944,0.0,0.0,-0.004546498,0.014008235,0.000108122826,-0.025757063,0.011006989,-0.1352854,0.0,0.0,0.0,-0.0016042062,0.0006855393,-0.6082772
26276000,0.04883876,0.013971515,-0.7048944,0.0,0.0,-0.00727847,0.012971514,0.0011790395,-0.024527732,0.008321539,-0.13538563,0.0,0.0,0.0,-0.0015276726,0.00051829446,-0.60828334
26368000,0.04883876,0.013971515,-0.7048944,0.0,0.0,-0.010116758,0.012053226,0.001845479,-0.026549753,0.00957787,-0.14519885,0.0,0.0,0.0,-0.0016426644,0.00059259403,-0.60888374
26472000,0.04883876,0.013971515,-0.7048944,0.0,0.0,-0.013025699,0.011609585,0.0020905733,-0.029855082,0.008514041,-0.15104887,0.0,0.0,0.0,-0.0018429213,0.0005255624,-0.60924166
26576000,0.04883876,0.013971515,-0.7048944,0.0,0.0,-0.0145482235,0.011577482,0.0021941662,-0.023037434,0.010160939,-0.14807412,0.0,0.0,0.0,-0.0014269135,0.0006293575,-0.60905963
26677000,0.04883876,0.013971515,-0.7048944,0.0,0.0,-0.0149543835,0.011474494,0.0026394725,-0.015155458,0.006062741,-0.13973099,0.0,0.0,0.0,-0.00093557936,0.00037426618,-0.6085492
26780000,0.04883876,0.013971515,-0.7048944,0.0,0.0,-0.013948642,0.010740191,0.0032553673,-0.008365703,0.0051647522,-0.14305627,0.0,0.0,0.0,-0.00053653383,0.00033124103,-0.6087526
26871000,0.04883876,0.013971515,-0.7048944,0.0,0.0,-0.011464104,0.0095061185,0.003955722,0.0011938419,0.005027823,-0.1444829,0.0,0.0,0.0,9.712805e-05,0.00040905143,-0.6088399
26971000,0.04883876,0.013971515,-0.7048944,0.0,0.0,-0.008616579,0.0079640215,0.004513085,0.0071272906,-0.0008186365,-0.14372061,0.0,0.0,0.0,0.00046694308,-5.3632815e-05,-0.60879326
27071000,0.04883876,0.013971515,-0.7048944,0.0,0.0,-0.0073452974,0.0068744975,0.0049487352,0.005859082,-0.00026297773,-0.14323941,0.0,0.0,0.0,0.00041994939,-1.8848912e-05,-0.6087638
27167000,0.04883876,0.013971515,-0.7048944,0.0,0.0,-0.0074516875,0.0066582817,0.0052144527,0.0062682624,-0.0018590287,-0.14819448,0.0,0.0,0.0,0.00040322178,-0.000119586715,-0.609067
27277000,0.04883876,0.013971515,-0.7048944,0.0,0.0,-0.008093359,0.0065958537,0.0053623915,0.0019749824,0.0048282733,-0.145378,0.0,0.0,0.0,0.0001591857,0.00038916402,-0.6088947
27371000,0.04883876,0.013971515,-0.7048944,0.0,0.0,-0.008535745,0.0060579213,0.0053349137,-0.0026398327,0.0031300657,-0.14817038,0.0,0.0,0.0,-0.00013557526,0.0001607524,-0.60906553
27468000,0.04883876,0.013971515,-0.7048944,0.0,0.0,-0.00930161,0.005508974,0.0054628253,-0.0036169752,0.008869067,-0.14664768,0.0,0.0,0.0,-0.00023819543,0.0005840712,-0.6089724
27572000,0.04883876,0.013971515,-0.7048944,0.0,0.0,-0.010172509,0.0051683374,0.0055629015,-0.001689048,0.0027918504,-0.1448034,0.0,0.0,0.0,-0.0,-0.0,-0.60885954
27671000,0.04883876,0.013971515,-0.7048944,0.0,0.0,-0.011098271,0.0047132242,0.0058100224,-0.006998372,0.00067985035,-0.13534114,0.0,0.0,0.0,-0.00041807044,4.0613068e-05,-0.6082806
27772000,0.04883876,0.013971515,-0.7048944,0.0,0.0,-0.01178274,0.0044823335,0.006153822,-0.007691177,0.0027009812,-0.1403677,0.0,0.0,0.0,-0.0004856252,0.00017054146,-0.60858816
27872000,0.04883876,0.013971515,-0.7048944,0.0,0.0,-0.012080984,0.004178325,0.006253779,-0.0067084143,0.0030007584,-0.14360331,0.0,0.0,0.0,-0.00042904043,0.00019191521,-0.6087861
27973000,0.04883876,0.013971515,-0.7048944,0.0,0.0,-0.011965063,0.0031869032,0.0058034062,-0.0033556328,0.0012143482,-0.15082374,0.0,0.0,0.0,-0.0001977932,7.157809e-05,-0.6092279
28071000,0.04883876,0.013971515,-0.7048944,0.0,0.0,-0.011183367,0.001695664,0.005102992,0.00025872444,-0.0052942988,-0.16285652,0.0,0.0,0.0,2.0558926e-05,-0.00042069893,-0.6099641
28168000,0.04883876,0.013971515,-0.7048944,0.0,0.0,-0.009485938,0.00026771313,0.0045825243,0.010133373,-0.008993773,-0.156537,0.0,0.0,0.0,0.0006296419,-0.0005588323,-0.6095774
28271000,0.04883876,0.013971515,-0.7048944,0.0,0.0,-0.006476605,-0.0014984022,0.0041359067,0.01376575,-0.007849372,-0.15253092,0.0,0.0,0.0,0.00083750713,-0.00047755515,-0.6093323
28371000,0.04883876,0.013971515,-0.7048944,0.0,0.0,-0.0028132175,-0.0031108179,0.0038205981,0.023488684,-0.011204581,-0.14976232,0.0,0.0,0.0,0.0014581303,-0.00069555786,-0.6091629
28477000,0.04883876,0.013971515,-0.7048944,0.0,0.0,0.0010892979,-0.0041054413,0.0038154125,0.02385325,-0.008167404,-0.14349478,0.0,0.0,0.0,0.0014747704,-0.00050496444,-0.6087795
28572000,0.04883876,0.013971515,-0.7048944,0.0,0.0,0.004129427,-0.0048011946,0.0032288432,0.024974518,-0.0063910177,-0.1512072,0.0,0.0,0.0,0.0015385665,-0.00039372157,-0.6092513
28671000,0.04883876,0.013971515,-0.7048944,0.0,0.0,0.007699126,-0.004871646,0.0020654202,0.03267181,-0.0019096695,-0.15499562,0.0,0.0,0.0,0.002025907,-0.00011841439,-0.6094831
28773000,0.04883876,0.013971515,-0.7048944,0.0,0.0,0.011955968,-0.0050211344,0.0016961098,0.039428823,-0.00078807934,-0.14867717,0.0,0.0,0.0,0.0024430028,-4.8829254e-05,-0.6090965
28864000,0.04883876,0.013971515,-0.7048944,0.0,0.0,0.015428,-0.005560894,0.0018778443,0.038529094,-0.0009666905,-0.14977333,0.0,0.0,0.0,0.0023973228,-6.0148544e-05,-0.6091636
28980000,0.04883876,0.013971515,-0.7048944,0.0,0.0,0.018614272,-0.005374069,0.00195992,0.037779193,-0.003951257,-0.15139978,0.0,0.0,0.0,0.0023391333,-0.0002446457,-0.6092631
29072000,0.04883876,0.013971515,-0.7048944,0.0,0.0,0.02009205,-0.0052162725,0.0020720363,0.03614845,-0.0014839604,-0.14136428,0.0,0.0,0.0,0.0022418732,-9.203301e-05,-0.60864913
29173000,0.04883876,0.013971515,-0.7048944,0.0,0.0,0.02153644,-0.0048470073,0.0022495985,0.03421351,0.00045068655,-0.15105513,0.0,0.0,0.0,0.0021138294,2.7844975e-05,-0.609242
29278000,0.04883876,0.013971515,-0.7048944,0.0,0.0,0.023199603,-0.0036942032,0.0019291639,0.03577489,0.0010300676,-0.14867637,0.0,0.0,0.0,0.0022346147,6.434134e-05,-0.60909647
29368000,0.04883876,0.013971515,-0.7048944,0.0,0.0,0.024447462,-0.00269999,0.0017322898,0.033786148,0.00844429,-0.14331092,0.0,0.0,0.0,0.0020994444,0.0005247215,-0.6087682
29472000,0.04883876,0.013971515,-0.7048944,0.0,0.0,0.024952767,-0.0014864085,0.0017467737,0.028584687,0.008236404,-0.13426691,0.0,0.0,0.0,0.0017591426,0.0005068801,-0.60821486
29568000,0.04883876,0.013971515,-0.7048944,0.0,0.0,0.024886802,0.00014894521,0.0019791126,0.023595892,0.01154805,-0.13833752,0.0,0.0,0.0,0.0014616374,0.0007153391,-0.60846394
29680000,0.04883876,0.013971515,-0.7048944,0.0,0.0,0.023244454,0.0023545863,0.0018065572,0.0141173005,0.01684988,-0.15257479,0.0,0.0,0.0,0.0008756236,0.0010451113,-0.609335
29772000,0.04883876,0.013971515,-0.7048944,0.0,0.0,0.020804215,0.0032800743,0.0015901327,0.010000179,0.014249319,-0.1505247,0.0,0.0,0.0,0.00061611534,0.00087790674,-0.6092096
29871000,0.04883876,0.013971515,-0.7048944,0.0,0.0,0.017780218,0.0038346238,0.0013689399,-0.00077444734,0.016171211,-0.14723049,0.0,0.0,0.0,-4.8238566e-05,0.001007268,-0.609008
29979000,0.04883876,0.013971515,-0.7048944,0.0,0.0,0.013999865,0.003877315,0.0012549162,-0.0073584123,0.009241143,-0.14867236,0.0,0.0,0.0,-0.0004344748,0.00054563995,-0.6090962
30080000,0.04883876,0.013971515,-0.7048944,0.0,0.0,0.011525357,0.0037300286,0.0012259483,-0.0060155736,0.0093701705,-0.15126617,0.0,0.0,0.0,-0.0003769114,0.0005870968,-0.60925496
30172000,0.04883876,0.013971515,-0.7048944,0.0,0.0,0.01009885,0.0033837555,0.0013536811,-0.008325281,0.010646729,-0.14275865,0.0,0.0,0.0,-0.0005178652,0.0006622684,-0.6087344
30279000,0.04883876,0.013971515,-0.7048944,0.0,0.0,0.009304704,0.0026345658,0.0015376806,-0.004672065,0.0050282087,-0.13993831,0.0,0.0,0.0,-0.00028604688,0.00030785176,-0.6085619
30371000,0.04883876,0.013971515,-0.7048944,0.0,0.0,0.0094707515,0.0017441062,0.0017054081,0.0011236272,0.0036090617,-0.13422005,0.0,0.0,0.0,6.242358e-05,0.00020050294,-0.608212
30468000,0.04883876,0.013971515,-0.7048944,0.0,0.0,0.010364819,0.0011173403,0.0016405582,0.0032167563,0.002343962,-0.15263404,0.0,0.0,0.0,0.00017003226,0.00012389784,-0.60933864
30567000,0.04883876,0.013971515,-0.7048944,0.0,0.0,0.011825509,0.0016107257,0.0013040304,0.010098616,0.0069808206,-0.15345158,0.0,0.0,0.0,0.0006475882,0.00044765513,-0.60938865
30668000,0.04883876,0.013971515,-0.7048944,0.0,0.0,0.013158352,0.0017778279,0.0009011626,0.011042629,0.0077136355,-0.1525228,0.0,0.0,0.0,0.00068988296,0.00048190565,-0.60933185
30767000,0.04883876,0.013971515,-0.7048944,0.0,0.0,0.014466288,0.0010009992,0.00049579144,0.017142577,0.0042349077,-0.15654454,0.0,0.0,0.0,0.0010811854,0.00026709642,-0.6095779
30868000,0.04883876,0.013971515,-0.7048944,0.0,0.0,0.015168158,0.00040505387,-0.00019067526,0.015100746,0.0037673789,-0.15089577,0.0,0.0,0.0,0.00093526853,0.00023333356,-0.60923225
30968000,0.04883876,0.013971515,-0.7048944,0.0,0.0,0.014323739,-3.282181e-05,-0.00072336197,0.0049431766,0.003189117,-0.14368208,0.0,0.0,0.0,0.00035325394,0.00022790366,-0.60879093
31067000,0.04883876,0.013971515,-0.7048944,0.0,0.0,0.011768637,-0.0009933125,-0.001004219,-0.00140956,0.004893003,-0.14396563,0.0,0.0,0.0,-5.8187787e-05,0.00020198718,-0.6088083
31172000,0.04883876,0.013971515,-0.7048944,0.0,0.0,0.009298797,-0.0015094245,-0.0010156631,-0.0057643917,0.0034718597,-0.13837866,0.0,0.0,0.0,-0.00035992527,0.00021678089,-0.60846645
31281000,0.04883876,0.013971515,-0.7048944,0.0,0.0,0.007294523,-0.0015938497,-0.001050055,-0.010612868,0.0032386074,-0.15172741,0.0,0.0,0.0,-0.00066732365,0.00020363952,-0.60928315
31371000,0.04883876,0.013971515,-0.7048944,0.0,0.0,0.0046130633,-0.0013172165,-0.0015793443,-0.015494279,0.0025471193,-0.15768951,0.0,0.0,0.0,-0.0009518179,0.00015647024,-0.6096479
31468000,0.04883876,0.013971515,-0.7048944,0.0,0.0,0.0014683028,-0.0010098804,-0.002227962,-0.017361933,0.00434725,-0.1526404,0.0,0.0,0.0,-0.0010799143,0.00027039947,-0.609339
31571000,0.04883876,0.013971515,-0.7048944,0.0,0.0,-0.00072421914,-0.0014582688,-0.002705872,-0.015275596,0.00020693755,-0.14765854,0.0,0.0,0.0,-0.00096353376,1.3052933e-05,-0.60903424
31672000,0.04883876,0.013971515,-0.7048944,0.0,0.0,-0.0015088035,-0.0021153023,-0.0031116605,-0.014333419,-0.0016653476,-0.14481795,0.0,0.0,0.0,-0.000910203,-0.000105753155,-0.60886043
31771000,0.04883876,0.013971515,-0.7048944,0.0,0.0,-0.0025993756,-0.0026079523,-0.003414631,-0.015961783,0.00046046567,-0.14733145,0.0,0.0,0.0,-0.00096318993,2.778611e-05,-0.6090142
31872000,0.04883876,0.013971515,-0.7048944,0.0,0.0,-0.0049605886,-0.00270977,-0.0036346912,-0.020035189,0.0026373763,-0.15327798,0.0,0.0,0.0,-0.0012515935,0.00016475626,-0.60937804
31971000,0.04883876,0.013971515,-0.7048944,0.0,0.0,-0.007863928,-0.002220236,-0.0036209226,-0.021872722,0.0067123417,-0.14728473,0.0,0.0,0.0,-0.001348478,0.00041382347,-0.60901135
32061000,0.04883876,0.013971515,-0.7048944,0.0,0.0,-0.0099465735,-0.00189839,-0.0030357242,-0.026790997,0.004513177,-0.13927299,0.0,0.0,0.0,-0.0016703684,0.00028138811,-0.60852116
32171000,0.04883876,0.013971515,-0.7048944,0.0,0.0,-0.012187559,-0.0025227414,-0.0023254752,-0.020704884,-0.0015728509,-0.13645084,0.0,0.0,0.0,-0.0012910721,-9.807656e-05,-0.6083485
32271000,0.04883876,0.013971515,-0.7048944,0.0,0.0,-0.014502173,-0.003989195,-0.0018199086,-0.022929939,-0.0053935833,-0.13844894,0.0,0.0,0.0,-0.0014315281,-0.00033672422,-0.60847074
32380000,0.04883876,0.013971515,-0.7048944,0.0,0.0,-0.017014174,-0.0052346014,-0.0016900301,-0.028136276,-0.0097548915,-0.15289004,0.0,0.0,0.0,-0.0017329459,-0.0006008151,-0.6093543
32480000,0.04883876,0.013971515,-0.7048944,0.0,0.0,-0.018514028,-0.006819041,-0.0018096566,-0.023482844,-0.012240548,-0.15633202,0.0,0.0,0.0,-0.0014576311,-0.00075979735,-0.6095649
32576000,0.04883876,0.013971515,-0.7048944,0.0,0.0,-0.018470922,-0.0089844875,-0.0016578436,-0.016353957,-0.01539979,-0.14007504,0.0,0.0,0.0,-0.0010147052,-0.0009555024,-0.6085702
32672000,0.04883876,0.013971515,-0.7048944,0.0,0.0,-0.017140256,-0.010663832,-0.0013951659,-0.010425888,-0.013194455,-0.14982834,0.0,0.0,0.0,-0.00065198983,-0.000825124,-0.609167
32779000,0.04883876,0.013971515,-0.7048944,0.0,0.0,-0.015506953,-0.011989584,-0.0014283657,-0.008002015,-0.012568873,-0.1511791,0.0,0.0,0.0,-0.0005052193,-0.0007935549,-0.6092496
32871000,0.04883876,0.013971515,-0.7048944,0.0,0.0,-0.014737781,-0.012667442,-0.0014963746,-0.00738742,-0.012555465,-0.14802884,0.0,0.0,0.0,-0.00046483218,-0.00079001655,-0.6090569
32968000,0.04883876,0.013971515,-0.7048944,0.0,0.0,-0.013297333,-0.013543207,-0.0015313625,-0.00062386575,-0.0131733455,-0.1505474,0.0,0.0,0.0,-3.8536946e-05,-0.0008137336,-0.60921097
33072000,0.04883876,0.013971515,-0.7048944,0.0,0.0,-0.011739532,-0.014455777,-0.0015470982,0.0011699672,-0.011896841,-0.15086006,0.0,0.0,0.0,7.702872e-05,-0.0007832686,-0.6092301
33167000,0.04883876,0.013971515,-0.7048944,0.0,0.0,-0.010947552,-0.015582484,-0.0015314221,1.0717311e-05,-0.013080078,-0.1503123,0.0,0.0,0.0,6.674731e-07,-0.00081462605,-0.6091966
33276000,0.04883876,0.013971515,-0.7048944,0.0,0.0,-0.0099474685,-0.017401937,-0.0013480783,0.0033379244,-0.018488491,-0.1450937,0.0,0.0,0.0,0.00020795832,-0.0011518643,-0.6088773
33367000,0.04883876,0.013971515,-0.7048944,0.0,0.0,-0.00818244,-0.018726656,-0.0013585091,0.0065652053,-0.01865534,-0.14897013,0.0,0.0,0.0,0.0004070853,-0.0011567519,-0.60911447
33480000,0.04883876,0.013971515,-0.7048944,0.0,0.0,-0.0063195815,-0.019492565,-0.0017237663,0.012769044,-0.017171465,-0.15132752,0.0,0.0,0.0,0.0007838975,-0.0010541641,-0.6092587
33571000,0.04883876,0.013971515,-0.7048944,0.0,0.0,-0.0052015646,-0.02027275,-0.0019956827,0.009672087,-0.018686615,-0.15120436,0.0,0.0,0.0,0.0006038525,-0.001166652,-0.60925114
33671000,0.04883876,0.013971515,-0.7048944,0.0,0.0,-0.0043951445,-0.020869419,-0.0020222068,0.007850369,-0.015505681,-0.14734568,0.0,0.0,0.0,0.00048430366,-0.0009565738,-0.60901505
33768000,0.04883876,0.013971515,-0.7048944,0.0,0.0,-0.004460595,-0.02039606,-0.0021141171,0.0074087987,-0.012632923,-0.15526986,0.0,0.0,0.0,0.00046404402,-0.0007912527,-0.6094999
33868000,0.04883876,0.013971515,-0.7048944,0.0,0.0,-0.00448746,-0.01901801,-0.0023742914,0.00362444,-0.0059755836,-0.15251122,0.0,0.0,0.0,0.0002182092,-0.00035975964,-0.60933113
33967000,0.04883876,0.013971515,-0.7048944,0.0,0.0,-0.003437668,-0.016953282,-0.0021310449,0.0051152753,0.0006149537,-0.14624073,0.0,0.0,0.0,0.00020874642,2.5095302e-05,-0.60894746
34076000,0.04883876,0.013971515,-0.7048944,0.0,0.0,-0.002273626,-0.014809042,-0.001638174,0.0070057055,0.006286149,-0.14088082,0.0,0.0,0.0,0.000469211,0.00042101825,-0.6086195
34172000,0.04883876,0.013971515,-0.7048944,0.0,0.0,-0.0025230316,-0.013428368,-0.0013208985,0.0034834847,0.007218428,-0.143149,0.0,0.0,0.0,0.00020426548,0.00042327604,-0.60875833
34271000,0.04883876,0.013971515,-0.7048944,0.0,0.0,-0.0027544769,-0.011300771,-0.00090557337,0.0022931816,0.015473308,-0.14555754,0.0,0.0,0.0,0.00014123833,0.0009530097,-0.6089057
34380000,0.04883876,0.013971515,-0.7048944,0.0,0.0,-0.0015377775,-0.008693971,-0.00034743547,0.0056283027,0.019189985,-0.14716206,0.0,0.0,0.0,0.00034506342,0.0011765113,-0.60900384
34471000,0.04883876,0.013971515,-0.7048944,0.0,0.0,-0.0008519567,-0.007086106,-0.00011897087,0.0043959916,0.015161811,-0.1431703,0.0,0.0,0.0,0.00026821875,0.0009250887,-0.6087596
34580000,0.04883876,0.013971515,-0.7048944,0.0,0.0,-0.00048560387,-0.005470001,-7.3611736e-05,0.0033887723,0.01665761,-0.14746688,0.0,0.0,0.0,0.0002095958,0.0010302744,-0.6090225
34673000,0.04883876,0.013971515,-0.7048944,0.0,0.0,-0.00048971624,-0.004577381,7.0929527e-06,0.004187435,0.016528262,-0.13610138,0.0,0.0,0.0,0.00025791393,0.0010180144,-0.6083271
34775000,0.04883876,0.013971515,-0.7048944,0.0,0.0,-0.0015149614,-0.0044976273,0.00023502111,-0.0015110057,0.012388511,-0.14183824,0.0,0.0,0.0,-9.5202304e-05,0.0007805495,-0.6086781
34872000,0.04883876,0.013971515,-0.7048944,0.0,0.0,-0.002654156,-0.0046956167,-1.4662743e-05,-0.0045289826,0.012935374,-0.14774962,0.0,0.0,0.0,-0.00027795386,0.00079387304,-0.6090398
34971000,0.04883876,0.013971515,-0.7048944,0.0,0.0,-0.0035753185,-0.004102191,-0.0007274747,-0.0063597937,0.006994892,-0.15624647,0.0,0.0,0.0,-0.00042474325,0.00046715877,-0.60955966
35072000,0.04883876,0.013971515,-0.7048944,0.0,0.0,-0.0051993774,-0.0030565911,-0.0015836954,-0.009362517,0.011223804,-0.15888785,0.0,0.0,0.0,-0.00058779307,0.0007046476,-0.60972124
35172000,0.04883876,0.013971515,-0.7048944,0.0,0.0,-0.007190525,-0.002523175,-0.0023019314,-0.014209468,0.0070845177,-0.14933543,0.0,0.0,0.0,-0.0008625254,0.00043003555,-0.6091368
35272000,0.04883876,0.013971515,-0.7048944,0.0,0.0,-0.007890368,-0.0026647768,-0.0028819442,-0.009394687,0.005836319,-0.15349779,0.0,0.0,0.0,-0.0005927569,0.00036824204,-0.60939145
35368000,0.04883876,0.013971515,-0.7048944,0.0,0.0,-0.0072143073,-0.002744865,-0.0032404065,-0.0066038934,0.006326522,-0.15639207,0.0,0.0,0.0,-0.0003722683,0.0003566326,-0.60956854
35471000,0.04883876,0.013971515,-0.7048944,0.0,0.0,-0.0053253737,-0.002625543,-0.0035181046,-0.00047481456,0.0048619164,-0.15059777,0.0,0.0,0.0,-2.0444682e-05,0.0002093456,-0.60921407
35571000,0.04883876,0.013971515,-0.7048944,0.0,0.0,-0.0023606434,-0.0024199893,-0.003133893,0.0070335316,0.007801423,-0.14150576,0.0,0.0,0.0,0.00044498936,0.0004935714,-0.6086578
35672000,0.04883876,0.013971515,-0.7048944,0.0,0.0,0.00062378513,-0.002128678,-0.0026583076,0.015161155,0.0066671725,-0.14016543,0.0,0.0,0.0,0.0009617235,0.00042292138,-0.60857576
35771000,0.04883876,0.013971515,-0.7048944,0.0,0.0,0.0031933938,-0.0011452889,-0.0021921396,0.020013401,0.011562249,-0.13924406,0.0,0.0,0.0,0.0012472096,0.00072054454,-0.6085194
35871000,0.04883876,0.013971515,-0.7048944,0.0,0.0,0.0055724755,-0.00018509723,-0.0016614795,0.022522984,0.0077710003,-0.1426025,0.0,0.0,0.0,0.0013907588,0.00047984702,-0.6087249
35972000,0.04883876,0.013971515,-0.7048944,0.0,0.0,0.007886878,0.00043290513,-0.0013400912,0.022617133,0.0089291,-0.14553554,0.0,0.0,0.0,0.0013827289,0.00054589263,-0.6089043
36071000,0.04883876,0.013971515,-0.7048944,0.0,0.0,0.009969563,0.0014252338,-0.0011357069,0.021436598,0.0089303795,-0.14351387,0.0,0.0,0.0,0.0013301931,0.0005541518,-0.6087806
36172000,0.04883876,0.013971515,-0.7048944,0.0,0.0,0.011140131,0.0023211772,-0.0011234283,0.017941643,0.014462124,-0.14541233,0.0,0.0,0.0,0.0011221239,0.00090450444,-0.6088968
36267000,0.04883876,0.013971515,-0.7048944,0.0,0.0,0.01034551,0.0022607818,-0.0011146665,0.014264273,0.010096366,-0.14068241,0.0,0.0,0.0,0.0008745613,0.00061902136,-0.6086074
36376000,0.04883876,0.013971515,-0.7048944,0.0,0.0,0.009638285,0.0013634707,-0.0010760427,0.012437753,0.005497892,-0.1374998,0.0,0.0,0.0,0.00076852547,0.0003397133,-0.6084127
36479000,0.04883876,0.013971515,-0.7048944,0.0,0.0,0.009595113,0.0006786595,-0.001392901,0.008632907,0.0058466396,-0.14831138,0.0,0.0,0.0,0.00055061386,0.00037290348,-0.6090742
36572000,0.04883876,0.013971515,-0.7048944,0.0,0.0,0.009942128,0.00042278174,-0.0014382601,0.010623339,0.0044295676,-0.14515606,0.0,0.0,0.0,0.0006435405,0.00026833432,-0.6088811
36676000,0.04883876,0.013971515,-0.7048944,0.0,0.0,0.009953227,0.0003591377,-0.0013136864,0.008478916,0.0049679303,-0.14613894,0.0,0.0,0.0,0.0005442091,0.00031886064,-0.60894126
36772000,0.04883876,0.013971515,-0.7048944,0.0,0.0,0.009708404,0.00013007689,-0.0011855364,0.009078955,0.0053597633,-0.1485203,0.0,0.0,0.0,0.0005726732,0.00033807775,-0.60908693
36873000,0.04883876,0.013971515,-0.7048944,0.0,0.0,0.010271073,-0.000120429504,-0.001455605,0.010639097,0.005703664,-0.14930879,0.0,0.0,0.0,0.00069354556,0.00037181267,-0.60913515
36972000,0.04883876,0.013971515,-0.7048944,0.0,0.0,0.010573345,-0.00013227816,-0.001874268,0.009230622,0.008638638,-0.14760797,0.0,0.0,0.0,0.0005946229,0.00055648823,-0.60903114
37068000,0.04883876,0.013971515,-0.7048944,0.0,0.0,0.010390336,0.00027424705,-0.0023975372,0.0063883336,0.0072972137,-0.15021993,0.0,0.0,0.0,0.00041563748,0.000474771,-0.60919094
37168000,0.04883876,0.013971515,-0.7048944,0.0,0.0,0.010693343,0.001594816,-0.0025924444,0.008251389,0.013498327,-0.1450435,0.0,0.0,0.0,0.0005024557,0.00082196,-0.6088742
37271000,0.04883876,0.013971515,-0.7048944,0.0,0.0,0.011056943,0.0034414239,-0.0028244257,0.011394266,0.0142179895,-0.14539768,0.0,0.0,0.0,0.00072009425,0.00089854776,-0.6088959
37367000,0.04883876,0.013971515,-0.7048944,0.0,0.0,0.011802325,0.0053745583,-0.0032960176,0.013283713,0.0173953,-0.1494359,0.0,0.0,0.0,0.0008272317,0.0010832774,-0.60914296
37471000,0.04883876,0.013971515,-0.7048944,0.0,0.0,0.01206542,0.006877088,-0.0038113594,0.013221373,0.017814882,-0.1550679,0.0,0.0,0.0,0.00083188637,0.0011209091,-0.60948753
37572000,0.04883876,0.013971515,-0.7048944,0.0,0.0,0.012293453,0.007720314,-0.0042565465,0.011317461,0.015942836,-0.15541153,0.0,0.0,0.0,0.0006997818,0.0009857782,-0.6095086
37672000,0.04883876,0.013971515,-0.7048944,0.0,0.0,0.012154869,0.009019423,-0.0043335557,0.008955073,0.019335967,-0.15131953,0.0,0.0,0.0,0.0005520721,0.0011920447,-0.6092582
37772000,0.04883876,0.013971515,-0.7048944,0.0,0.0,0.010446892,0.010019867,-0.0043019056,0.0024019561,0.01842506,-0.14838389,0.0,0.0,0.0,0.00014889715,0.0011421687,-0.6090786
37872000,0.04883876,0.013971515,-0.7048944,0.0,0.0,0.0072948025,0.010532728,-0.004220605,-0.004955361,0.021957714,-0.1491485,0.0,0.0,0.0,-0.00030710732,0.001360824,-0.6091254
37972000,0.043735106,0.0024783593,-0.7007426,-0.108480304,0.7853982,0.012110799,0.002688858,-0.004220113,-0.016542852,-0.0015815157,-0.05825588,0.0,0.0,0.0,-0.0010372262,-9.916002e-05,-0.60356426
38067000,0.04486742,0.0027053936,-0.7001404,-0.03308208,0.7853982,0.009359817,0.0026307453,0.022361208,-0.023003064,-0.007183125,0.38456994,0.0,0.0,0.0,-0.0013434265,-0.00041950942,-0.5764709
38172000,0.04594257,0.0029210397,-0.6942795,-0.00014468773,0.0,0.0063797627,0.0016167109,0.09443926,-0.023947924,-0.052791733,0.7543878,0.0,0.0,0.0,-0.0013499189,-0.0029758138,-0.55384433
38271000,0.04675502,0.0030840868,-0.680213,-0.00014468773,0.0,0.003884992,-0.00043105392,0.19093785,-0.026074572,-0.056220796,0.7573281,0.0,0.0,0.0,-0.0014721254,-0.0031741292,-0.55366445
38371000,0.04741051,0.0032157574,-0.6530245,-0.00014468773,0.0,0.0008899467,-0.001812138,0.31873426,-0.03617581,0.0045276564,0.79964197,0.0,0.0,0.0,-0.0020246143,0.00025339468,-0.5510756
38473000,0.047881857,0.003310624,-0.60887986,-0.00014468773,0.0,-0.0033724597,-0.0017498462,0.44046688,-0.041872755,0.045548394,0.02020967,0.0,0.0,0.0,-0.0025608598,0.0027856547,-0.5987635
38572000,0.048065837,0.0033480667,-0.5529594,-0.00014468773,0.0,-0.008883031,-0.0015737313,0.5203171,-0.06196559,0.04712411,-0.3828038,0.0,0.0,0.0,-0.003936979,0.0029940268,-0.6234211
38672000,0.04784933,0.0033082091,-0.4906773,-0.00014468773,0.0,-0.013766946,-0.0006954393,0.56553334,-0.012974468,0.050871015,-0.53466326,0.0,0.0,0.0,-0.0008363846,0.0032793432,-0.6327123
38768000,0.0474919,0.0032428743,-0.42042252,-0.00014468773,0.0,-0.013923782,0.0009085539,0.59738386,-0.0036525186,0.039574243,-0.51491225,0.0,0.0,0.0,-0.00023454812,0.0025412778,-0.6315039
38868000,0.04716578,0.0031810282,-0.34778842,-0.00014468773,0.0,-0.012245635,0.0015527328,0.60316396,0.0052143415,0.019850738,-0.5345547,0.0,0.0,0.0,0.00033299893,0.0012677104,-0.6327057
38980000,0.046848048,0.003117569,-0.2635213,-0.00014468773,0.0,-0.0092921555,0.0015567872,0.61452055,0.0053595263,0.00084140524,0.14618748,0.0,0.0,0.0,0.00040320557,6.330024e-05,-0.5910558
39071000,0.04667079,0.003081243,-0.20840725,-0.00014468773,0.0,-0.008050594,0.0012203865,0.6305009,0.0077416995,-0.0059625725,0.18087631,0.0,0.0,0.0,0.00048329105,-0.0003722255,-0.58893347
39168000,0.046459563,0.0030379556,-0.13861905,-0.00014468773,0.0,-0.0074461317,0.0002589122,0.65283394,0.0028098735,-0.01664641,0.023648858,0.0,0.0,0.0,0.0001719863,-0.0010188909,-0.5985531
39280000,0.046222467,0.0029893653,-0.054147787,-0.00014468773,0.0,-0.006798643,-0.0012810512,0.67175704,0.0011402923,-0.019691799,-0.10408059,0.0,0.0,0.0,7.057247e-05,-0.0012187215,-0.606368
39379000,0.046042375,0.002952457,0.014977558,-0.00014468773,0.0,-0.0054844352,-0.003250386,0.6788099,0.0066221566,-0.022273783,-0.112736225,0.0,0.0,0.0,0.0004093862,-0.0013769805,-0.60689753
39472000,0.04590379,0.0029240542,0.071542926,-0.00014468773,0.0,-0.0034347249,-0.0037353311,0.7249024,0.009431982,0.047530778,2.6214294,0.0,0.0,0.0,0.00042403783,0.0021368621,-0.43961316
39581000,0.04571023,0.0028843854,0.15612756,-0.00014468773,0.0,-0.00044356135,-0.0031081748,0.8241803,0.018987933,0.024428053,3.1509235,0.0,0.0,0.0,0.00078610756,0.0010113305,-0.40721714
39668000,0.045592107,0.0028601778,0.21142754,-0.00014468773,0.0,0.0022512898,-0.0022316584,0.8887565,0.025935598,0.020378446,3.56475,0.0,0.0,0.0,0.0010105567,0.00079402747,-0.38189805
39772000,0.045447227,0.0028304881,0.28352758,-0.00014468773,0.0,0.004404534,-0.0006397986,0.96860147,0.02630391,0.026152553,4.093545,0.0,0.0,0.0,0.0009336156,0.00092824345,-0.34954476
39871000,0.045316044,0.0028036046,0.35352755,-0.00014468773,0.0,0.0056352513,0.0009415918,1.0,0.029369034,0.02905173,4.4293613,0.0,0.0,0.0,0.0009824573,0.0009718429,-0.32899854
39972000,0.045195892,0.0027789802,0.42212754,-0.00014468773,0.0,0.006616304,0.0024679133,1.0,0.033943772,0.034905054,4.6226497,0.0,0.0,0.0,0.0010984396,0.0011295471,-0.3171726
40073000,0.04507897,0.0027550175,0.49352756,-0.00014468773,0.0,0.0067467694,0.0034149464,1.0,0.034821045,0.034685094,4.827856,0.0,0.0,0.0,0.0010824003,0.0010781744,-0.30461743
40172000,0.04497418,0.0027335398,0.56212765,-0.00014468773,0.0,0.0057677897,0.0031891908,1.0,0.029253926,0.030910123,5.0184975,0.0,0.0,0.0,0.0008739426,0.0009234205,-0.29295343
40276000,0.044867422,0.0027116614,0.6370276,-0.00014468773,0.0,0.005005749,0.0026977416,1.0,0.024896547,0.03068342,5.2245207,0.0,0.0,0.0,0.0007138557,0.00087978214,-0.28034833
40368000,0.044774454,0.0026926063,0.7070276,-0.00014468773,0.0,0.0048183226,0.001992665,1.0,0.02239582,0.02911394,5.3971443,0.0,0.0,0.0,0.000616948,0.00080201525,-0.2697867
40472000,0.044693504,0.0026760167,0.7721276,-0.00014468773,0.0,0.004483811,0.0014833756,1.0,0.022692673,0.024153985,5.603087,0.0,0.0,0.0,0.0005957329,0.00063409546,-0.2571865
40572000,0.04461039,0.0026589797,0.8435277,-0.00014468773,0.0,0.003878592,0.00069284195,1.0,0.018623408,0.01754949,5.804406,0.0,0.0,0.0,0.0004645445,0.00043775656,-0.2448692
40672000,0.044537287,0.0026439992,0.91072774,-0.00014468773,0.0,0.0025101858,-0.0008035132,1.0,0.016947184,0.009001058,5.9856606,0.0,0.0,0.0,0.00040950516,0.00021749805,-0.23377952
40767000,0.04446049,0.0026282608,0.9863278,-0.00014468773,0.0,0.001032612,-0.0017997278,1.0,0.010163448,0.0066208253,6.1687927,0.0,0.0,0.0,0.0002409265,0.00015694795,-0.22257495
40871000,nan,nan,nan,-0.012162562,0.0,nan,nan,nan,0.0,0.0,100.0,0.0,0.0,0.0,-0.0,-0.0,-0.12
40972000,nan,nan,nan,-0.012161411,0.0,nan,nan,nan,0.0,0.0,100.0,0.0,0.0,0.0,-0.0,-0.0,-0.12
41071000,nan,nan,nan,-0.012177768,0.0,nan,nan,nan,0.0,0.0,100.0,0.0,0.0,0.0,-0.0,-0.0,-0.12
41168000,nan,nan,nan,-0.0122185135,0.0,nan,nan,nan,0.0,0.0,100.0,0.0,0.0,0.0,-0.0,-0.0,-0.12
41280000,nan,nan,nan,-0.012240723,0.0,nan,nan,nan,0.0,0.0,100.0,0.0,0.0,0.0,-0.0,-0.0,-0.12
41371000,nan,nan,nan,-0.012241043,0.0,nan,nan,nan,0.0,0.0,100.0,0.0,0.0,0.0,-0.0,-0.0,-0.12
41468000,nan,nan,nan,-0.012236221,0.0,nan,nan,nan,0.0,0.0,100.0,0.0,0.0,0.0,-0.0,-0.0,-0.12
41572000,nan,nan,nan,-0.012246173,0.0,nan,nan,nan,0.0,0.0,100.0,0.0,0.0,0.0,-0.0,-0.0,-0.001
41667000,nan,nan,nan,-0.012261819,0.0,nan,nan,nan,0.0,0.0,100.0,0.0,0.0,0.0,-0.0,-0.0,-0.001
41767000,nan,nan,nan,-0.012254348,0.0,nan,nan,nan,0.0,0.0,100.0,0.0,0.0,0.0,-0.0,-0.0,-0.001
41872000,nan,nan,nan,-0.0122524295,0.0,nan,nan,nan,0.0,0.0,100.0,0.0,0.0,0.0,-0.0,-0.0,-0.001
41971000,nan,nan,nan,-0.0122415135,0.0,nan,nan,nan,0.0,0.0,100.0,0.0,0.0,0.0,-0.0,-0.0,-0.001
42072000,nan,nan,nan,-0.0122409975,0.0,nan,nan,nan,0.0,0.0,100.0,0.0,0.0,0.0,-0.0,-0.0,-0.001
42171000,nan,nan,nan,-0.012248972,0.0,nan,nan,nan,0.0,0.0,100.0,0.0,0.0,0.0,-0.0,-0.0,-0.001
42272000,nan,nan,nan,-0.0122332545,0.0,nan,nan,nan,0.0,0.0,100.0,0.0,0.0,0.0,-0.0,-0.0,-0.001
42371000,nan,nan,nan,-0.012183097,0.0,nan,nan,nan,0.0,0.0,100.0,0.0,0.0,0.0,-0.0,-0.0,-0.001
42464000,nan,nan,nan,-0.012204913,0.0,nan,nan,nan,0.0,0.0,100.0,0.0,0.0,0.0,-0.0,-0.0,-0.001
42572000,nan,nan,nan,-0.012202632,0.0,nan,nan,nan,0.0,0.0,100.0,0.0,0.0,0.0,-0.0,-0.0,-0.001
42668000,nan,nan,nan,-0.01219257,0.0,nan,nan,nan,0.0,0.0,100.0,0.0,0.0,0.0,-0.0,-0.0,-0.001
42771000,nan,nan,nan,-0.012195883,0.0,nan,nan,nan,0.0,0.0,100.0,0.0,0.0,0.0,-0.0,-0.0,-0.001
42868000,nan,nan,nan,-0.01218942,0.0,nan,nan,nan,0.0,0.0,100.0,0.0,0.0,0.0,-0.0,-0.0,-0.001
42968000,nan,nan,nan,-0.012211562,0.0,nan,nan,nan,0.0,0.0,100.0,0.0,0.0,0.0,-0.0,-0.0,-0.001
43068000,nan,nan,nan,-0.012276204,0.0,nan,nan,nan,0.0,0.0,100.0,0.0,0.0,0.0,-0.0,-0.0,-0.001
43173000,nan,nan,nan,-0.012276125,0.0,nan,nan,nan,0.0,0.0,100.0,0.0,0.0,0.0,-0.0,-0.0,-0.001
43268000,nan,nan,nan,-0.01229216,0.0,nan,nan,nan,0.0,0.0,100.0,0.0,0.0,0.0,-0.0,-0.0,-0.001
43367000,nan,nan,nan,-0.012261844,0.0,nan,nan,nan,0.0,0.0,100.0,0.0,0.0,0.0,-0.0,-0.0,-0.001
43471000,nan,nan,nan,-0.0122328615,0.0,nan,nan,nan,0.0,0.0,100.0,0.0,0.0,0.0,-0.0,-0.0,-0.001
43579000,nan,nan,nan,-0.012216679,0.0,nan,nan,nan,0.0,0.0,100.0,0.0,0.0,0.0,-0.0,-0.0,-0.001
43671000,nan,nan,nan,-0.012227471,0.0,nan,nan,nan,0.0,0.0,100.0,0.0,0.0,0.0,-0.0,-0.0,-0.001
43773000,nan,nan,nan,-0.012172688,0.0,nan,nan,nan,0.0,0.0,100.0,0.0,0.0,0.0,-0.0,-0.0,-0.001
43871000,nan,nan,nan,-0.012155586,0.0,nan,nan,nan,0.0,0.0,100.0,0.0,0.0,0.0,-0.0,-0.0,-0.001
43972000,nan,nan,nan,-0.012122932,0.0,nan,nan,nan,0.0,0.0,100.0,0.0,0.0,0.0,-0.0,-0.0,-0.001
44077000,nan,nan,nan,-0.012093591,0.0,nan,nan,nan,0.0,0.0,100.0,0.0,0.0,0.0,-0.0,-0.0,-0.001
44168000,nan,nan,nan,-0.01207134,0.0,nan,nan,nan,0.0,0.0,100.0,0.0,0.0,0.0,-0.0,-0.0,-0.001
44272000,nan,nan,nan,-0.012089859,0.0,nan,nan,nan,0.0,0.0,100.0,0.0,0.0,0.0,-0.0,-0.0,-0.001
44372000,nan,nan,nan,-0.0120938225,0.0,nan,nan,nan,0.0,0.0,100.0,0.0,0.0,0.0,-0.0,-0.0,-0.001
44468000,nan,nan,nan,-0.012122297,0.0,nan,nan,nan,0.0,0.0,100.0,0.0,0.0,0.0,-0.0,-0.0,-0.001
