timestamp,roll_body,pitch_body,yaw_body,yaw_sp_move_rate,q_d[0],q_d[1],q_d[2],q_d[3],thrust_body[0],thrust_body[1],thrust_body[2],roll_reset_integral,pitch_reset_integral,yaw_reset_integral,fw_control_yaw,apply_flaps
8047000,0.0,-0.0,-0.0037034533,0.0,0.9999983,0.0,-0.0,-0.0018517256,0.0,0.0,-0.0,0,0,0,0,0
8056000,0.0,-0.0,-0.0037044154,0.0,0.9999983,0.0,-0.0,-0.0018522067,0.0,0.0,-0.0,0,0,0,0,0
8096000,0.0,-0.0,-0.0036862784,0.0,0.99999833,0.0,-0.0,-0.0018431381,0.0,0.0,-0.0,0,0,0,0,0
8143000,0.0,-0.0,-0.0036148306,0.0,0.9999984,0.0,-0.0,-0.0018074143,0.0,0.0,-0.0,0,0,0,0,0
8193000,0.0,-0.0,-0.0035088796,0.0,0.99999845,0.0,-0.0,-0.0017544389,0.0,0.0,-0.0,0,0,0,0,0
8243000,0.0,-0.0,-0.0034601027,0.0,0.9999985,0.0,-0.0,-0.0017300505,0.0,0.0,-0.0,0,0,0,0,0
8301000,0.0,-0.0,-0.0034337582,0.0,0.9999985,0.0,-0.0,-0.0017168783,0.0,0.0,-0.0,0,0,0,0,0
8341000,0.0,-0.0,-0.0034115436,0.0,0.99999857,0.0,-0.0,-0.001705771,0.0,0.0,-0.0,0,0,0,0,0
8396000,0.0,-0.0,-0.0033711898,0.0,0.99999857,0.0,-0.0,-0.0016855941,0.0,0.0,-0.0,0,0,0,0,0
8448000,0.0,-0.0,-0.003348924,0.0,0.99999857,0.0,-0.0,-0.0016744612,0.0,0.0,-0.0,0,0,0,0,0
8493000,0.0,-0.0,-0.003358863,0.0,0.99999857,0.0,-0.0,-0.0016794307,0.0,0.0,-0.0,0,0,0,0,0
8547000,0.0,-0.0,-0.0033494122,0.0,0.99999857,0.0,-0.0,-0.0016747053,0.0,0.0,-0.0,0,0,0,0,0
8595000,0.0,-0.0,-0.003380428,0.0,0.99999857,0.0,-0.0,-0.0016902132,0.0,0.0,-0.0,0,0,0,0,0
8648000,0.0,-0.0,-0.0034159094,0.0,0.99999857,0.0,-0.0,-0.0017079539,0.0,0.0,-0.0,0,0,0,0,0
8696000,0.0,-0.0,-0.0034322932,0.0,0.9999985,0.0,-0.0,-0.0017161458,0.0,0.0,-0.0,0,0,0,0,0
8741000,0.0,-0.0,-0.003457541,0.0,0.9999985,0.0,-0.0,-0.0017287697,0.0,0.0,-0.0,0,0,0,0,0
8797000,0.0,-0.0,-0.0034854438,0.0,0.9999985,0.0,-0.0,-0.001742721,0.0,0.0,-0.0,0,0,0,0,0
8848000,0.0,-0.0,-0.0034968886,0.0,0.99999845,0.0,-0.0,-0.0017484433,0.0,0.0,-0.0,0,0,0,0,0
8899000,0.0,-0.0,-0.0034710774,0.0,0.9999985,0.0,-0.0,-0.0017355379,0.0,0.0,-0.0,0,0,0,0,0
8948000,0.0,-0.0,-0.003445865,0.0,0.9999985,0.0,-0.0,-0.0017229316,0.0,0.0,-0.0,0,0,0,0,0
8995000,0.0,-0.0,-0.0033908617,0.0,0.99999857,0.0,-0.0,-0.00169543,0.0,0.0,-0.0,0,0,0,0,0
9047000,0.0,-0.0,-0.0033335504,0.0,0.9999986,0.0,-0.0,-0.0016667744,0.0,0.0,-0.0,0,0,0,0,0
9099000,0.0,-0.0,-0.0032825305,0.0,0.9999986,0.0,-0.0,-0.0016412645,0.0,0.0,-0.0,0,0,0,0,0
9148000,0.0,-0.0,-0.0032553477,0.0,0.9999987,0.0,-0.0,-0.0016276732,0.0,0.0,-0.0,0,0,0,0,0
9191000,0.0,-0.0,-0.0032321909,0.0,0.9999987,0.0,-0.0,-0.0016160947,0.0,0.0,-0.0,0,0,0,0,0
9247000,0.0,-0.0,-0.003176602,0.0,0.99999875,0.0,-0.0,-0.0015883003,0.0,0.0,-0.0,0,0,0,0,0
9291000,0.0,-0.0,-0.0030852437,0.0,0.9999988,0.0,-0.0,-0.0015426213,0.0,0.0,-0.0,0,0,0,0,0
9343000,0.0,-0.0,-0.0029958535,0.0,0.99999887,0.0,-0.0,-0.0014979262,0.0,0.0,-0.0,0,0,0,0,0
9401000,0.0,-0.0,-0.0029232742,0.0,0.9999989,0.0,-0.0,-0.0014616366,0.0,0.0,-0.0,0,0,0,0,0
9444000,0.0,-0.0,-0.002876025,0.0,0.999999,0.0,-0.0,-0.001438012,0.0,0.0,-0.0,0,0,0,0,0
9499000,0.0,-0.0,-0.00279494,0.0,0.99999905,0.0,-0.0,-0.0013974695,0.0,0.0,-0.0,0,0,0,0,0
9543000,0.0,-0.0,-0.0027299179,0.0,0.99999905,0.0,-0.0,-0.0013649585,0.0,0.0,-0.0,0,0,0,0,0
9599000,0.0,-0.0,-0.0026549152,0.0,0.9999991,0.0,-0.0,-0.0013274573,0.0,0.0,-0.0,0,0,0,0,0
9643000,0.0,-0.0,-0.0026194393,0.0,0.99999917,0.0,-0.0,-0.0013097193,0.0,0.0,-0.0,0,0,0,0,0
9697000,0.0,-0.0,-0.0026026128,0.0,0.99999917,0.0,-0.0,-0.0013013061,0.0,0.0,-0.0,0,0,0,0,0
9748000,0.0,-0.0,-0.0025877515,0.0,0.99999917,0.0,-0.0,-0.0012938754,0.0,0.0,-0.0,0,0,0,0,0
9796000,0.0,-0.0,-0.0025936994,0.0,0.99999917,0.0,-0.0,-0.0012968493,0.0,0.0,-0.0,0,0,0,0,0
9853000,0.0,-0.0,-0.0026323,0.0,0.9999991,0.0,-0.0,-0.0013161496,0.0,0.0,-0.0,0,0,0,0,0
9900000,0.0,-0.0,-0.0026607902,0.0,0.9999991,0.0,-0.0,-0.0013303948,0.0,0.0,-0.0,0,0,0,0,0
9943000,0.0,-0.0,-0.0027028848,0.0,0.9999991,0.0,-0.0,-0.001351442,0.0,0.0,-0.0,0,0,0,0,0
9999000,0.0,-0.0,-0.0027069268,0.0,0.9999991,0.0,-0.0,-0.0013534629,0.0,0.0,-0.0,0,0,0,0,0
10043000,0.0,-0.0,-0.002690377,0.0,0.9999991,0.0,-0.0,-0.0013451881,0.0,0.0,-0.0,0,0,0,0,0
10091000,0.0,-0.0,-0.0026925234,0.0,0.9999991,0.0,-0.0,-0.0013462614,0.0,0.0,-0.0,0,0,0,0,0
10147000,0.0,-0.0,-0.002653825,0.0,0.9999991,0.0,-0.0,-0.0013269122,0.0,0.0,-0.0,0,0,0,0,0
10193000,0.0,-0.0,-0.002634118,0.0,0.9999991,0.0,-0.0,-0.0013170587,0.0,0.0,-0.0,0,0,0,0,0
10248000,0.0,-0.0,-0.0025762792,0.0,0.99999917,0.0,-0.0,-0.0012881393,0.0,0.0,-0.0,0,0,0,0,0
10295000,0.0,-0.0,-0.002517242,0.0,0.9999992,0.0,-0.0,-0.0012586206,0.0,0.0,-0.0,0,0,0,0,0
10339000,0.0,-0.0,-0.00248386,0.0,0.9999992,0.0,-0.0,-0.0012419296,0.0,0.0,-0.0,0,0,0,0,0
10393000,0.0,-0.0,-0.0024516543,0.0,0.9999992,0.0,-0.0,-0.0012258268,0.0,0.0,-0.0,0,0,0,0,0
10448000,0.0,-0.0,-0.0023788598,0.0,0.9999993,0.0,-0.0,-0.0011894297,0.0,0.0,-0.0,0,0,0,0,0
10499000,0.0,-0.0,-0.0023096914,0.0,0.99999934,0.0,-0.0,-0.0011548455,0.0,0.0,-0.0,0,0,0,0,0
10541000,0.0,-0.0,-0.0022443037,0.0,0.99999934,0.0,-0.0,-0.0011221516,0.0,0.0,-0.0,0,0,0,0,0
10596000,0.0,-0.0,-0.0021697008,0.0,0.9999994,0.0,-0.0,-0.0010848502,0.0,0.0,-0.0,0,0,0,0,0
10648000,0.0,-0.0,-0.0021518976,0.0,0.9999994,0.0,-0.0,-0.0010759486,0.0,0.0,-0.0,0,0,0,0,0
10699000,0.0,-0.0,-0.0021431325,0.0,0.9999994,0.0,-0.0,-0.001071566,0.0,0.0,-0.0,0,0,0,0,0
10747000,0.0,-0.0,-0.0021583345,0.0,0.9999994,0.0,-0.0,-0.001079167,0.0,0.0,-0.0,0,0,0,0,0
10793000,0.0,-0.0,-0.002171019,0.0,0.9999994,0.0,-0.0,-0.0010855093,0.0,0.0,-0.0,0,0,0,0,0
10852000,0.0,-0.0,-0.0021651338,0.0,0.9999994,0.0,-0.0,-0.0010825667,0.0,0.0,-0.0,0,0,0,0,0
10896000,0.0,-0.0,-0.0021537659,0.0,0.9999994,0.0,-0.0,-0.0010768827,0.0,0.0,-0.0,0,0,0,0,0
10943000,0.0,-0.0,-0.0021329734,0.0,0.9999994,0.0,-0.0,-0.0010664865,0.0,0.0,-0.0,0,0,0,0,0
11000000,0.0,-0.0,-0.002092724,0.0,0.99999946,0.0,-0.0,-0.0010463618,0.0,0.0,-0.0,0,0,0,0,0
11038000,-0.0,-0.0,-0.002093363,0.0,0.99999946,-0.0,0.0,-0.0010466813,0.0,0.0,-0.001,0,0,0,0,0
11096000,-0.0,-0.0,-0.0021145141,0.0,0.99999946,-0.0,0.0,-0.0010572571,0.0,0.0,-0.001,0,0,0,0,0
11140000,-0.0,-0.0,-0.0021181265,0.0,0.99999946,-0.0,0.0,-0.0010590631,0.0,0.0,-0.001,0,0,0,0,0
11192000,-0.0,-0.0,-0.0021089257,0.0,0.99999946,-0.0,0.0,-0.0010544626,0.0,0.0,-0.001,0,0,0,0,0
11240000,-0.0,-0.0,-0.0021061916,0.0,0.99999946,-0.0,0.0,-0.0010530956,0.0,0.0,-0.001,0,0,0,0,0
11292000,-0.0,-0.0,-0.002094742,0.0,0.99999946,-0.0,0.0,-0.0010473707,0.0,0.0,-0.001,0,0,0,0,0
11343000,-0.0,-0.0,-0.002084736,0.0,0.99999946,-0.0,0.0,-0.0010423679,0.0,0.0,-0.001,0,0,0,0,0
11399000,-0.0,-0.0,-0.0020891097,0.0,0.99999946,-0.0,0.0,-0.0010445548,0.0,0.0,-0.001,0,0,0,0,0
11443000,-0.0,-0.0,-0.0021009399,0.0,0.99999946,-0.0,0.0,-0.0010504697,0.0,0.0,-0.001,0,0,0,0,0
11491000,-0.0,-0.0,-0.0021365248,0.0,0.9999994,-0.0,0.0,-0.0010682622,0.0,0.0,-0.001,0,0,0,0,0
11544000,-0.0,-0.0,-0.00216978,0.0,0.9999994,-0.0,0.0,-0.0010848899,0.0,0.0,-0.001,0,0,0,0,0
11597000,-0.0,-0.0,-0.0022089854,0.0,0.9999994,-0.0,0.0,-0.0011044925,0.0,0.0,-0.001,0,0,0,0,0
11640000,-0.0,-0.0,-0.0022567327,0.0,0.9999994,-0.0,0.0,-0.0011283661,0.0,0.0,-0.001,0,0,0,0,0
11688000,-0.0,-0.0,-0.0022946845,0.0,0.99999934,-0.0,0.0,-0.001147342,0.0,0.0,-0.001,0,0,0,0,0
11741000,-0.0,-0.0,-0.0023204673,0.0,0.99999934,-0.0,0.0,-0.0011602334,0.0,0.0,-0.001,0,0,0,0,0
11792000,-0.0,-0.0,-0.0023422788,0.0,0.9999993,-0.0,0.0,-0.0011711391,0.0,0.0,-0.001,0,0,0,0,0
11841000,-0.0,-0.0,-0.002354695,0.0,0.99999934,-0.0,0.0,-0.0011773474,0.0,0.0,-0.001,0,0,0,0,0
11891000,-0.0,-0.0,-0.002381025,0.0,0.9999993,-0.0,0.0,-0.0011905123,0.0,0.0,-0.001,0,0,0,0,0
11939000,-0.0,-0.0,-0.002338953,0.0,0.9999993,-0.0,0.0,-0.0011694762,0.0,0.0,-0.001,0,0,0,0,0
11992000,-0.0,-0.0,-0.00229488,0.0,0.99999934,-0.0,0.0,-0.0011474398,0.0,0.0,-0.001,0,0,0,0,0
12040000,-0.0,-0.0,-0.0022589627,0.0,0.99999934,-0.0,0.0,-0.0011294812,0.0,0.0,-0.001,0,0,0,0,0
12093000,-0.0,-0.0,-0.002212615,0.0,0.9999994,-0.0,0.0,-0.0011063074,0.0,0.0,-0.001,0,0,0,0,0
12140000,-0.0,-0.0,-0.0021651722,0.0,0.9999994,-0.0,0.0,-0.001082586,0.0,0.0,-0.001,0,0,0,0,0
12191000,-0.0,-0.0,-0.002113596,0.0,0.99999946,-0.0,0.0,-0.0010567979,0.0,0.0,-0.001,0,0,0,0,0
12243000,-0.0,-0.0,-0.0020741196,0.0,0.99999946,-0.0,0.0,-0.0010370597,0.0,0.0,-0.001,0,0,0,0,0
12295000,-0.0,-0.0,-0.0020479995,0.0,0.99999946,-0.0,0.0,-0.0010239996,0.0,0.0,-0.001,0,0,0,0,0
12340000,-0.0,-0.0,-0.002053033,0.0,0.99999946,-0.0,0.0,-0.0010265164,0.0,0.0,-0.001,0,0,0,0,0
12395000,-0.0,-0.0,-0.002054188,0.0,0.99999946,-0.0,0.0,-0.0010270939,0.0,0.0,-0.001,0,0,0,0,0
12440000,-0.0,-0.0,-0.002074663,0.0,0.99999946,-0.0,0.0,-0.0010373314,0.0,0.0,-0.001,0,0,0,0,0
12491000,-0.0,-0.0,-0.0020864408,0.0,0.99999946,-0.0,0.0,-0.0010432203,0.0,0.0,-0.001,0,0,0,0,0
12540000,-0.0,-0.0,-0.0020786836,0.0,0.99999946,-0.0,0.0,-0.0010393417,0.0,0.0,-0.001,0,0,0,0,0
12591000,-0.0,-0.0,-0.0020879384,0.0,0.99999946,-0.0,0.0,-0.0010439691,0.0,0.0,-0.001,0,0,0,0,0
12637000,-0.0,-0.0,-0.002073681,0.0,0.99999946,-0.0,0.0,-0.0010368404,0.0,0.0,-0.001,0,0,0,0,0
12691000,-0.0,-0.0,-0.0020567202,0.0,0.99999946,-0.0,0.0,-0.00102836,0.0,0.0,-0.001,0,0,0,0,0
12737000,-0.0,-0.0,-0.0020190533,0.0,0.99999946,-0.0,0.0,-0.0010095265,0.0,0.0,-0.001,0,0,0,0,0
12791000,-0.0,-0.0,-0.0019690013,0.0,0.9999995,-0.0,0.0,-0.0009845005,0.0,0.0,-0.001,0,0,0,0,0
12843000,-0.0,-0.0,-0.001921065,0.0,0.9999995,-0.0,0.0,-0.0009605324,0.0,0.0,-0.001,0,0,0,0,0
12891000,-0.00055814325,0.0004065873,0.0,0.0,0.99999994,-0.00027907162,0.00020329366,5.673349e-08,0.0,0.0,-0.0063605323,0,0,0,0,0
12937000,-0.00030779294,0.00015643782,0.0,0.0,1.0,-0.00015389646,7.82189e-05,1.2037613e-08,0.0,0.0,-0.0143725285,0,0,0,0,0
12988000,-0.00061914936,0.00030576347,0.0,0.0,0.99999994,-0.00030957468,0.00015288174,4.7328317e-08,0.0,0.0,-0.022130376,0,0,0,0,0
13041000,-0.0003351041,8.315382e-05,0.0,0.0,1.0,-0.00016755205,4.157691e-05,6.9662964e-09,0.0,0.0,-0.03357202,0,0,0,0,0
13088000,-0.0003440841,-2.8556062e-05,0.0,0.0,1.0,-0.00017204204,-1.427803e-05,-2.4564215e-09,0.0,0.0,-0.040859107,0,0,0,0,0
13145000,-0.0010819007,-0.00014691398,0.0,0.0,0.9999999,-0.00054095034,-7.345698e-05,-3.9736584e-08,0.0,0.0,-0.052357465,0,0,0,0,0
13188000,-0.0011161239,-0.0002560663,0.0,0.0,0.9999999,-0.0005580619,-0.00012803312,-7.1450415e-08,0.0,0.0,-0.0616859,0,0,0,0,0
13238000,-0.0011096923,-0.00028264016,0.0,0.0,0.9999998,-0.0005548461,-0.00014132005,-7.84109e-08,0.0,0.0,-0.07246428,0,0,0,0,0
13293000,-0.0011375601,-0.00013137437,0.0,0.0,0.9999998,-0.00056878006,-6.568718e-05,-3.7361563e-08,0.0,0.0,-0.08591658,0,0,0,0,0
13343000,-0.0015032898,-0.0003525715,0.0,0.0,0.9999997,-0.0007516449,-0.0001762857,-1.3250427e-07,0.0,0.0,-0.097556114,0,0,0,0,0
13392000,-0.001492372,-0.0001944308,0.0,0.0,0.9999997,-0.000746186,-9.721538e-05,-7.254077e-08,0.0,0.0,-0.10959042,0,0,0,0,0
13441000,-0.001648524,0.00015551128,0.0,0.0,0.99999964,-0.0008242619,7.775561e-05,6.409101e-08,0.0,0.0,-0.123392634,0,0,0,0,0
13493000,-0.0018160413,0.00019963713,0.0,0.0,0.9999996,-0.00090802053,9.9818535e-05,9.063731e-08,0.0,0.0,-0.1377417,0,0,0,0,0
13551000,-0.0022856304,0.00037458437,0.0,0.0,0.99999934,-0.0011428151,0.00018729207,2.1404034e-07,0.0,0.0,-0.1543755,0,0,0,0,0
13592000,-0.002423176,0.00029780535,0.0,0.0,0.9999993,-0.0012115876,0.00014890256,1.8040863e-07,0.0,0.0,-0.16691308,0,0,0,0,0
13639000,-0.0025494928,0.0007303711,0.0,0.0,0.9999991,-0.0012747459,0.00036518526,4.6551884e-07,0.0,0.0,-0.18142955,0,0,0,0,0
13688000,-0.0023247823,0.0013664415,0.0,0.0,0.9999991,-0.0011623907,0.0006832202,7.941695e-07,0.0,0.0,-0.19719279,0,0,0,0,0
13739000,-0.002634436,0.001185077,0.0,0.0,0.999999,-0.0013172172,0.000592538,7.805021e-07,0.0,0.0,-0.21477234,0,0,0,0,0
13788000,-0.0029994058,0.0013607444,0.0,0.0,0.9999986,-0.001499702,0.00068037136,1.0203556e-06,0.0,0.0,-0.23183824,0,0,0,0,0
13836000,-0.0030227753,0.0018057184,0.0,0.0,0.99999845,-0.0015113865,0.00090285804,1.3645696e-06,0.0,0.0,-0.24857084,0,0,0,0,0
13892000,-0.0030154316,0.0022302254,0.0,0.0,0.9999983,-0.0015077143,0.001115111,1.6812718e-06,0.0,0.0,-0.26931876,0,0,0,0,0
13937000,-0.0032131227,0.0016339151,0.0,0.0,0.9999984,-0.00160656,0.0008169564,1.3124916e-06,0.0,0.0,-0.28657255,0,0,0,0,0
13988000,-0.0035257656,0.0013247287,0.0,0.0,0.9999982,-0.0017628815,0.00066236325,1.16767e-06,0.0,0.0,-0.30653846,0,0,0,0,0
14043000,-0.003410465,0.0014414645,0.0,0.0,0.9999983,-0.0017052314,0.0007207312,1.2290155e-06,0.0,0.0,-0.32908866,0,0,0,0,0
14093000,-0.0035573572,0.001458488,0.0,0.0,0.99999815,-0.0017786772,0.0007292429,1.2970901e-06,0.0,0.0,-0.34992626,0,0,0,0,0
14141000,-0.003470059,0.0014231693,0.0,0.0,0.9999983,-0.0017350285,0.00071158353,1.2346197e-06,0.0,0.0,-0.37026313,0,0,0,0,0
14192000,-0.0030408665,0.00094124157,0.0,0.0,0.99999875,-0.0015204324,0.0004706202,7.155472e-07,0.0,0.0,-0.39269218,0,0,0,0,0
14236000,-0.0026631334,0.00081014406,0.0,0.0,0.99999905,-0.001331566,0.00040507162,5.3938015e-07,0.0,0.0,-0.41227996,0,0,0,0,0
14291000,-0.0022220179,0.00065349677,0.0,0.0,0.9999993,-0.0011110086,0.00032674818,3.6302026e-07,0.0,0.0,-0.43715054,0,0,0,0,0
14343000,-0.0019466721,0.0005134059,0.0,0.0,0.99999946,-0.00097333593,0.00025670286,2.498582e-07,0.0,0.0,-0.4610735,0,0,0,0,0
14398000,-0.0013738098,0.00014140602,0.0,0.0,0.99999976,-0.0006869048,7.0703e-05,4.856624e-08,0.0,0.0,-0.487418,0,0,0,0,0
14441000,-0.0012699555,0.00023694547,0.0,0.0,0.9999998,-0.0006349778,0.000118472715,7.522756e-08,0.0,0.0,-0.5083193,0,0,0,0,0
14496000,-0.0015635,0.00024261704,0.0,0.0,0.9999997,-0.00078174996,0.00012130848,9.483293e-08,0.0,0.0,-0.5353922,0,0,0,0,0
14551000,-0.001148383,0.0006850959,0.0,0.0,0.99999976,-0.0005741914,0.0003425479,1.9668809e-07,0.0,0.0,-0.5627953,0,0,0,0,0
14592000,-0.00065501034,0.00080239953,0.0,0.0,0.9999999,-0.00032750514,0.00040119974,1.31395e-07,0.0,0.0,-0.5842837,0,0,0,0,0
14652000,-0.00026837332,0.0006362492,0.0,0.0,0.99999994,-0.00013418666,0.0003181246,4.2688075e-08,0.0,0.0,-0.61676884,0,0,0,0,0
14700000,0.0002217526,0.00026464142,0.0,0.0,1.0,0.00011087629,0.00013232071,-1.467123e-08,0.0,0.0,-0.6435438,0,0,0,0,0
14739000,0.00076551427,-0.00010017106,0.0,0.0,0.99999994,0.0003827572,-5.008553e-05,1.9170596e-08,0.0,0.0,-0.6615882,0,0,0,0,0
14792000,0.0011239997,-0.00021892159,0.0,0.0,0.9999999,0.0005619998,-0.00010946077,6.151694e-08,0.0,0.0,-0.66424185,0,0,0,0,0
14841000,0.0020480165,-0.00031171207,0.0,0.0,0.99999946,0.001024008,-0.00015585596,1.5959783e-07,0.0,0.0,-0.64312035,0,0,0,0,0
14901000,0.0026767247,-0.00076403964,0.0,0.0,0.99999905,0.0013383616,-0.00038201947,5.1128075e-07,0.0,0.0,-0.61784065,0,0,0,0,0
14948000,0.0026819347,-0.0010732592,0.0,0.0,0.9999989,0.0013409667,-0.000536629,7.196024e-07,0.0,0.0,-0.6027148,0,0,0,0,0
14988000,0.002929001,-0.0014662212,0.0,0.0,0.9999986,0.0014644999,-0.0007331098,1.0736405e-06,0.0,0.0,-0.59556293,0,0,0,0,0
15044000,0.0026020773,-0.0016985765,0.0,0.0,0.9999988,0.0013010377,-0.0008492874,1.1049563e-06,0.0,0.0,-0.59299654,0,0,0,0,0
15096000,0.002946394,-0.0020477772,0.0,0.0,0.9999984,0.0014731959,-0.0010238873,1.5083889e-06,0.0,0.0,-0.5955454,0,0,0,0,0
15139000,0.0026411796,-0.0021138317,0.0,0.0,0.99999857,0.0013205884,-0.0010569147,1.3957514e-06,0.0,0.0,-0.5993879,0,0,0,0,0
15195000,0.0020995277,-0.0021568274,0.0,0.0,0.99999887,0.001049763,-0.001078413,1.1320792e-06,0.0,0.0,-0.6044081,0,0,0,0,0
15243000,0.0019317365,-0.0016449024,0.0,0.0,0.99999917,0.0009658678,-0.00082245073,7.943793e-07,0.0,0.0,-0.6074239,0,0,0,0,0
15291000,0.0015528537,-0.0014555412,0.0,0.0,0.9999994,0.00077642663,-0.0007277703,5.650606e-07,0.0,0.0,-0.6094157,0,0,0,0,0
15343000,0.0019082165,-0.0010039301,0.0,0.0,0.9999994,0.00095410796,-0.0005019648,4.7892894e-07,0.0,0.0,-0.6107588,0,0,0,0,0
15391000,0.0018509087,-0.00071277213,0.0,0.0,0.9999995,0.0009254542,-0.0003563859,3.29819e-07,0.0,0.0,-0.61144,0,0,0,0,0
15440000,0.002020856,-0.00045571823,0.0,0.0,0.99999946,0.0010104277,-0.00022785898,2.3023516e-07,0.0,0.0,-0.6111339,0,0,0,0,0
15492000,0.0020680937,-0.0006100427,0.0,0.0,0.9999994,0.0010340466,-0.00030502115,3.154063e-07,0.0,0.0,-0.6098974,0,0,0,0,0
15540000,0.0022107696,-9.055611e-06,0.0,0.0,0.99999934,0.0011053846,-4.5278034e-06,5.004966e-09,0.0,0.0,-0.6086949,0,0,0,0,0
15591000,0.0022162902,0.0003079788,0.0,0.0,0.9999994,0.0011081449,0.0001539893,-1.7064255e-07,0.0,0.0,-0.6081207,0,0,0,0,0
15641000,0.0023722525,0.000462252,0.0,0.0,0.9999993,0.0011861258,0.00023112581,-2.7414453e-07,0.0,0.0,-0.60772073,0,0,0,0,0
15699000,0.002490611,0.0004839018,0.0,0.0,0.99999917,0.0012453053,0.00024195071,-3.0130272e-07,0.0,0.0,-0.6079749,0,0,0,0,0
15748000,0.0024304509,0.00023103209,0.0,0.0,0.9999993,0.0012152252,0.00011551595,-1.40378e-07,0.0,0.0,-0.60838914,0,0,0,0,0
15788000,0.0021411665,0.00025410912,0.0,0.0,0.9999994,0.0010705829,0.00012705447,-1.3602245e-07,0.0,0.0,-0.6087679,0,0,0,0,0
15848000,0.002071557,-1.3736861e-05,0.0,0.0,0.99999946,0.0010357783,-6.8684267e-06,7.1141715e-09,0.0,0.0,-0.60918915,0,0,0,0,0
15900000,0.0016350212,-0.0005540209,0.0,0.0,0.99999964,0.0008175105,-0.00027701035,2.2645897e-07,0.0,0.0,-0.60912025,0,0,0,0,0
15943000,0.001655863,-0.00048821213,0.0,0.0,0.99999964,0.0008279314,-0.00024410596,2.0210307e-07,0.0,0.0,-0.6087451,0,0,0,0,0
15992000,0.0016127514,-0.0006158463,0.0,0.0,0.99999964,0.0008063756,-0.00030792304,2.483017e-07,0.0,0.0,-0.6080826,0,0,0,0,0
16043000,0.0018222522,-0.00078313844,0.0,0.0,0.9999995,0.00091112586,-0.00039156905,3.5676888e-07,0.0,0.0,-0.60787344,0,0,0,0,0
16101000,0.0019004993,-0.0008244031,0.0,0.0,0.99999946,0.0009502495,-0.00041220133,3.9169427e-07,0.0,0.0,-0.6073626,0,0,0,0,0
16139000,0.0015446028,-0.00077099627,0.0,0.0,0.99999964,0.0007723013,-0.00038549802,2.9772073e-07,0.0,0.0,-0.60771066,0,0,0,0,0
16188000,0.0018055151,-0.000890637,0.0,0.0,0.99999946,0.00090275734,-0.00044531832,4.0201456e-07,0.0,0.0,-0.60783416,0,0,0,0,0
16241000,0.0013820282,-0.0011949311,0.0,0.0,0.9999996,0.00069101393,-0.0005974654,4.1285708e-07,0.0,0.0,-0.60807365,0,0,0,0,0
16288000,0.0015021049,-0.0011488955,0.0,0.0,0.9999996,0.00075105234,-0.0005744476,4.3144036e-07,0.0,0.0,-0.6082779,0,0,0,0,0
16340000,0.0013076551,-0.0015307376,0.0,0.0,0.9999995,0.0006538273,-0.0007653686,5.004191e-07,0.0,0.0,-0.6083396,0,0,0,0,0
16392000,0.00094199774,-0.0013617843,0.0,0.0,0.99999964,0.00047099873,-0.0006808919,3.2069937e-07,0.0,0.0,-0.60801125,0,0,0,0,0
16444000,0.0008160975,-0.0013107904,0.0,0.0,0.9999997,0.00040804865,-0.00065539515,2.6743317e-07,0.0,0.0,-0.6082376,0,0,0,0,0
16500000,0.0006612302,-0.000934921,0.0,0.0,0.9999998,0.00033061506,-0.00046746046,1.5454948e-07,0.0,0.0,-0.6083125,0,0,0,0,0
16543000,0.0004854112,-0.0009779923,0.0,0.0,0.9999998,0.00024270559,-0.00048899616,1.1868212e-07,0.0,0.0,-0.6081288,0,0,0,0,0
16592000,0.0004322601,-0.0006396856,0.0,0.0,0.99999994,0.00021613005,-0.0003198428,6.9127644e-08,0.0,0.0,-0.60790014,0,0,0,0,0
16636000,0.00034226564,-4.5425997e-05,0.0,0.0,1.0,0.00017113282,-2.2712999e-05,3.8869397e-09,0.0,0.0,-0.6080899,0,0,0,0,0
16700000,0.00032238886,0.00012359102,0.0,0.0,1.0,0.00016119443,6.179551e-05,-9.9610915e-09,0.0,0.0,-0.6079774,0,0,0,0,0
16740000,8.495417e-05,0.00033465223,0.0,0.0,1.0,4.2477084e-05,0.00016732611,-7.1075252e-09,0.0,0.0,-0.60824424,0,0,0,0,0
16796000,-0.0001546202,0.0006730006,0.0,0.0,0.99999994,-7.73101e-05,0.0003365003,2.6014872e-08,0.0,0.0,-0.6082587,0,0,0,0,0
16848000,0.0,0.0,0.0,0.0,1.0,0.0,0.0,0.0,0.0,0.0,-0.6081217,0,0,0,0,0
16896000,0.0,0.0,0.0,0.0,1.0,0.0,0.0,0.0,0.0,0.0,-0.6081661,0,0,0,0,0
16943000,0.0,0.0,0.0,0.0,1.0,0.0,0.0,0.0,0.0,0.0,-0.6076999,0,0,0,0,0
16992000,0.0,0.0,0.0,0.0,1.0,0.0,0.0,0.0,0.0,0.0,-0.60780025,0,0,0,0,0
17039000,4.5768495e-05,0.00034222004,0.0,0.0,1.0,2.2884247e-05,0.00017111002,-3.915724e-09,0.0,0.0,-0.6076205,0,0,0,0,0
17093000,0.0,0.0,0.0,0.0,1.0,0.0,0.0,0.0,0.0,0.0,-0.6071245,0,0,0,0,0
17151000,0.0006884682,5.337251e-05,0.0,0.0,0.99999994,0.00034423408,2.6686255e-05,-9.186318e-09,0.0,0.0,-0.607013,0,0,0,0,0
17191000,0.00071487494,0.00029154826,0.0,0.0,0.99999994,0.00035743744,0.00014577412,-5.2105136e-08,0.0,0.0,-0.60691863,0,0,0,0,0
17248000,0.00017209932,0.00029931776,0.0,0.0,1.0,8.604966e-05,0.00014965888,-1.2878096e-08,0.0,0.0,-0.60723186,0,0,0,0,0
17288000,0.00021531434,0.0007414083,0.0,0.0,0.99999994,0.000107657164,0.00037070416,-3.9908958e-08,0.0,0.0,-0.6072741,0,0,0,0,0
17340000,0.00054847484,0.0014433855,0.0,0.0,0.9999997,0.00027423733,0.0007216927,-1.9791514e-07,0.0,0.0,-0.6075599,0,0,0,0,0
17388000,0.0006706484,0.0011568797,0.0,0.0,0.9999998,0.00033532418,0.0005784398,-1.9396487e-07,0.0,0.0,-0.6076854,0,0,0,0,0
17441000,0.0011868604,0.0011546332,0.0,0.0,0.99999964,0.00059343013,0.0005773165,-3.4259708e-07,0.0,0.0,-0.6073917,0,0,0,0,0
17491000,0.0013497121,0.0010763416,0.0,0.0,0.99999964,0.0006748559,0.0005381706,-3.6318778e-07,0.0,0.0,-0.60711604,0,0,0,0,0
17540000,0.0013446993,0.0012367888,0.0,0.0,0.9999996,0.00067234953,0.00061839423,-4.157772e-07,0.0,0.0,-0.6072833,0,0,0,0,0
17581000,0.0010852457,0.001042698,0.0,0.0,0.99999976,0.00054262276,0.0005213489,-2.8289583e-07,0.0,0.0,-0.60747266,0,0,0,0,0
17634000,0.001360947,0.001116811,0.0,0.0,0.99999964,0.0006804733,0.00055840524,-3.7998007e-07,0.0,0.0,-0.60782796,0,0,0,0,0
17701000,0.0014012075,0.0011723818,0.0,0.0,0.9999996,0.0007006036,0.0005861908,-4.106875e-07,0.0,0.0,-0.6078861,0,0,0,0,0
17753000,0.0018286657,0.0012894877,0.0,0.0,0.9999994,0.0009143326,0.00064474356,-5.8951036e-07,0.0,0.0,-0.60758626,0,0,0,0,0
17793000,0.0018949945,0.0011898702,0.0,0.0,0.9999994,0.00094749697,0.0005949348,-5.6369925e-07,0.0,0.0,-0.6077327,0,0,0,0,0
17843000,0.0018949306,0.0010287879,0.0,0.0,0.9999994,0.0009474651,0.0005143937,-4.873703e-07,0.0,0.0,-0.6078037,0,0,0,0,0
17891000,0.0022695549,0.0010237225,0.0,0.0,0.9999992,0.0011347772,0.0005118609,-5.808485e-07,0.0,0.0,-0.6079574,0,0,0,0,0
17936000,0.00047350477,0.00050262344,0.0,0.0,0.99999994,0.00023675238,0.00025131172,-5.9498653e-08,0.0,0.0,-0.53675985,0,0,0,0,0
17991000,0.00034477108,-1.8499291e-05,0.0,0.0,1.0,0.00017238552,-9.249645e-06,1.594505e-09,0.0,0.0,-0.55679166,0,0,0,0,0
18039000,0.0003303157,-0.00010050291,0.0,0.0,0.99999994,0.00016515785,-5.025146e-05,8.2994225e-09,0.0,0.0,-0.5821895,0,0,0,0,0
18091000,0.0006631371,-0.00019257783,0.0,0.0,0.99999994,0.00033156856,-9.628892e-05,3.192638e-08,0.0,0.0,-0.6064282,0,0,0,0,0
18141000,0.001140669,-0.000100881174,0.0,0.0,0.9999998,0.00057033444,-5.044058e-05,2.8768005e-08,0.0,0.0,-0.6223999,0,0,0,0,0
18191000,0.0013789048,-7.7264674e-05,0.0,0.0,0.99999976,0.0006894524,-3.863233e-05,2.6635158e-08,0.0,0.0,-0.6300196,0,0,0,0,0
18239000,0.0011443215,4.2787982e-05,0.0,0.0,0.9999998,0.0005721607,2.139399e-05,-1.2240801e-08,0.0,0.0,-0.6306657,0,0,0,0,0
18291000,0.00107505,0.00019068431,0.0,0.0,0.9999999,0.00053752493,9.534214e-05,-5.1248787e-08,0.0,0.0,-0.62630165,0,0,0,0,0
18343000,0.0006833865,0.00035920664,0.0,0.0,0.99999994,0.00034169326,0.0001796033,-6.136925e-08,0.0,0.0,-0.62015676,0,0,0,0,0
18388000,0.00063671306,0.00043662693,0.0,0.0,0.99999994,0.00031835653,0.00021831346,-6.950152e-08,0.0,0.0,-0.61526996,0,0,0,0,0
18440000,0.00021613434,0.0011245391,0.0,0.0,0.9999998,0.00010806715,0.0005622695,-6.076287e-08,0.0,0.0,-0.611084,0,0,0,0,0
18492000,0.00030747248,0.0013464062,0.0,0.0,0.99999976,0.0001537362,0.0006732031,-1.03495694e-07,0.0,0.0,-0.6090749,0,0,0,0,0
18544000,3.025658e-05,0.0015437847,0.0,0.0,0.9999997,1.51282875e-05,0.0007718924,-1.1677412e-08,0.0,0.0,-0.6087648,0,0,0,0,0
18595000,-0.0005031082,0.0014184002,0.0,0.0,0.99999976,-0.00025155404,0.0007092,1.7840217e-07,0.0,0.0,-0.6093246,0,0,0,0,0
18651000,-0.0004969141,0.0010316875,0.0,0.0,0.9999999,-0.000248457,0.0005158437,1.28165e-07,0.0,0.0,-0.61015004,0,0,0,0,0
18688000,-0.0008131637,0.0012663895,0.0,0.0,0.99999976,-0.00040658173,0.00063319464,2.5744544e-07,0.0,0.0,-0.6104262,0,0,0,0,0
18739000,-0.0011159338,0.0015267524,0.0,0.0,0.9999996,-0.0005579667,0.000763376,4.2593854e-07,0.0,0.0,-0.61085117,0,0,0,0,0
18791000,-0.0010780176,0.0013483738,0.0,0.0,0.99999964,-0.0005390087,0.00067418674,3.6339267e-07,0.0,0.0,-0.61103207,0,0,0,0,0
18837000,-0.0011012541,0.001025776,0.0,0.0,0.9999997,-0.00055062695,0.0005128879,2.8241e-07,0.0,0.0,-0.61090475,0,0,0,0,0
18900000,-0.00090518856,0.00070138165,0.0,0.0,0.9999998,-0.00045259425,0.0003506908,1.5872067e-07,0.0,0.0,-0.61086136,0,0,0,0,0
18939000,-0.0007124551,0.00075185864,0.0,0.0,0.9999999,-0.00035622748,0.0003759293,1.3391637e-07,0.0,0.0,-0.6106995,0,0,0,0,0
18993000,-0.00054504076,0.00064667343,0.0,0.0,0.9999999,-0.00027252035,0.00032333666,8.811583e-08,0.0,0.0,-0.609971,0,0,0,0,0
19039000,-0.00025526158,0.0008062862,0.0,0.0,0.99999994,-0.00012763077,0.00040314306,5.1453465e-08,0.0,0.0,-0.60949105,0,0,0,0,0
19096000,0.0004114079,0.0010686654,0.0,0.0,0.9999999,0.00020570392,0.00053433265,-1.0991434e-07,0.0,0.0,-0.6091988,0,0,0,0,0
19144000,0.00022611687,0.0012719283,0.0,0.0,0.9999998,0.00011305841,0.00063596416,-7.19011e-08,0.0,0.0,-0.6094492,0,0,0,0,0
19193000,9.436337e-05,0.001502023,0.0,0.0,0.9999997,4.7181675e-05,0.0007510114,-3.5433985e-08,0.0,0.0,-0.60959876,0,0,0,0,0
19239000,3.874309e-05,0.0015817379,0.0,0.0,0.9999997,1.9371539e-05,0.0007908689,-1.5320351e-08,0.0,0.0,-0.60958934,0,0,0,0,0
19292000,-0.00017831636,0.0019140777,0.0,0.0,0.9999995,-8.915813e-05,0.00095703866,8.532782e-08,0.0,0.0,-0.609714,0,0,0,0,0
19336000,-0.0002552935,0.0021410252,0.0,0.0,0.9999994,-0.00012764666,0.0010705123,1.3664742e-07,0.0,0.0,-0.60988384,0,0,0,0,0
19397000,-0.0003875881,0.0022572076,0.0,0.0,0.99999934,-0.00019379394,0.0011286036,2.1871666e-07,0.0,0.0,-0.60994256,0,0,0,0,0
19441000,-0.00032570577,0.0024683606,0.0,0.0,0.9999992,-0.00016285274,0.00123418,2.0098975e-07,0.0,0.0,-0.60966045,0,0,0,0,0
19491000,-0.00015599708,0.002757728,0.0,0.0,0.99999905,-7.799847e-05,0.0013788636,1.0754935e-07,0.0,0.0,-0.6096415,0,0,0,0,0
19539000,9.317294e-06,0.0026966059,0.0,0.0,0.9999991,4.658643e-06,0.0013483026,-6.2812657e-09,0.0,0.0,-0.6096104,0,0,0,0,0
19588000,0.00023174161,0.0026419025,0.0,0.0,0.9999991,0.0001158707,0.001320951,-1.5305963e-07,0.0,0.0,-0.60966027,0,0,0,0,0
19647000,0.0005261648,0.0027334527,0.0,0.0,0.99999905,0.00026308213,0.0013667258,-3.5956148e-07,0.0,0.0,-0.609374,0,0,0,0,0
19691000,0.0007448548,0.0024980246,0.0,0.0,0.99999917,0.00037242708,0.0012490118,-4.6516627e-07,0.0,0.0,-0.6096516,0,0,0,0,0
19740000,0.0009777453,0.0026961945,0.0,0.0,0.999999,0.00048887223,0.0013480966,-6.5904766e-07,0.0,0.0,-0.609557,0,0,0,0,0
19796000,0.00074833765,0.0023746325,0.0,0.0,0.9999992,0.0003741686,0.001187316,-4.4425664e-07,0.0,0.0,-0.609407,0,0,0,0,0
19843000,0.0013487639,0.0019451681,0.0,0.0,0.9999993,0.0006743815,0.0009725836,-6.558929e-07,0.0,0.0,-0.60920364,0,0,0,0,0
19888000,0.0012010607,0.001500981,0.0,0.0,0.9999995,0.0006005301,0.00075049023,-4.5069223e-07,0.0,0.0,-0.6091813,0,0,0,0,0
19940000,0.00089988403,0.0009891152,0.0,0.0,0.99999976,0.00044994193,0.00049455755,-2.2252222e-07,0.0,0.0,-0.60911644,0,0,0,0,0
19992000,0.00082038646,0.0007204576,0.0,0.0,0.9999999,0.00041019317,0.00036022873,-1.4776339e-07,0.0,0.0,-0.609462,0,0,0,0,0
20041000,0.00067169796,0.00038061576,0.0,0.0,0.99999994,0.00033584898,0.00019030788,-6.391471e-08,0.0,0.0,-0.60943496,0,0,0,0,0
20096000,0.00082832546,-0.00017068324,0.0,0.0,0.9999999,0.0004141627,-8.5341606e-05,3.5345316e-08,0.0,0.0,-0.6094167,0,0,0,0,0
20143000,0.0008447061,4.15621e-05,0.0,0.0,0.9999999,0.000422353,2.0781046e-05,-8.776938e-09,0.0,0.0,-0.6091458,0,0,0,0,0
20191000,0.0009855503,-0.00031870726,0.0,0.0,0.9999999,0.0004927752,-0.00015935361,7.852551e-08,0.0,0.0,-0.6088468,0,0,0,0,0
20248000,0.0010591787,-0.00043525116,0.0,0.0,0.9999998,0.00052958925,-0.00021762555,1.1525217e-07,0.0,0.0,-0.6088007,0,0,0,0,0
20291000,0.0010183909,-0.0005236245,0.0,0.0,0.9999998,0.0005091954,-0.00026181224,1.3331359e-07,0.0,0.0,-0.608847,0,0,0,0,0
20337000,0.00078273425,-0.00032028582,0.0,0.0,0.9999999,0.00039136712,-0.0001601429,6.2674665e-08,0.0,0.0,-0.60898244,0,0,0,0,0
20388000,0.0008316267,-0.00015379509,0.0,0.0,0.9999999,0.00041581332,-7.689754e-05,3.1975024e-08,0.0,0.0,-0.6093068,0,0,0,0,0
20439000,0.00068435667,-9.215755e-05,0.0,0.0,0.99999994,0.0003421783,-4.607877e-05,1.5767156e-08,0.0,0.0,-0.6094596,0,0,0,0,0
20488000,0.0006567551,0.000405856,0.0,0.0,0.99999994,0.00032837756,0.000202928,-6.663701e-08,0.0,0.0,-0.6091448,0,0,0,0,0
20547000,0.0,0.0,0.0,0.0,1.0,0.0,0.0,0.0,0.0,0.0,-0.60918236,0,0,0,0,0
20588000,0.0,0.0,0.0,0.0,1.0,0.0,0.0,0.0,0.0,0.0,-0.60915834,0,0,0,0,0
20640000,0.0,0.0,0.0,0.0,1.0,0.0,0.0,0.0,0.0,0.0,-0.6087114,0,0,0,0,0
20691000,4.661685e-05,0.00034210552,0.0,0.0,1.0,2.3308425e-05,0.00017105276,-3.9869703e-09,0.0,0.0,-0.60892916,0,0,0,0,0
20741000,0.0,0.0,0.0,0.0,1.0,0.0,0.0,0.0,0.0,0.0,-0.60869485,0,0,0,0,0
20792000,0.0,0.0,0.0,0.0,1.0,0.0,0.0,0.0,0.0,0.0,-0.6086741,0,0,0,0,0
20840000,-0.0005029602,-0.0004731471,0.0,0.0,0.99999994,-0.00025148012,-0.00023657356,-5.949354e-08,0.0,0.0,-0.60863054,0,0,0,0,0
20899000,-0.00047491927,-0.00069979107,0.0,0.0,0.9999999,-0.00023745961,-0.00034989548,-8.308605e-08,0.0,0.0,-0.60895205,0,0,0,0,0
20941000,-0.00051031995,-0.0004651996,0.0,0.0,0.99999994,-0.00025516,-0.0002325998,-5.9350164e-08,0.0,0.0,-0.60914737,0,0,0,0,0
20999000,-0.0007821353,-0.00032174576,0.0,0.0,0.9999999,-0.00039106765,-0.00016087286,-6.291218e-08,0.0,0.0,-0.60906655,0,0,0,0,0
21036000,-0.0009787423,-0.0003390389,0.0,0.0,0.9999999,-0.00048937113,-0.00016951942,-8.2957925e-08,0.0,0.0,-0.60903704,0,0,0,0,0
21096000,-0.0011409195,-9.8004464e-05,0.0,0.0,0.9999998,-0.0005704597,-4.9002225e-05,-2.79538e-08,0.0,0.0,-0.6092295,0,0,0,0,0
21137000,-0.001733595,0.00030674154,0.0,0.0,0.99999964,-0.00086679735,0.00015337071,1.3294138e-07,0.0,0.0,-0.60922396,0,0,0,0,0
21191000,-0.0025428555,0.0005734263,0.0,0.0,0.99999917,-0.0012714275,0.0002867129,3.6453497e-07,0.0,0.0,-0.6087594,0,0,0,0,0
21241000,-0.002758587,0.00037257123,0.0,0.0,0.99999905,-0.001379293,0.00018628544,2.5694246e-07,0.0,0.0,-0.6087124,0,0,0,0,0
21303000,-0.0024897514,5.0903536e-06,0.0,0.0,0.9999992,-0.0012448754,2.5451748e-06,3.168428e-09,0.0,0.0,-0.60914856,0,0,0,0,0
21343000,-0.0023653063,-9.035983e-05,0.0,0.0,0.9999993,-0.0011826529,-4.517988e-05,-5.3432156e-08,0.0,0.0,-0.6091606,0,0,0,0,0
21392000,-0.0020988889,-0.0003530148,0.0,0.0,0.99999946,-0.0010494442,-0.00017650731,-1.852347e-07,0.0,0.0,-0.6090674,0,0,0,0,0
21437000,-0.0016997635,-0.0003017238,0.0,0.0,0.99999964,-0.0008498816,-0.00015086186,-1.2821475e-07,0.0,0.0,-0.6088673,0,0,0,0,0
21491000,-0.0017220067,0.00012217314,0.0,0.0,0.99999964,-0.00086100324,6.1086546e-05,5.2595734e-08,0.0,0.0,-0.608807,0,0,0,0,0
21540000,-0.0013877018,0.0005824605,0.0,0.0,0.9999997,-0.0006938509,0.0002912302,2.0207037e-07,0.0,0.0,-0.6090567,0,0,0,0,0
21595000,-0.0011370293,0.00078390946,0.0,0.0,0.99999976,-0.00056851446,0.00039195464,2.2283197e-07,0.0,0.0,-0.6092671,0,0,0,0,0
21641000,-0.00083951815,0.0010408406,0.0,0.0,0.99999976,-0.000419759,0.00052042026,2.1845113e-07,0.0,0.0,-0.60951006,0,0,0,0,0
21691000,-0.0005094283,0.0010255658,0.0,0.0,0.9999998,-0.00025471416,0.00051278283,1.3061306e-07,0.0,0.0,-0.60925025,0,0,0,0,0
21740000,-0.00043918245,0.000634953,0.0,0.0,0.99999994,-0.00021959122,0.0003174765,6.971505e-08,0.0,0.0,-0.60925037,0,0,0,0,0
21791000,-0.00014305444,0.0006755536,0.0,0.0,0.99999994,-7.152721e-05,0.00033777676,2.4160233e-08,0.0,0.0,-0.60867727,0,0,0,0,0
21840000,0.00023556565,0.0011206298,0.0,0.0,0.9999998,0.00011778281,0.00056031486,-6.5995465e-08,0.0,0.0,-0.60875624,0,0,0,0,0
21896000,0.0001010334,0.0011406554,0.0,0.0,0.9999999,5.0516694e-05,0.0005703276,-2.881107e-08,0.0,0.0,-0.60888124,0,0,0,0,0
21936000,6.975175e-05,0.00076888304,0.0,0.0,0.99999994,3.4875877e-05,0.00038444155,-1.3407735e-08,0.0,0.0,-0.60857064,0,0,0,0,0
21988000,0.00011326882,0.0006811808,0.0,0.0,0.99999994,5.6634402e-05,0.0003405904,-1.9289134e-08,0.0,0.0,-0.6083708,0,0,0,0,0
22041000,0.0,0.0,0.0,0.0,1.0,0.0,0.0,0.0,0.0,0.0,-0.6081541,0,0,0,0,0
22088000,-0.00034519436,7.0824744e-06,0.0,0.0,1.0,-0.00017259718,3.5412372e-06,6.112076e-10,0.0,0.0,-0.6082291,0,0,0,0,0
22148000,-0.0007483879,-0.00018963686,0.0,0.0,0.99999994,-0.00037419394,-9.481843e-05,-3.5480483e-08,0.0,0.0,-0.60862136,0,0,0,0,0
22200000,-0.001164321,-0.0005597206,0.0,0.0,0.99999976,-0.0005821604,-0.00027986022,-1.6292358e-07,0.0,0.0,-0.60903955,0,0,0,0,0
22251000,-0.00074015424,-0.00021958647,0.0,0.0,0.99999994,-0.00037007715,-0.00010979323,-4.0631964e-08,0.0,0.0,-0.60915345,0,0,0,0,0
22291000,-0.00067865895,-0.00050465623,0.0,0.0,0.9999999,-0.00033932945,-0.0002523281,-8.562236e-08,0.0,0.0,-0.6091154,0,0,0,0,0
22341000,-0.0006826346,-0.0004992654,0.0,0.0,0.9999999,-0.00034131724,-0.00024963266,-8.520395e-08,0.0,0.0,-0.6093245,0,0,0,0,0
22392000,-0.00061667326,-0.00031072693,0.0,0.0,0.99999994,-0.00030833666,-0.00015536348,-4.7904255e-08,0.0,0.0,-0.60958326,0,0,0,0,0
22440000,-0.00034361432,-3.374167e-05,0.0,0.0,1.0,-0.00017180716,-1.6870836e-05,-2.8985303e-09,0.0,0.0,-0.6091691,0,0,0,0,0
22492000,-0.0006330608,-0.00027581013,0.0,0.0,0.99999994,-0.0003165304,-0.00013790507,-4.3651145e-08,0.0,0.0,-0.6090641,0,0,0,0,0
22539000,-0.0005687617,-0.00039159562,0.0,0.0,0.99999994,-0.0002843809,-0.00019579782,-5.5681156e-08,0.0,0.0,-0.6086429,0,0,0,0,0
22588000,-0.00081342837,-0.00023149537,0.0,0.0,0.99999994,-0.00040671419,-0.00011574768,-4.7076227e-08,0.0,0.0,-0.6086906,0,0,0,0,0
22643000,-0.0007819937,-0.00032208968,0.0,0.0,0.9999999,-0.0003909968,-0.00016104482,-6.296802e-08,0.0,0.0,-0.60866255,0,0,0,0,0
22692000,-0.0012454928,-0.00048671055,0.0,0.0,0.99999976,-0.0006227465,-0.00024335523,-1.5154863e-07,0.0,0.0,-0.60853505,0,0,0,0,0
22739000,-0.001183836,-0.001049728,0.0,0.0,0.9999997,-0.0005919179,-0.0005248639,-3.1067643e-07,0.0,0.0,-0.6085175,0,0,0,0,0
22795000,-0.0011347848,-0.0013009603,0.0,0.0,0.99999964,-0.0005673922,-0.00065048004,-3.6907747e-07,0.0,0.0,-0.6088878,0,0,0,0,0
22843000,-0.0007889794,-0.0018521958,0.0,0.0,0.99999946,-0.00039448956,-0.00092609774,-3.6533606e-07,0.0,0.0,-0.60909504,0,0,0,0,0
22899000,-0.00023242262,-0.0019082633,0.0,0.0,0.9999995,-0.00011621126,-0.0009541315,-1.1088087e-07,0.0,0.0,-0.60932314,0,0,0,0,0
22940000,-7.685638e-05,-0.002154822,0.0,0.0,0.9999994,-3.8428167e-05,-0.0010774109,-4.1402945e-08,0.0,0.0,-0.6093428,0,0,0,0,0
22991000,0.00047527972,-0.002103158,0.0,0.0,0.9999994,0.0002376397,-0.0010515787,2.49897e-07,0.0,0.0,-0.60911316,0,0,0,0,0
23039000,0.00097043975,-0.0019254643,0.0,0.0,0.9999994,0.00048521964,-0.0009627319,4.671367e-07,0.0,0.0,-0.609185,0,0,0,0,0
23100000,0.0007946928,-0.0018172428,0.0,0.0,0.9999995,0.00039734622,-0.0009086211,3.6103734e-07,0.0,0.0,-0.60922337,0,0,0,0,0
23136000,0.0010156921,-0.0019019819,0.0,0.0,0.9999994,0.0005078458,-0.00095099065,4.8295686e-07,0.0,0.0,-0.6089152,0,0,0,0,0
23192000,0.0011943849,-0.0015834623,0.0,0.0,0.9999995,0.00059719227,-0.0007917309,4.728158e-07,0.0,0.0,-0.60875016,0,0,0,0,0
23241000,0.0015520977,-0.001611765,0.0,0.0,0.9999994,0.00077604863,-0.00080588215,6.2540414e-07,0.0,0.0,-0.6090064,0,0,0,0,0
23291000,0.0021067108,-0.0019460787,0.0,0.0,0.999999,0.0010533547,-0.00097303867,1.024956e-06,0.0,0.0,-0.6089165,0,0,0,0,0
23339000,0.002731773,-0.0023263814,0.0,0.0,0.9999984,0.0013658851,-0.0011631894,1.5887855e-06,0.0,0.0,-0.60913575,0,0,0,0,0
23393000,0.0027551947,-0.0024247856,0.0,0.0,0.99999833,0.0013775958,-0.0012123913,1.6701882e-06,0.0,0.0,-0.6092438,0,0,0,0,0
23443000,0.002977848,-0.0025280921,0.0,0.0,0.9999981,0.0014889222,-0.0012640442,1.8820672e-06,0.0,0.0,-0.60931075,0,0,0,0,0
23496000,0.0033975649,-0.0030132765,0.0,0.0,0.9999974,0.0016987796,-0.0015066355,2.5594484e-06,0.0,0.0,-0.60930264,0,0,0,0,0
23548000,0.003403252,-0.0030266093,0.0,0.0,0.99999744,0.0017016231,-0.0015133019,2.5750762e-06,0.0,0.0,-0.60904807,0,0,0,0,0
23597000,0.0032652705,-0.0028796438,0.0,0.0,0.9999976,0.0016326326,-0.0014398193,2.3507018e-06,0.0,0.0,-0.6089032,0,0,0,0,0
23640000,0.003199675,-0.0025163903,0.0,0.0,0.9999979,0.0015998353,-0.0012581932,2.0129064e-06,0.0,0.0,-0.60899913,0,0,0,0,0
23693000,0.0031331943,-0.0025052724,0.0,0.0,0.99999803,0.0015665954,-0.0012526345,1.962375e-06,0.0,0.0,-0.609265,0,0,0,0,0
23752000,0.0027646425,-0.0029476208,0.0,0.0,0.999998,0.0013823193,-0.0014738085,2.0372781e-06,0.0,0.0,-0.6092306,0,0,0,0,0
23792000,0.0029263347,-0.003110569,0.0,0.0,0.99999774,0.001463165,-0.0015552822,2.2756396e-06,0.0,0.0,-0.60935724,0,0,0,0,0
23843000,0.0028082286,-0.003217596,0.0,0.0,0.99999774,0.0014041121,-0.0016087957,2.258935e-06,0.0,0.0,-0.6093767,0,0,0,0,0
23891000,0.0025976298,-0.0031906252,0.0,0.0,0.9999979,0.0012988129,-0.0015953105,2.0720145e-06,0.0,0.0,-0.6091785,0,0,0,0,0
23951000,0.0021614316,-0.0030062126,0.0,0.0,0.9999983,0.0010807143,-0.0015031049,1.6244297e-06,0.0,0.0,-0.6085227,0,0,0,0,0
23991000,0.0023185937,-0.0030474416,0.0,0.0,0.99999815,0.0011592952,-0.0015237193,1.7664437e-06,0.0,0.0,-0.6081387,0,0,0,0,0
24043000,0.0029843373,-0.0026808637,0.0,0.0,0.999998,0.0014921667,-0.0013404299,2.000149e-06,0.0,0.0,-0.6077227,0,0,0,0,0
24092000,0.0032514979,-0.002996357,0.0,0.0,0.99999756,0.0016257465,-0.001498176,2.4356602e-06,0.0,0.0,-0.60778856,0,0,0,0,0
24140000,0.003532224,-0.0030363735,0.0,0.0,0.99999726,0.0017661091,-0.0015181839,2.6812854e-06,0.0,0.0,-0.6081768,0,0,0,0,0
24193000,0.0040279324,-0.0028450915,0.0,0.0,0.99999696,0.002013963,-0.0014225426,2.8649565e-06,0.0,0.0,-0.6087604,0,0,0,0,0
24243000,0.00398528,-0.0033611585,0.0,0.0,0.9999966,0.001992636,-0.0016805753,3.3487856e-06,0.0,0.0,-0.6092192,0,0,0,0,0
24291000,0.004138087,-0.0035607175,0.0,0.0,0.9999963,0.0020690388,-0.0017803541,3.6836352e-06,0.0,0.0,-0.60942197,0,0,0,0,0
24348000,0.003924825,-0.003551064,0.0,0.0,0.9999965,0.0019624084,-0.001775528,3.4843226e-06,0.0,0.0,-0.6094843,0,0,0,0,0
24388000,0.0037616245,-0.0033528896,0.0,0.0,0.99999684,0.0018808085,-0.0016764409,3.1530747e-06,0.0,0.0,-0.60924274,0,0,0,0,0
24448000,0.004420848,-0.0030503904,0.0,0.0,0.99999636,0.0022104199,-0.001525191,3.3713245e-06,0.0,0.0,-0.6092548,0,0,0,0,0
24496000,0.0044351746,-0.0030295223,0.0,0.0,0.99999636,0.002217583,-0.0015147568,3.3591111e-06,0.0,0.0,-0.6091608,0,0,0,0,0
24544000,0.004486005,-0.0029738443,0.0,0.0,0.99999636,0.0022429982,-0.0014869178,3.335166e-06,0.0,0.0,-0.6088623,0,0,0,0,0
24591000,0.004555802,-0.0030667197,0.0,0.0,0.99999624,0.002277896,-0.0015333552,3.4928373e-06,0.0,0.0,-0.60860574,0,0,0,0,0
24636000,0.0044487356,-0.0031070216,0.0,0.0,0.99999636,0.0022243634,-0.0015535064,3.4555756e-06,0.0,0.0,-0.6087554,0,0,0,0,0
24688000,0.0042837383,-0.0031467935,0.0,0.0,0.9999965,0.002141865,-0.0015733925,3.3700062e-06,0.0,0.0,-0.6087526,0,0,0,0,0
24740000,0.0038496035,-0.0029232972,0.0,0.0,0.9999971,0.0019247985,-0.0014616454,2.8133811e-06,0.0,0.0,-0.60878515,0,0,0,0,0
24792000,0.0035116517,-0.0026644845,0.0,0.0,0.99999756,0.0017558234,-0.0013322398,2.3391835e-06,0.0,0.0,-0.6090736,0,0,0,0,0
24852000,0.0032393972,-0.0026514383,0.0,0.0,0.99999785,0.0016196965,-0.001325717,2.1472638e-06,0.0,0.0,-0.60952777,0,0,0,0,0
24888000,0.0030587502,-0.002794681,0.0,0.0,0.99999785,0.0015293729,-0.0013973382,2.1370558e-06,0.0,0.0,-0.609754,0,0,0,0,0
24948000,0.0029128972,-0.002412504,0.0,0.0,0.9999982,0.001456447,-0.0012062505,1.7568432e-06,0.0,0.0,-0.6093324,0,0,0,0,0
24993000,0.0028762603,-0.0020014269,0.0,0.0,0.99999845,0.0014381289,-0.0010007122,1.4391553e-06,0.0,0.0,-0.60923404,0,0,0,0,0
25043000,0.0024435124,-0.0019196913,0.0,0.0,0.9999988,0.0012217554,-0.0009598448,1.1726969e-06,0.0,0.0,-0.6092958,0,0,0,0,0
25088000,0.0023754514,-0.0014511537,0.0,0.0,0.99999905,0.0011877251,-0.00072557625,8.617859e-07,0.0,0.0,-0.60917825,0,0,0,0,0
25140000,0.0021559002,-0.001145672,0.0,0.0,0.9999993,0.0010779497,-0.0005728356,6.1748847e-07,0.0,0.0,-0.6090837,0,0,0,0,0
25192000,0.0018545338,-0.0005061568,0.0,0.0,0.9999995,0.0009272668,-0.0002530783,2.346712e-07,0.0,0.0,-0.60879904,0,0,0,0,0
25236000,0.0013805197,-3.8910173e-05,0.0,0.0,0.99999976,0.00069025985,-1.9455083e-05,1.3429066e-08,0.0,0.0,-0.60845,0,0,0,0,0
25296000,0.0009200006,0.0005879558,0.0,0.0,0.9999999,0.00046000024,0.00029397782,-1.352299e-07,0.0,0.0,-0.6085518,0,0,0,0,0
25341000,0.0010563057,0.0010720055,0.0,0.0,0.99999976,0.0005281527,0.00053600257,-2.8309128e-07,0.0,0.0,-0.6087608,0,0,0,0,0
25398000,0.0010226297,0.0013908497,0.0,0.0,0.99999964,0.00051131466,0.0006954246,-3.5558097e-07,0.0,0.0,-0.6089445,0,0,0,0,0
25435000,0.0013530389,0.0015687015,0.0,0.0,0.99999946,0.00067651924,0.00078435044,-5.306285e-07,0.0,0.0,-0.60885864,0,0,0,0,0
25491000,0.0016528366,0.0012488669,0.0,0.0,0.99999946,0.00082641805,0.00062443316,-5.160431e-07,0.0,0.0,-0.60895264,0,0,0,0,0
25543000,0.0019440424,0.0015555029,0.0,0.0,0.9999992,0.0009720208,0.00077775103,-7.5599075e-07,0.0,0.0,-0.6089461,0,0,0,0,0
25588000,0.0022465116,0.0016070441,0.0,0.0,0.99999905,0.0011232551,0.0008035214,-9.0256043e-07,0.0,0.0,-0.60885936,0,0,0,0,0
25636000,0.0024588115,0.0013049368,0.0,0.0,0.99999905,0.0012294049,0.0006524679,-8.02148e-07,0.0,0.0,-0.6092069,0,0,0,0,0
25688000,0.002131764,0.001756413,0.0,0.0,0.99999905,0.0010658815,0.0008782059,-9.360642e-07,0.0,0.0,-0.60936755,0,0,0,0,0
25745000,0.0022223592,0.0019704362,0.0,0.0,0.9999989,0.0011111788,0.0009852174,-1.0947538e-06,0.0,0.0,-0.60928345,0,0,0,0,0
25792000,0.002077231,0.0018530317,0.0,0.0,0.99999905,0.0010386148,0.0009265152,-9.622933e-07,0.0,0.0,-0.60908896,0,0,0,0,0
25843000,0.0018192781,0.002270264,0.0,0.0,0.9999989,0.00090963836,0.0011351313,-1.0325601e-06,0.0,0.0,-0.60867226,0,0,0,0,0
25892000,0.0016612193,0.0023379056,0.0,0.0,0.999999,0.00083060894,0.0011689522,-9.709431e-07,0.0,0.0,-0.608757,0,0,0,0,0
25941000,0.001595283,0.0021185912,0.0,0.0,0.9999991,0.00079764106,0.0010592951,-8.449379e-07,0.0,0.0,-0.608858,0,0,0,0,0
25985000,0.0015580493,0.0020898373,0.0,0.0,0.99999917,0.00077902415,0.001044918,-8.140171e-07,0.0,0.0,-0.60900426,0,0,0,0,0
26040000,0.0011939104,0.0023172214,0.0,0.0,0.99999917,0.0005969548,0.0011586101,-6.916384e-07,0.0,0.0,-0.6089943,0,0,0,0,0
26096000,0.0010484003,0.002122192,0.0,0.0,0.9999993,0.0005241998,0.0010610957,-5.562265e-07,0.0,0.0,-0.6091996,0,0,0,0,0
26144000,0.0010914083,0.0022904447,0.0,0.0,0.99999917,0.00054570375,0.0011452218,-6.2495235e-07,0.0,0.0,-0.6087377,0,0,0,0,0
26191000,0.0010647821,0.002571936,0.0,0.0,0.99999905,0.0005323906,0.0012859675,-6.8463754e-07,0.0,0.0,-0.6080693,0,0,0,0,0
26236000,0.0010119064,0.00268356,0.0,0.0,0.999999,0.0005059527,0.0013417793,-6.7887765e-07,0.0,0.0,-0.60836065,0,0,0,0,0
26296000,0.00097026164,0.002631808,0.0,0.0,0.999999,0.0004851304,0.0013159036,-6.383854e-07,0.0,0.0,-0.6084297,0,0,0,0,0
26339000,0.0009252745,0.0025329117,0.0,0.0,0.9999991,0.00046263688,0.0012664553,-5.8590945e-07,0.0,0.0,-0.6084692,0,0,0,0,0
26396000,0.0009607277,0.0027242727,0.0,0.0,0.9999989,0.00048036335,0.0013621358,-6.5432073e-07,0.0,0.0,-0.6091317,0,0,0,0,0
26443000,0.00093019597,0.0027129657,0.0,0.0,0.999999,0.00046509755,0.0013564824,-6.3089726e-07,0.0,0.0,-0.6093123,0,0,0,0,0
26492000,0.00081768684,0.0030763925,0.0,0.0,0.99999875,0.00040884293,0.0015381955,-6.288812e-07,0.0,0.0,-0.6092468,0,0,0,0,0
26539000,0.0010534903,0.002553343,0.0,0.0,0.99999905,0.0005267447,0.001276671,-6.724802e-07,0.0,0.0,-0.609053,0,0,0,0,0
26596000,0.0009832525,0.0023389144,0.0,0.0,0.99999917,0.0004916259,0.0011694568,-5.749357e-07,0.0,0.0,-0.60891914,0,0,0,0,0
26648000,0.00066466926,0.0020219225,0.0,0.0,0.99999946,0.00033233446,0.001010961,-3.3597738e-07,0.0,0.0,-0.60861516,0,0,0,0,0
26696000,0.0009089652,0.0016583315,0.0,0.0,0.9999996,0.0004544824,0.0008291655,-3.7684129e-07,0.0,0.0,-0.60860974,0,0,0,0,0
26739000,0.0006937437,0.0013355513,0.0,0.0,0.9999997,0.00034687176,0.0006677756,-2.3163255e-07,0.0,0.0,-0.60882074,0,0,0,0,0
26792000,0.0005292557,0.00089037756,0.0,0.0,0.9999999,0.00026462783,0.00044518872,-1.1780934e-07,0.0,0.0,-0.6087306,0,0,0,0,0
26836000,0.0005379857,0.00043290696,0.0,0.0,0.99999994,0.00026899288,0.0002164535,-5.8224447e-08,0.0,0.0,-0.60876375,0,0,0,0,0
26888000,0.00056494056,-0.00039708847,0.0,0.0,0.99999994,0.00028247028,-0.00019854425,5.6082854e-08,0.0,0.0,-0.60903704,0,0,0,0,0
26936000,0.0003824495,-0.0005749517,0.0,0.0,0.99999994,0.00019122478,-0.00028747585,5.4972503e-08,0.0,0.0,-0.6089613,0,0,0,0,0
27000000,3.2011707e-05,-0.00084512203,0.0,0.0,0.9999999,1.600585e-05,-0.000422561,6.763449e-09,0.0,0.0,-0.608654,0,0,0,0,0
27043000,-0.00022200975,-0.0006538722,0.0,0.0,0.99999994,-0.00011100486,-0.0003269361,-3.6291496e-08,0.0,0.0,-0.6089584,0,0,0,0,0
27088000,3.3714e-05,-0.00077130407,0.0,0.0,0.99999994,1.6856999e-05,-0.00038565206,6.500937e-09,0.0,0.0,-0.60872585,0,0,0,0,0
27137000,-0.00035414178,-0.00068602484,0.0,0.0,0.99999994,-0.00017707088,-0.00034301242,-6.073751e-08,0.0,0.0,-0.60898185,0,0,0,0,0
27195000,-2.8110086e-05,-0.0006899616,0.0,0.0,0.99999994,-1.4055043e-05,-0.0003449808,-4.84872e-09,0.0,0.0,-0.60902405,0,0,0,0,0
27241000,0.00017484411,-0.00029772276,0.0,0.0,1.0,8.742206e-05,-0.00014886138,1.3013768e-08,0.0,0.0,-0.60885584,0,0,0,0,0
27287000,0.00032739263,-0.00010965116,0.0,0.0,1.0,0.00016369631,-5.482558e-05,8.974745e-09,0.0,0.0,-0.60898185,0,0,0,0,0
27340000,0.00033554126,8.1371836e-05,0.0,0.0,1.0,0.00016777063,4.0685918e-05,-6.825902e-09,0.0,0.0,-0.60881305,0,0,0,0,0
27399000,0.0002442509,0.00024403038,0.0,0.0,1.0,0.00012212545,0.00012201519,-1.490116e-08,0.0,0.0,-0.6091119,0,0,0,0,0
27439000,0.00078941596,0.0003034442,0.0,0.0,0.99999994,0.00039470798,0.00015172208,-5.988592e-08,0.0,0.0,-0.60889894,0,0,0,0,0
27488000,0.0006296717,0.0005645969,0.0,0.0,0.9999999,0.00031483578,0.0002822984,-8.887764e-08,0.0,0.0,-0.60887027,0,0,0,0,0
27540000,0.0006441977,0.00024868944,0.0,0.0,0.99999994,0.00032209884,0.00012434472,-4.005129e-08,0.0,0.0,-0.6088526,0,0,0,0,0
27599000,0.00015549125,0.00030827228,0.0,0.0,1.0,7.774562e-05,0.00015413614,-1.1983411e-08,0.0,0.0,-0.60874075,0,0,0,0,0
27636000,0.00027867078,0.00020384288,0.0,0.0,1.0,0.00013933537,0.00010192143,-1.42012615e-08,0.0,0.0,-0.6085178,0,0,0,0,0
27691000,-0.00013140403,0.0008354573,0.0,0.0,0.9999999,-6.570201e-05,0.00041772862,2.744561e-08,0.0,0.0,-0.60826075,0,0,0,0,0
27744000,0.00031895383,0.0010442038,0.0,0.0,0.9999999,0.00015947687,0.0005221018,-8.326317e-08,0.0,0.0,-0.60873556,0,0,0,0,0
27793000,0.0001777992,0.0007512883,0.0,0.0,0.99999994,8.8899586e-05,0.00037564416,-3.339461e-08,0.0,0.0,-0.6087325,0,0,0,0,0
27843000,0.0005399572,0.0009489676,0.0,0.0,0.9999999,0.0002699785,0.00047448374,-1.2810044e-07,0.0,0.0,-0.6086093,0,0,0,0,0
27888000,0.00028034454,0.0007193424,0.0,0.0,0.99999994,0.00014017225,0.00035967116,-5.0415924e-08,0.0,0.0,-0.60869527,0,0,0,0,0
27943000,0.00020168834,0.00028023406,0.0,0.0,1.0,0.00010084416,0.00014011702,-1.4129984e-08,0.0,0.0,-0.60911584,0,0,0,0,0
28000000,-0.00043928568,0.00053279,0.0,0.0,0.99999994,-0.00021964285,0.000266395,5.851176e-08,0.0,0.0,-0.60961413,0,0,0,0,0
28040000,-0.0006334155,0.00027499456,0.0,0.0,0.99999994,-0.0003167077,0.00013749728,4.3546446e-08,0.0,0.0,-0.609882,0,0,0,0,0
28088000,-0.00066636805,-0.00018108217,0.0,0.0,0.99999994,-0.00033318403,-9.054108e-05,-3.0166845e-08,0.0,0.0,-0.60993797,0,0,0,0,0
28139000,-0.0009918893,-0.00045634282,0.0,0.0,0.9999999,-0.0004959446,-0.00022817138,-1.1316038e-07,0.0,0.0,-0.60980976,0,0,0,0,0
28191000,-0.00088684214,-0.00093938375,0.0,0.0,0.9999998,-0.000443421,-0.00046969182,-2.0827123e-07,0.0,0.0,-0.6095036,0,0,0,0,0
28248000,-0.00072167476,-0.0011775121,0.0,0.0,0.99999976,-0.0003608373,-0.00058875594,-2.1244516e-07,0.0,0.0,-0.6093131,0,0,0,0,0
28293000,-0.0009395679,-0.0016411867,0.0,0.0,0.9999996,-0.00046978382,-0.00082059315,-3.8550152e-07,0.0,0.0,-0.6092351,0,0,0,0,0
28343000,-0.0011731337,-0.0020558694,0.0,0.0,0.9999993,-0.00058656646,-0.0010279343,-6.0295224e-07,0.0,0.0,-0.6092462,0,0,0,0,0
28396000,-0.0010272826,-0.0024692619,0.0,0.0,0.9999991,-0.0005136408,-0.0012346305,-6.3415723e-07,0.0,0.0,-0.6090784,0,0,0,0,0
28436000,-0.00085254456,-0.002534903,0.0,0.0,0.9999991,-0.000426272,-0.001267451,-5.402793e-07,0.0,0.0,-0.60892856,0,0,0,0,0
28488000,-0.000818642,-0.0025693576,0.0,0.0,0.9999991,-0.00040932064,-0.0012846785,-5.2584585e-07,0.0,0.0,-0.60869545,0,0,0,0,0
28543000,-0.00082809484,-0.002519447,0.0,0.0,0.9999991,-0.00041404707,-0.001259723,-5.215851e-07,0.0,0.0,-0.6088301,0,0,0,0,0
28592000,-0.0007747329,-0.0028879913,0.0,0.0,0.99999887,-0.00038736608,-0.0014439952,-5.593553e-07,0.0,0.0,-0.6093875,0,0,0,0,0
28648000,-0.00047168322,-0.0031669426,0.0,0.0,0.9999987,-0.0002358413,-0.0015834706,-3.7344824e-07,0.0,0.0,-0.60948354,0,0,0,0,0
28701000,-0.00012756401,-0.0034329956,0.0,0.0,0.99999857,-6.378191e-05,-0.0017164969,-1.0948161e-07,0.0,0.0,-0.6092128,0,0,0,0,0
28743000,-7.109046e-05,-0.0036695523,0.0,0.0,0.99999833,-3.5545167e-05,-0.0018347751,-6.52175e-08,0.0,0.0,-0.6092928,0,0,0,0,0
28800000,2.155944e-05,-0.0041142777,0.0,0.0,0.99999785,1.0779696e-05,-0.0020571372,2.2175364e-08,0.0,0.0,-0.6091839,0,0,0,0,0
28843000,-0.00010490306,-0.004069289,0.0,0.0,0.999998,-5.245142e-05,-0.0020346432,-1.06720144e-07,0.0,0.0,-0.60925066,0,0,0,0,0
28897000,-3.2262207e-05,-0.0038445983,0.0,0.0,0.99999815,-1.6131073e-05,-0.0019222979,-3.100879e-08,0.0,0.0,-0.60910136,0,0,0,0,0
28936000,-0.00041377856,-0.003822403,0.0,0.0,0.99999815,-0.0002068889,-0.0019112002,-3.9540686e-07,0.0,0.0,-0.6094288,0,0,0,0,0
28996000,-0.00038335382,-0.004052549,0.0,0.0,0.9999979,-0.00019167655,-0.0020262734,-3.8838982e-07,0.0,0.0,-0.60921085,0,0,0,0,0
29037000,-0.00029772506,-0.0035923785,0.0,0.0,0.9999984,-0.0001488623,-0.0017961884,-2.6738516e-07,0.0,0.0,-0.60878515,0,0,0,0,0
29092000,-0.00018209023,-0.0034305356,0.0,0.0,0.99999857,-9.1044974e-05,-0.0017152668,-1.5616666e-07,0.0,0.0,-0.6086618,0,0,0,0,0
29147000,0.000120418474,-0.003415849,0.0,0.0,0.9999985,6.020915e-05,-0.0017079237,1.0283277e-07,0.0,0.0,-0.6090899,0,0,0,0,0
29191000,-1.3062902e-05,-0.0037025549,0.0,0.0,0.99999833,-6.53144e-06,-0.0018512764,-1.2091522e-08,0.0,0.0,-0.6093537,0,0,0,0,0
29239000,0.00012482156,-0.003668118,0.0,0.0,0.99999833,6.241066e-05,-0.0018340579,1.14464974e-07,0.0,0.0,-0.60934156,0,0,0,0,0
29288000,0.00033359323,-0.0037674725,0.0,0.0,0.9999982,0.0001667963,-0.0018837351,3.1420063e-07,0.0,0.0,-0.60902584,0,0,0,0,0
29343000,0.00080463884,-0.0038224817,0.0,0.0,0.9999981,0.00040231866,-0.0019112395,7.689289e-07,0.0,0.0,-0.6088166,0,0,0,0,0
29392000,0.0010244576,-0.0034387654,0.0,0.0,0.9999984,0.00051222806,-0.0017193818,8.807169e-07,0.0,0.0,-0.6086532,0,0,0,0,0
29441000,0.0008899808,-0.0034067158,0.0,0.0,0.99999845,0.00044498977,-0.001703357,7.5797755e-07,0.0,0.0,-0.6085982,0,0,0,0,0
29496000,0.0010786947,-0.0026574174,0.0,0.0,0.999999,0.00053934683,-0.0013287081,7.1663527e-07,0.0,0.0,-0.60821354,0,0,0,0,0
29547000,0.00097120926,-0.0026985554,0.0,0.0,0.999999,0.00048560416,-0.0013492771,6.552153e-07,0.0,0.0,-0.60838336,0,0,0,0,0
29591000,0.0013443294,-0.002312,0.0,0.0,0.9999991,0.00067216426,-0.0011559994,7.7702214e-07,0.0,0.0,-0.6087546,0,0,0,0,0
29639000,0.0018101995,-0.0021426622,0.0,0.0,0.99999905,0.00090509903,-0.0010713305,9.696611e-07,0.0,0.0,-0.60936826,0,0,0,0,0
29701000,0.0017866264,-0.0013021328,0.0,0.0,0.9999994,0.0008933129,-0.00065106613,5.816061e-07,0.0,0.0,-0.6091689,0,0,0,0,0
29737000,0.0016426044,-0.0011116475,0.0,0.0,0.9999995,0.000821302,-0.0005558235,4.5649918e-07,0.0,0.0,-0.60909444,0,0,0,0,0
29801000,0.0015883329,-0.0006763375,0.0,0.0,0.99999964,0.0007941663,-0.00033816864,2.6856222e-07,0.0,0.0,-0.6092804,0,0,0,0,0
29843000,0.0016934869,-0.0003351641,0.0,0.0,0.99999964,0.0008467433,-0.000167582,1.41899e-07,0.0,0.0,-0.60916686,0,0,0,0,0
29888000,0.0015610488,0.0002579207,0.0,0.0,0.9999997,0.00078052434,0.00012896031,-1.0065669e-07,0.0,0.0,-0.60893464,0,0,0,0,0
29948000,0.0013110004,0.0008157603,0.0,0.0,0.9999997,0.0006555001,0.00040788003,-2.6736546e-07,0.0,0.0,-0.60887283,0,0,0,0,0
29996000,0.0009701345,0.0008530945,0.0,0.0,0.99999976,0.00048506714,0.00042654717,-2.0690406e-07,0.0,0.0,-0.6093263,0,0,0,0,0
30044000,0.0009469744,0.0009441291,0.0,0.0,0.99999976,0.00047348713,0.00047206448,-2.235165e-07,0.0,0.0,-0.6093787,0,0,0,0,0
30091000,0.00095428753,0.0006329598,0.0,0.0,0.9999998,0.0004771437,0.00031647988,-1.510064e-07,0.0,0.0,-0.6091665,0,0,0,0,0
30139000,0.0007925991,0.00075091934,0.0,0.0,0.9999999,0.00039629953,0.0003754596,-1.4879448e-07,0.0,0.0,-0.6088974,0,0,0,0,0
30192000,0.0008897748,0.00072083494,0.0,0.0,0.9999998,0.00044488738,0.00036041744,-1.603452e-07,0.0,0.0,-0.6088489,0,0,0,0,0
30248000,0.0008219341,0.0007186913,0.0,0.0,0.9999999,0.00041096698,0.0003593456,-1.476792e-07,0.0,0.0,-0.60852057,0,0,0,0,0
30287000,0.00062535144,0.0004527496,0.0,0.0,0.99999994,0.0003126757,0.00022637479,-7.07819e-08,0.0,0.0,-0.6085321,0,0,0,0,0
30340000,0.00060445897,0.0003338657,0.0,0.0,0.99999994,0.00030222945,0.00016693283,-5.045203e-08,0.0,0.0,-0.6084001,0,0,0,0,0
30393000,0.0,0.0,0.0,0.0,1.0,0.0,0.0,0.0,0.0,0.0,-0.60846436,0,0,0,0,0
30443000,0.0,0.0,0.0,0.0,1.0,0.0,0.0,0.0,0.0,0.0,-0.6091397,0,0,0,0,0
30491000,0.0005261794,-0.0004471827,0.0,0.0,0.99999994,0.0002630897,-0.00022359136,5.8824586e-08,0.0,0.0,-0.6092342,0,0,0,0,0
30540000,0.0006539052,-0.0004104319,0.0,0.0,0.99999994,0.00032695264,-0.00020521597,6.70959e-08,0.0,0.0,-0.6092747,0,0,0,0,0
30592000,0.00066481787,-0.00093237305,0.0,0.0,0.9999999,0.0003324089,-0.0004661865,1.5496457e-07,0.0,0.0,-0.60944474,0,0,0,0,0
30643000,0.0008122575,-0.0011169546,0.0,0.0,0.99999976,0.00040612862,-0.0005584771,2.2681364e-07,0.0,0.0,-0.6092513,0,0,0,0,0
30691000,0.00087246543,-0.0010133827,0.0,0.0,0.99999976,0.00043623266,-0.0005066913,2.2103532e-07,0.0,0.0,-0.60940194,0,0,0,0,0
30747000,0.00048759903,-0.0016560438,0.0,0.0,0.99999964,0.00024379943,-0.00082802173,2.018713e-07,0.0,0.0,-0.6094461,0,0,0,0,0
30788000,0.00016642119,-0.0016474581,0.0,0.0,0.99999964,8.3210565e-05,-0.000823729,6.8542974e-08,0.0,0.0,-0.6096311,0,0,0,0,0
30839000,0.00027108466,-0.0015200985,0.0,0.0,0.9999997,0.00013554229,-0.00076004927,1.0301884e-07,0.0,0.0,-0.6093181,0,0,0,0,0
30896000,0.0003359625,-0.0015461324,0.0,0.0,0.99999964,0.0001679812,-0.00077306613,1.2986061e-07,0.0,0.0,-0.60919964,0,0,0,0,0
30952000,8.5328684e-05,-0.0007673105,0.0,0.0,0.99999994,4.2664342e-05,-0.00038365528,1.63684e-08,0.0,0.0,-0.60881484,0,0,0,0,0
30987000,0.00032160824,-0.0007018651,0.0,0.0,0.99999994,0.0001608041,-0.00035093256,5.64314e-08,0.0,0.0,-0.6088824,0,0,0,0,0
31047000,0.0,0.0,0.0,0.0,1.0,0.0,0.0,0.0,0.0,0.0,-0.6088694,0,0,0,0,0
31088000,0.00029876994,0.00017304861,0.0,0.0,1.0,0.00014938496,8.6524306e-05,-1.292543e-08,0.0,0.0,-0.60854435,0,0,0,0,0
31141000,0.00010922143,0.0003275362,0.0,0.0,1.0,5.4610715e-05,0.0001637681,-8.943493e-09,0.0,0.0,-0.6084402,0,0,0,0,0
31193000,0.0004374723,0.00053427997,0.0,0.0,0.99999994,0.00021873615,0.00026714,-5.8433177e-08,0.0,0.0,-0.6083085,0,0,0,0,0
31238000,0.00038863104,0.00075114705,0.0,0.0,0.99999994,0.00019431551,0.00037557352,-7.297976e-08,0.0,0.0,-0.6087761,0,0,0,0,0
31293000,0.00030300661,0.0011043049,0.0,0.0,0.9999998,0.00015150328,0.0005521524,-8.365292e-08,0.0,0.0,-0.6093187,0,0,0,0,0
31339000,0.00034813685,0.0012911005,0.0,0.0,0.99999976,0.0001740684,0.00064555026,-1.1236991e-07,0.0,0.0,-0.609448,0,0,0,0,0
31388000,0.00032639017,0.0016952001,0.0,0.0,0.99999964,0.00016319501,0.0008475999,-1.3832411e-07,0.0,0.0,-0.60980636,0,0,0,0,0
31436000,0.00034688858,0.0017937473,0.0,0.0,0.9999996,0.00017344422,0.00089687353,-1.5555759e-07,0.0,0.0,-0.6094414,0,0,0,0,0
31499000,0.00033521562,0.0019548754,0.0,0.0,0.9999995,0.00016760772,0.0009774376,-1.6382617e-07,0.0,0.0,-0.6093386,0,0,0,0,0
31540000,0.00038479993,0.0018515423,0.0,0.0,0.9999995,0.0001923999,0.000925771,-1.7811831e-07,0.0,0.0,-0.6092081,0,0,0,0,0
31592000,-4.8881084e-05,0.0015041898,0.0,0.0,0.9999997,-2.4440536e-05,0.0007520949,1.8381607e-08,0.0,0.0,-0.60905534,0,0,0,0,0
31639000,0.00012745768,0.0011380058,0.0,0.0,0.9999999,6.3728825e-05,0.0005690028,-3.6261888e-08,0.0,0.0,-0.6088107,0,0,0,0,0
31696000,-1.4074874e-05,0.0017262779,0.0,0.0,0.99999964,-7.0374344e-06,0.0008631388,6.0742855e-09,0.0,0.0,-0.60901606,0,0,0,0,0
31740000,-2.6841653e-05,0.0015819849,0.0,0.0,0.9999997,-1.3420822e-05,0.00079099234,1.06157705e-08,0.0,0.0,-0.60906744,0,0,0,0,0
31791000,0.000144594,0.0015755915,0.0,0.0,0.9999997,7.229698e-05,0.00078779564,-5.695526e-08,0.0,0.0,-0.6091144,0,0,0,0,0
31841000,8.719279e-05,0.0016535454,0.0,0.0,0.99999964,4.3596378e-05,0.0008267726,-3.6044305e-08,0.0,0.0,-0.6092917,0,0,0,0,0
31892000,0.00030310452,0.0021899112,0.0,0.0,0.9999994,0.00015155216,0.0010949553,-1.6594294e-07,0.0,0.0,-0.60933524,0,0,0,0,0
31939000,0.00043955146,0.0021109143,0.0,0.0,0.9999994,0.00021977561,0.0010554568,-2.3196381e-07,0.0,0.0,-0.6092385,0,0,0,0,0
31988000,0.00069724873,0.002262009,0.0,0.0,0.9999993,0.00034862416,0.0011310043,-3.9429565e-07,0.0,0.0,-0.6089266,0,0,0,0,0
32061000,0.0004624113,0.0027449569,0.0,0.0,0.99999905,0.00023120541,0.0013724779,-3.1732466e-07,0.0,0.0,-0.6085235,0,0,0,0,0
32092000,0.0005373193,0.0028383,0.0,0.0,0.999999,0.00026865935,0.0014191495,-3.8126817e-07,0.0,0.0,-0.6087053,0,0,0,0,0
32143000,0.00020933316,0.0021460066,0.0,0.0,0.9999994,0.00010466652,0.0010730029,-1.1230755e-07,0.0,0.0,-0.6085783,0,0,0,0,0
32200000,-0.00030646974,0.002189443,0.0,0.0,0.9999994,-0.00015323475,0.0010947213,1.6774943e-07,0.0,0.0,-0.60839707,0,0,0,0,0
32239000,-0.00037718564,0.002285203,0.0,0.0,0.99999934,-0.00018859269,0.0011426011,2.1548638e-07,0.0,0.0,-0.6083763,0,0,0,0,0
32291000,-0.0006712273,0.0022167268,0.0,0.0,0.99999934,-0.00033561338,0.0011083632,3.719817e-07,0.0,0.0,-0.60868204,0,0,0,0,0
32348000,-0.00082801766,0.0027674986,0.0,0.0,0.9999989,-0.00041400836,0.0013837487,5.728842e-07,0.0,0.0,-0.60909367,0,0,0,0,0
32399000,-0.000872691,0.0029421004,0.0,0.0,0.9999988,-0.000436345,0.0014710495,6.418858e-07,0.0,0.0,-0.6094846,0,0,0,0,0
32440000,-0.00092598895,0.0030061482,0.0,0.0,0.99999875,-0.000462994,0.0015030735,6.959148e-07,0.0,0.0,-0.60960716,0,0,0,0,0
32491000,-0.0012881696,0.002443363,0.0,0.0,0.99999905,-0.00064408424,0.0012216809,7.868661e-07,0.0,0.0,-0.6095161,0,0,0,0,0
32540000,-0.0013393307,0.0021548786,0.0,0.0,0.99999917,-0.00066966494,0.0010774389,7.215236e-07,0.0,0.0,-0.60898197,0,0,0,0,0
32596000,-0.001493958,0.0017698901,0.0,0.0,0.99999934,-0.0007469787,0.0008849447,6.6103524e-07,0.0,0.0,-0.6084383,0,0,0,0,0
32643000,-0.0014020472,0.0011713778,0.0,0.0,0.9999996,-0.0007010235,0.0005856888,4.1058172e-07,0.0,0.0,-0.60881925,0,0,0,0,0
32696000,-0.0014110556,0.00062698417,0.0,0.0,0.9999997,-0.0007055277,0.000313492,2.2117734e-07,0.0,0.0,-0.6092957,0,0,0,0,0
32739000,-0.0012499152,0.00058741885,0.0,0.0,0.99999976,-0.00062495755,0.00029370934,1.8355591e-07,0.0,0.0,-0.60947466,0,0,0,0,0
32800000,-0.0012769978,0.0008680225,0.0,0.0,0.9999997,-0.00063849887,0.00043401116,2.771157e-07,0.0,0.0,-0.60910237,0,0,0,0,0
32843000,-0.0013879414,0.00108308,0.0,0.0,0.9999996,-0.0006939706,0.0005415398,3.7581282e-07,0.0,0.0,-0.60902184,0,0,0,0,0
32888000,-0.001089658,0.00077510375,0.0,0.0,0.9999998,-0.00054482894,0.00038755182,2.111495e-07,0.0,0.0,-0.6089629,0,0,0,0,0
32943000,-0.0012424723,0.0004943708,0.0,0.0,0.99999976,-0.0006212361,0.00024718535,1.535605e-07,0.0,0.0,-0.60910016,0,0,0,0,0
32988000,-0.0010840435,-0.00013016426,0.0,0.0,0.9999998,-0.00054202176,-6.508213e-05,-3.527593e-08,0.0,0.0,-0.609273,0,0,0,0,0
33039000,-0.0013783603,-8.644263e-05,0.0,0.0,0.99999976,-0.00068918004,-4.3221302e-05,-2.9787268e-08,0.0,0.0,-0.6092005,0,0,0,0,0
33091000,-0.0012825748,-0.00015470068,0.0,0.0,0.99999976,-0.00064128736,-7.735033e-05,-4.9603795e-08,0.0,0.0,-0.6091883,0,0,0,0,0
33143000,-0.0011409789,-9.731204e-05,0.0,0.0,0.9999998,-0.00057048944,-4.8656013e-05,-2.7757748e-08,0.0,0.0,-0.60922104,0,0,0,0,0
33197000,-0.0013786659,-8.1420665e-05,0.0,0.0,0.99999976,-0.0006893329,-4.071032e-05,-2.806297e-08,0.0,0.0,-0.6089975,0,0,0,0,0
33239000,-0.0015408591,-9.969793e-05,0.0,0.0,0.9999997,-0.00077042944,-4.984895e-05,-3.840511e-08,0.0,0.0,-0.60876447,0,0,0,0,0
33299000,-0.0020002602,-0.00022820395,0.0,0.0,0.9999995,-0.0010001299,-0.00011410191,-1.14116794e-07,0.0,0.0,-0.6090742,0,0,0,0,0
33343000,-0.0019265785,-0.00047138543,0.0,0.0,0.9999995,-0.00096328894,-0.0002356926,-2.2704019e-07,0.0,0.0,-0.6091119,0,0,0,0,0
33387000,-0.0020377566,-0.0011008952,0.0,0.0,0.99999934,-0.0010188781,-0.0005504473,-5.6083906e-07,0.0,0.0,-0.6091849,0,0,0,0,0
33443000,-0.0018570413,-0.0012482759,0.0,0.0,0.9999994,-0.00092852034,-0.0006241376,-5.795248e-07,0.0,0.0,-0.60926104,0,0,0,0,0
33500000,-0.0017278654,-0.0011428115,0.0,0.0,0.99999946,-0.0008639325,-0.0005714055,-4.9365605e-07,0.0,0.0,-0.6093172,0,0,0,0,0
33539000,-0.0019299807,-0.0009614265,0.0,0.0,0.9999994,-0.00096499006,-0.000480713,-4.6388357e-07,0.0,0.0,-0.6090734,0,0,0,0,0
33591000,-0.0018252109,-0.0010947881,0.0,0.0,0.9999994,-0.00091260514,-0.0005473938,-4.9955463e-07,0.0,0.0,-0.60912967,0,0,0,0,0
33639000,-0.00189976,-0.0008261051,0.0,0.0,0.99999946,-0.0009498798,-0.00041305233,-3.9235027e-07,0.0,0.0,-0.60907346,0,0,0,0,0
33692000,-0.001460497,-0.00060855923,0.0,0.0,0.9999997,-0.0007302484,-0.00030427956,-2.2219972e-07,0.0,0.0,-0.6092375,0,0,0,0,0
33743000,-0.0014355044,-0.000665375,0.0,0.0,0.9999997,-0.0007177521,-0.0003326874,-2.3878715e-07,0.0,0.0,-0.6092918,0,0,0,0,0
33788000,-0.0015654577,-0.0007277198,0.0,0.0,0.99999964,-0.0007827287,-0.00036385976,-2.8480363e-07,0.0,0.0,-0.6094196,0,0,0,0,0
33839000,-0.00097283686,-0.0004956625,0.0,0.0,0.9999998,-0.00048641843,-0.00024783125,-1.205497e-07,0.0,0.0,-0.6093723,0,0,0,0,0
33897000,-0.000680997,-0.000114368675,0.0,0.0,0.99999994,-0.0003404985,-5.7184337e-05,-1.947118e-08,0.0,0.0,-0.6090876,0,0,0,0,0
33936000,-0.0001441506,-0.0003137354,0.0,0.0,1.0,-7.20753e-05,-0.0001568677,-1.1306287e-08,0.0,0.0,-0.60894245,0,0,0,0,0
33992000,0.00044420065,-0.00071968173,0.0,0.0,0.9999999,0.0002221003,-0.00035984084,7.992076e-08,0.0,0.0,-0.6090335,0,0,0,0,0
34039000,0.00045198013,-0.00093198585,0.0,0.0,0.9999999,0.00022599005,-0.0004659929,1.0530977e-07,0.0,0.0,-0.60884386,0,0,0,0,0
34092000,0.0006037772,-0.0008416276,0.0,0.0,0.9999999,0.00030188853,-0.00042081374,1.2703886e-07,0.0,0.0,-0.6087009,0,0,0,0,0
34143000,0.00046801637,-0.000507738,0.0,0.0,0.99999994,0.00023400818,-0.00025386902,5.9407423e-08,0.0,0.0,-0.6088933,0,0,0,0,0
34188000,0.00075951515,-0.00013850347,0.0,0.0,0.99999994,0.0003797576,-6.925173e-05,2.6298872e-08,0.0,0.0,-0.6087907,0,0,0,0,0
34239000,0.0013132537,-0.0002520018,0.0,0.0,0.99999976,0.00065662677,-0.00012600087,8.273556e-08,0.0,0.0,-0.60883087,0,0,0,0,0
34297000,0.0017557696,-0.0001292875,0.0,0.0,0.9999996,0.0008778847,-6.4643726e-05,5.674976e-08,0.0,0.0,-0.6087736,0,0,0,0,0
34347000,0.0019385606,-0.00041939277,0.0,0.0,0.9999995,0.00096928014,-0.00020969629,2.0325454e-07,0.0,0.0,-0.60881233,0,0,0,0,0
34388000,0.0019006744,-0.000566872,0.0,0.0,0.9999995,0.0009503371,-0.0002834359,2.6935976e-07,0.0,0.0,-0.60900486,0,0,0,0,0
34443000,0.0017166608,-0.0006252502,0.0,0.0,0.9999996,0.0008583302,-0.000312625,2.683356e-07,0.0,0.0,-0.6087727,0,0,0,0,0
34488000,0.0015535835,-0.00029962385,0.0,0.0,0.9999997,0.00077679177,-0.0001498119,1.1637267e-07,0.0,0.0,-0.60893977,0,0,0,0,0
34544000,0.0017671497,-0.0004637271,0.0,0.0,0.9999996,0.0008835748,-0.00023186347,2.048688e-07,0.0,0.0,-0.6090424,0,0,0,0,0
34593000,0.0018727437,-0.0002628905,0.0,0.0,0.9999996,0.0009363718,-0.0001314452,1.2308162e-07,0.0,0.0,-0.60908705,0,0,0,0,0
34641000,0.0015600607,-0.0002638307,0.0,0.0,0.9999997,0.00078003027,-0.00013191531,1.02897964e-07,0.0,0.0,-0.6087662,0,0,0,0,0
34692000,0.0013637571,-0.0006365093,0.0,0.0,0.9999997,0.0006818784,-0.00031825458,2.1701096e-07,0.0,0.0,-0.60812247,0,0,0,0,0
34743000,0.0010841112,0.00012959808,0.0,0.0,0.9999999,0.0005420556,6.479903e-05,-3.5124682e-08,0.0,0.0,-0.60863537,0,0,0,0,0
34791000,0.001253917,0.0003108414,0.0,0.0,0.9999998,0.0006269585,0.00015542067,-9.7442324e-08,0.0,0.0,-0.60883176,0,0,0,0,0
34839000,0.0013651497,0.0006335169,0.0,0.0,0.9999997,0.0006825748,0.00031675838,-2.1621133e-07,0.0,0.0,-0.60927975,0,0,0,0,0
34892000,0.0010457382,0.00046661982,0.0,0.0,0.9999999,0.0005228691,0.00023330987,-1.2199054e-07,0.0,0.0,-0.60912496,0,0,0,0,0
34940000,0.0009910512,0.0005736899,0.0,0.0,0.9999999,0.0004955256,0.00028684488,-1.4213899e-07,0.0,0.0,-0.609336,0,0,0,0,0
34991000,0.0010294248,0.00078052224,0.0,0.0,0.9999998,0.00051471236,0.00039026106,-2.0087222e-07,0.0,0.0,-0.60972863,0,0,0,0,0
35040000,0.001120231,0.0010050171,0.0,0.0,0.99999976,0.00056011544,0.0005025085,-2.814628e-07,0.0,0.0,-0.6097467,0,0,0,0,0
35091000,0.0011653593,0.0010702029,0.0,0.0,0.9999997,0.0005826795,0.00053510134,-3.117927e-07,0.0,0.0,-0.6095115,0,0,0,0,0
35143000,0.00079606444,0.0013230526,0.0,0.0,0.9999997,0.00039803216,0.0006615262,-2.6330875e-07,0.0,0.0,-0.6090382,0,0,0,0,0
35192000,0.00068243995,0.0014274702,0.0,0.0,0.9999997,0.0003412199,0.000713735,-2.4354065e-07,0.0,0.0,-0.6091179,0,0,0,0,0
35243000,0.00068686006,0.0011981536,0.0,0.0,0.99999976,0.00034342997,0.00059907674,-2.0574095e-07,0.0,0.0,-0.60934645,0,0,0,0,0
35292000,0.0006253801,0.000894982,0.0,0.0,0.9999999,0.00031268998,0.00044749095,-1.3992596e-07,0.0,0.0,-0.60935843,0,0,0,0,0
35344000,0.0005726503,0.0006223564,0.0,0.0,0.9999999,0.0002863251,0.00031117818,-8.909814e-08,0.0,0.0,-0.60956246,0,0,0,0,0
35388000,0.00054690044,0.00042158877,0.0,0.0,0.99999994,0.0002734502,0.00021079439,-5.7641774e-08,0.0,0.0,-0.60940427,0,0,0,0,0
35439000,0.0003391707,6.459508e-05,0.0,0.0,1.0,0.00016958536,3.229754e-05,-5.47719e-09,0.0,0.0,-0.60936314,0,0,0,0,0
35500000,0.00051702297,-0.00045773835,0.0,0.0,0.99999994,0.00025851149,-0.00022886916,5.9165306e-08,0.0,0.0,-0.6090414,0,0,0,0,0
35547000,0.0006672656,-0.0005196272,0.0,0.0,0.99999994,0.00033363278,-0.0002598136,8.6682334e-08,0.0,0.0,-0.6087119,0,0,0,0,0
35588000,0.000869317,-0.00095562486,0.0,0.0,0.99999976,0.00043465843,-0.00047781237,2.076852e-07,0.0,0.0,-0.60870165,0,0,0,0,0
35641000,0.0008094031,-0.0012687963,0.0,0.0,0.99999976,0.00040470142,-0.000634398,2.5674186e-07,0.0,0.0,-0.60844314,0,0,0,0,0
35691000,0.00077447854,-0.0018259499,0.0,0.0,0.9999995,0.0003872391,-0.00091297465,3.5353966e-07,0.0,0.0,-0.6086229,0,0,0,0,0
35736000,0.0012147224,-0.0019415619,0.0,0.0,0.99999934,0.0006073608,-0.0009707807,5.896145e-07,0.0,0.0,-0.6085758,0,0,0,0,0
35791000,0.001005928,-0.0019987256,0.0,0.0,0.9999994,0.0005029637,-0.0009993624,5.026434e-07,0.0,0.0,-0.60846275,0,0,0,0,0
35837000,0.0009151561,-0.002127654,0.0,0.0,0.99999934,0.0004575778,-0.0010638267,4.8678373e-07,0.0,0.0,-0.60859555,0,0,0,0,0
35888000,0.00091420155,-0.0020998686,0.0,0.0,0.99999934,0.0004571005,-0.001049934,4.7992563e-07,0.0,0.0,-0.6087496,0,0,0,0,0
35940000,0.0011501528,-0.0022877206,0.0,0.0,0.99999917,0.0005750759,-0.0011438597,6.578068e-07,0.0,0.0,-0.6089967,0,0,0,0,0
35988000,0.0007994741,-0.0023579083,0.0,0.0,0.9999992,0.00039973677,-0.0011789538,4.7127153e-07,0.0,0.0,-0.6087721,0,0,0,0,0
36043000,0.00085893273,-0.00203711,0.0,0.0,0.9999994,0.00042946616,-0.0010185548,4.3743506e-07,0.0,0.0,-0.6088805,0,0,0,0,0
36092000,0.0012326725,-0.002296836,0.0,0.0,0.99999917,0.0006163357,-0.0011484175,7.0781135e-07,0.0,0.0,-0.6089297,0,0,0,0,0
36139000,0.0013316604,-0.0021037043,0.0,0.0,0.9999992,0.00066582987,-0.0010518518,7.0035475e-07,0.0,0.0,-0.60895866,0,0,0,0,0
36192000,0.0011076194,-0.0019442155,0.0,0.0,0.99999934,0.00055380946,-0.00097210746,5.383626e-07,0.0,0.0,-0.6087339,0,0,0,0,0
36243000,0.0010379441,-0.0015035073,0.0,0.0,0.9999996,0.0005189719,-0.00075175345,3.901391e-07,0.0,0.0,-0.6085672,0,0,0,0,0
36288000,0.0008408099,-0.0012950774,0.0,0.0,0.9999997,0.00042040486,-0.00064753863,2.7222845e-07,0.0,0.0,-0.6084863,0,0,0,0,0
36340000,0.0009397181,-0.0010120667,0.0,0.0,0.99999976,0.000469859,-0.0005060333,2.3776435e-07,0.0,0.0,-0.6084991,0,0,0,0,0
36388000,0.00061084994,-0.0013754416,0.0,0.0,0.9999997,0.00030542494,-0.0006877207,2.1004709e-07,0.0,0.0,-0.6084638,0,0,0,0,0
36448000,0.00046067373,-0.00070925016,0.0,0.0,0.9999999,0.00023033682,-0.00035462502,8.168322e-08,0.0,0.0,-0.6088969,0,0,0,0,0
36496000,0.0004932524,-0.000974061,0.0,0.0,0.9999998,0.0002466262,-0.0004870305,1.2011449e-07,0.0,0.0,-0.6090534,0,0,0,0,0
36539000,0.00044542318,-0.0012126535,0.0,0.0,0.9999998,0.00022271156,-0.0006063266,1.3503598e-07,0.0,0.0,-0.6089987,0,0,0,0,0
36591000,0.00025585477,-0.001061429,0.0,0.0,0.9999999,0.00012792736,-0.00053071446,6.7892906e-08,0.0,0.0,-0.60869306,0,0,0,0,0
36640000,0.0005669737,-0.00093307754,0.0,0.0,0.9999999,0.00028348682,-0.00046653874,1.322576e-07,0.0,0.0,-0.60895896,0,0,0,0,0
36687000,0.0005483152,-0.0008787687,0.0,0.0,0.9999999,0.00027415753,-0.00043938428,1.2046054e-07,0.0,0.0,-0.6087642,0,0,0,0,0
36737000,0.0006679419,-0.00093013764,0.0,0.0,0.9999999,0.0003339709,-0.0004650688,1.5531948e-07,0.0,0.0,-0.6087344,0,0,0,0,0
36792000,0.00064715307,-0.0011701849,0.0,0.0,0.9999998,0.00032357653,-0.0005850924,1.893222e-07,0.0,0.0,-0.6091394,0,0,0,0,0
36841000,0.0006980122,-0.0011405782,0.0,0.0,0.99999976,0.00034900603,-0.00057028903,1.9903435e-07,0.0,0.0,-0.60919756,0,0,0,0,0
36892000,0.0005245239,-0.0012300467,0.0,0.0,0.99999976,0.0002622619,-0.00061502325,1.6129721e-07,0.0,0.0,-0.60912454,0,0,0,0,0
36944000,0.000880764,-0.00094508496,0.0,0.0,0.99999976,0.0004403819,-0.00047254242,2.0809917e-07,0.0,0.0,-0.60916513,0,0,0,0,0
36991000,0.0008351375,-0.0010443587,0.0,0.0,0.99999976,0.00041756866,-0.0005221793,2.1804576e-07,0.0,0.0,-0.60898185,0,0,0,0,0
37039000,0.0008052398,-0.00081418164,0.0,0.0,0.9999998,0.0004026198,-0.00040709073,1.6390283e-07,0.0,0.0,-0.60932106,0,0,0,0,0
37087000,0.0007610541,-0.0007026237,0.0,0.0,0.9999998,0.00038052702,-0.00035131184,1.3368366e-07,0.0,0.0,-0.6093701,0,0,0,0,0
37139000,0.0010086297,-0.0011169799,0.0,0.0,0.9999997,0.0005043147,-0.0005584898,2.8165476e-07,0.0,0.0,-0.6089874,0,0,0,0,0
37188000,0.0014144159,-0.0009897781,0.0,0.0,0.99999964,0.00070720783,-0.0004948889,3.4998945e-07,0.0,0.0,-0.60882866,0,0,0,0,0
37238000,0.0015487064,-0.0008372284,0.0,0.0,0.9999996,0.00077435316,-0.0004186141,3.2415522e-07,0.0,0.0,-0.60871893,0,0,0,0,0
37291000,0.0012799182,-0.0012088228,0.0,0.0,0.99999964,0.00063995895,-0.00060441124,3.8679852e-07,0.0,0.0,-0.60906583,0,0,0,0,0
37343000,0.0015694314,-0.0012127634,0.0,0.0,0.9999995,0.0007847154,-0.0006063814,4.7583706e-07,0.0,0.0,-0.60902345,0,0,0,0,0
37391000,0.0017372195,-0.0012771982,0.0,0.0,0.9999994,0.00086860947,-0.00063859887,5.546933e-07,0.0,0.0,-0.609225,0,0,0,0,0
37439000,0.0018054642,-0.0014090822,0.0,0.0,0.99999934,0.0009027317,-0.0007045408,6.3601175e-07,0.0,0.0,-0.6094883,0,0,0,0,0
37493000,0.001865198,-0.0014573535,0.0,0.0,0.9999993,0.00093259854,-0.0007286764,6.795631e-07,0.0,0.0,-0.6095696,0,0,0,0,0
37540000,0.0017349129,-0.0009612414,0.0,0.0,0.9999995,0.00086745626,-0.0004806205,4.169175e-07,0.0,0.0,-0.6096682,0,0,0,0,0
37592000,0.0017230269,-0.0009823884,0.0,0.0,0.9999995,0.0008615132,-0.00049119396,4.2317032e-07,0.0,0.0,-0.60938185,0,0,0,0,0
37639000,0.0019927297,-0.00056618464,0.0,0.0,0.99999946,0.0009963646,-0.00028309217,2.8206318e-07,0.0,0.0,-0.6090469,0,0,0,0,0
37691000,0.0019798526,-0.0009837515,0.0,0.0,0.9999994,0.0009899259,-0.0004918755,4.869206e-07,0.0,0.0,-0.6094123,0,0,0,0,0
37737000,0.0020411778,-0.00091672625,0.0,0.0,0.9999994,0.0010205887,-0.00045836286,4.6780028e-07,0.0,0.0,-0.60949916,0,0,0,0,0
37794000,0.0018257112,6.811533e-05,0.0,0.0,0.9999996,0.00091285555,3.405765e-05,-3.108973e-08,0.0,0.0,-0.6089241,0,0,0,0,0
37843000,0.0022292556,0.00052500644,0.0,0.0,0.99999934,0.0011146275,0.00026250305,-2.925933e-07,0.0,0.0,-0.60915005,0,0,0,0,0
37888000,0.0024249388,0.0007463107,0.0,0.0,0.9999992,0.001212469,0.00037315508,-4.5243925e-07,0.0,0.0,-0.6089992,0,0,0,0,0
37939000,0.0003087395,-0.00015456139,-0.12575907,0.0,0.99802375,0.0001492085,-8.6828266e-05,-0.06283809,0.0,0.0,-0.60904056,0,0,0,0,0
37992000,-0.00043261112,0.0016712515,-0.09277234,0.7853982,0.998924,-0.00017732524,0.0008447567,-0.04636934,0.0,0.0,-0.5982008,0,0,0,0,0
38039000,-0.00046126283,0.0019290269,-0.047219247,0.7853982,0.9997208,-0.00020779735,0.00096968916,-0.023607198,0.0,0.0,-0.581155,0,0,0,0,0
38099000,-0.001706159,0.002455551,-0.00014468748,0.7828018,0.9999989,-0.0008529899,0.0012278362,-7.129627e-05,0.0,0.0,-0.5636436,0,0,0,0,0
38143000,-0.0039054616,0.0024669617,-0.00014468773,0.0,0.9999973,-0.001952639,0.0012336195,-6.993502e-05,0.0,0.0,-0.5531078,0,0,0,0,0
38192000,-0.006337933,0.002538051,-0.00014468773,0.0,0.99999416,-0.003168867,0.0012692481,-6.8321955e-05,0.0,0.0,-0.5529313,0,0,0,0,0
38240000,-0.0065367296,0.002573735,-0.00014468773,0.0,0.9999938,-0.003268263,0.0012870968,-6.813747e-05,0.0,0.0,-0.54740566,0,0,0,0,0
38292000,-0.0045234025,0.0027913335,-0.00014468774,0.0,0.9999965,-0.0022615965,0.0013958263,-6.918704e-05,0.0,0.0,-0.5519317,0,0,0,0,0
38343000,-0.0014110465,0.0034921165,-0.00014468773,0.0,0.9999982,-0.0007053958,0.0017461079,-7.1111856e-05,0.0,0.0,-0.5440032,0,0,0,0,0
38388000,0.0013606825,0.0038052928,-0.00014468773,0.0,0.999998,0.0006804776,0.0019025954,-7.363817e-05,0.0,0.0,-0.5584782,0,0,0,0,0
38453000,0.0041225394,0.0042206617,-0.00014468773,0.0,0.99999565,0.0020614164,0.0021101758,-7.669351e-05,0.0,0.0,-0.5903238,0,0,0,0,0
38493000,0.0050946805,0.0041757314,-0.00014468773,0.0,0.9999946,0.002547483,0.002087673,-7.766198e-05,0.0,0.0,-0.60692394,0,0,0,0,0
38545000,0.0049266694,0.0064167376,-0.00014468773,0.0,0.99999183,0.002463552,0.003208175,-8.0246544e-05,0.0,0.0,-0.6157964,0,0,0,0,0
38591000,0.004594603,0.0063280785,-0.00014468773,0.0,0.9999924,0.0022975167,0.0031638592,-7.961204e-05,0.0,0.0,-0.62665147,0,0,0,0,0
38639000,0.0044762213,0.0061659478,-0.00014468773,0.0,0.9999927,0.0022383211,0.0030827993,-7.924336e-05,0.0,0.0,-0.6311715,0,0,0,0,0
38692000,0.0050754473,0.0010868348,-0.00014468773,0.0,0.9999966,0.00253776,0.0005432321,-7.372267e-05,0.0,0.0,-0.6324811,0,0,0,0,0
38739000,0.0044620186,0.00048661858,-0.00014468774,0.0,0.9999975,0.002231025,0.00024314727,-7.288652e-05,0.0,0.0,-0.6319141,0,0,0,0,0
38788000,0.0037537087,0.00030918128,-0.00014468773,0.0,0.9999983,0.0018768646,0.0001544546,-7.263389e-05,0.0,0.0,-0.6315443,0,0,0,0,0
38839000,0.0026808192,-0.00029151578,-0.00014468773,0.0,0.9999991,0.0013403987,-0.00014585473,-7.2148425e-05,0.0,0.0,-0.6329815,0,0,0,0,0
38899000,0.001504905,-0.00091362116,-0.00014468774,0.0,0.99999964,0.0007524193,-0.00045686483,-7.200012e-05,0.0,0.0,-0.6256991,0,0,0,0,0
38948000,0.0009301082,-0.0011831636,-0.00014468773,0.0,0.9999997,0.00046501122,-0.0005916154,-7.206874e-05,0.0,0.0,-0.6047024,0,0,0,0,0
38992000,-0.00016836081,-0.0006696953,-0.00014468773,0.0,0.99999994,-8.420462e-05,-0.00033484155,-7.237205e-05,0.0,0.0,-0.5912142,0,0,0,0,0
39039000,-0.00035925338,-0.00076563226,-0.00014468773,0.0,0.99999994,-0.00017965438,-0.00038280315,-7.241262e-05,0.0,0.0,-0.5857442,0,0,0,0,0
39087000,-0.00086782465,-0.0007471163,-0.00014468773,0.0,0.9999998,-0.00043393933,-0.00037352674,-7.250595e-05,0.0,0.0,-0.58912975,0,0,0,0,0
39149000,-0.001643775,-0.0005274824,-0.00014468773,0.0,0.99999964,-0.00082190643,-0.00026368166,-7.256061e-05,0.0,0.0,-0.5964919,0,0,0,0,0
39191000,-0.0017234995,9.8906814e-05,-0.00014468773,0.0,0.99999964,-0.0008617461,4.951573e-05,-7.230122e-05,0.0,0.0,-0.6017788,0,0,0,0,0
39236000,-0.0018166917,0.00019363053,-0.00014468774,0.0,0.9999996,-0.00090833864,9.688093e-05,-7.2255905e-05,0.0,0.0,-0.60669744,0,0,0,0,0
39288000,-0.002061965,-0.00019959186,-0.00014468773,0.0,0.99999946,-0.0010309896,-9.972129e-05,-7.2446725e-05,0.0,0.0,-0.6080077,0,0,0,0,0
39340000,-0.0019705773,-0.00022524048,-0.00014468773,0.0,0.9999995,-0.0009852966,-0.0001125489,-7.245479e-05,0.0,0.0,-0.6070455,0,0,0,0,0
39387000,-0.0023183343,-0.00076537405,-0.00014468771,0.0,0.9999993,-0.0011591943,-0.00038260288,-7.278741e-05,0.0,0.0,-0.6082049,0,0,0,0,0
39448000,0.0055838074,-0.00080627174,-0.00014468773,0.0,0.999996,0.002791871,-0.00040333625,-7.121807e-05,0.0,0.0,-0.4440883,0,0,0,0,0
39491000,0.0038813702,-0.0011254627,-0.00014468773,0.0,0.999998,0.0019406427,-0.00056287064,-7.1251634e-05,0.0,0.0,-0.43697798,0,0,0,0,0
39543000,0.0025239307,-0.0014469433,-0.00014468771,0.0,0.9999989,0.0012619123,-0.00072356226,-7.14308e-05,0.0,0.0,-0.41916287,0,0,0,0,0
39592000,0.00234911,-0.0019746462,-0.00014468773,0.0,0.99999887,0.0011744829,-0.0009874073,-7.118413e-05,0.0,0.0,-0.40580565,0,0,0,0,0
39639000,0.0020175125,-0.0025337876,-0.00014468773,0.0,0.9999987,0.0010086637,-0.0012669658,-7.1065784e-05,0.0,0.0,-0.38947865,0,0,0,0,0
39692000,0.0021487484,-0.0026128518,-0.00014468773,0.0,0.99999857,0.0010742784,-0.0013065024,-7.094018e-05,0.0,0.0,-0.37619552,0,0,0,0,0
39740000,0.002423997,-0.002645538,-0.00014468773,0.0,0.9999984,0.0012119013,-0.0013228554,-7.0740556e-05,0.0,0.0,-0.35829958,0,0,0,0,0
39792000,0.0028133162,-0.0026431903,-0.00014468771,0.0,0.99999815,0.0014065608,-0.0013216953,-7.048469e-05,0.0,0.0,-0.34318945,0,0,0,0,0
39839000,0.0027906778,-0.0028402454,-0.00014468773,0.0,0.99999803,0.0013952344,-0.0014202219,-7.036218e-05,0.0,0.0,-0.3331686,0,0,0,0,0
39887000,0.0030966839,-0.0031180964,-0.00014468773,0.0,0.9999976,0.0015482267,-0.0015591576,-6.992976e-05,0.0,0.0,-0.32708922,0,0,0,0,0
39939000,0.0034062127,-0.0034470346,-0.00014468773,0.0,0.9999971,0.0017029783,-0.0017236371,-6.940833e-05,0.0,0.0,-0.32119268,0,0,0,0,0
39991000,0.003535478,-0.0035235265,-0.00014468774,0.0,0.9999969,0.0017676079,-0.0017618876,-6.92293e-05,0.0,0.0,-0.31465033,0,0,0,0,0
40043000,0.0033599443,-0.00369129,-0.00014468773,0.0,0.9999969,0.0016798348,-0.0018457627,-6.924301e-05,0.0,0.0,-0.3083464,0,0,0,0,0
40091000,0.0035397469,-0.0034852,-0.00014468773,0.0,0.9999969,0.0017697436,-0.0017427243,-6.925947e-05,0.0,0.0,-0.30193776,0,0,0,0,0
40139000,0.0033059695,-0.0031891507,-0.00014468773,0.0,0.9999974,0.0016528665,-0.001594692,-6.970787e-05,0.0,0.0,-0.29662964,0,0,0,0,0
40184000,0.003225206,-0.0028417504,-0.00014468773,0.0,0.99999774,0.0016124977,-0.0014209895,-7.0052396e-05,0.0,0.0,-0.29185802,0,0,0,0,0
40237000,0.0032155034,-0.0025198972,-0.00014468773,0.0,0.9999979,0.0016076588,-0.001260063,-7.031804e-05,0.0,0.0,-0.28574443,0,0,0,0,0
40287000,0.003102398,-0.0026353872,-0.00014468774,0.0,0.9999979,0.0015511018,-0.001317804,-7.029973e-05,0.0,0.0,-0.2795502,0,0,0,0,0
40340000,0.0029300526,-0.0024652735,-0.00014468774,0.0,0.9999982,0.0014649355,-0.001232741,-7.05379e-05,0.0,0.0,-0.27323163,0,0,0,0,0
40388000,0.0027535749,-0.0023517818,-0.00014468773,0.0,0.9999984,0.0013767009,-0.0011759892,-7.07248e-05,0.0,0.0,-0.26757726,0,0,0,0,0
40453000,0.0025097467,-0.0023202815,-0.00014468773,0.0,0.99999857,0.0012547881,-0.0011602303,-7.088794e-05,0.0,0.0,-0.26017594,0,0,0,0,0
40491000,0.0024209034,-0.0024128328,-0.00014468773,0.0,0.99999857,0.0012103631,-0.0012065027,-7.0883456e-05,0.0,0.0,-0.2543059,0,0,0,0,0
40540000,0.0018278232,-0.0021276479,-0.00014468774,0.0,0.999999,0.000913834,-0.0010638896,-7.137156e-05,0.0,0.0,-0.24835005,0,0,0,0,0
40592000,0.0015478629,-0.0016158329,-0.00014468773,0.0,0.9999994,0.0007738727,-0.00080797204,-7.171856e-05,0.0,0.0,-0.24247076,0,0,0,0,0
40641000,0.0009847753,-0.0018225682,-0.00014468774,0.0,0.99999946,0.0004923215,-0.00091131957,-7.1895134e-05,0.0,0.0,-0.23682174,0,0,0,0,0
40696000,0.0011313193,-0.0015542223,-0.00014468773,0.0,0.9999995,0.0005656032,-0.00077715184,-7.190425e-05,0.0,0.0,-0.2307751,0,0,0,0,0
40743000,0.0009694628,-0.0012504152,-0.00014468774,0.0,0.9999997,0.00048468605,-0.0006252426,-7.20408e-05,0.0,0.0,-0.22493257,0,0,0,0,0
40788000,-0.0,-0.0,-0.012224628,0.0,0.99998134,-0.0,0.0,-0.0061122766,0.0,0.0,-0.12,0,0,0,0,0
40836000,-0.0,-0.0,-0.012184428,0.0,0.99998146,-0.0,0.0,-0.0060921763,0.0,0.0,-0.12,0,0,0,0,0
40891000,-0.0,-0.0,-0.01216348,0.0,0.9999815,-0.0,0.0,-0.006081702,0.0,0.0,-0.12,0,0,0,0,0
40937000,-0.0,-0.0,-0.012160779,0.0,0.9999815,-0.0,0.0,-0.0060803527,0.0,0.0,-0.12,0,0,0,0,0
40992000,-0.0,-0.0,-0.012163385,0.0,0.9999815,-0.0,0.0,-0.0060816547,0.0,0.0,-0.12,0,0,0,0,0
41043000,-0.0,-0.0,-0.012179784,0.0,0.99998146,-0.0,0.0,-0.0060898545,0.0,0.0,-0.12,0,0,0,0,0
41088000,-0.0,-0.0,-0.012183865,0.0,0.99998146,-0.0,0.0,-0.0060918946,0.0,0.0,-0.12,0,0,0,0,0
41148000,-0.0,-0.0,-0.012207109,0.0,0.99998134,-0.0,0.0,-0.0061035166,0.0,0.0,-0.12,0,0,0,0,0
41188000,-0.0,-0.0,-0.012213999,0.0,0.99998134,-0.0,0.0,-0.006106962,0.0,0.0,-0.12,0,0,0,0,0
41237000,-0.0,-0.0,-0.012220971,0.0,0.99998134,-0.0,0.0,-0.006110448,0.0,0.0,-0.12,0,0,0,0,0
41291000,-0.0,-0.0,-0.012245581,0.0,0.9999812,-0.0,0.0,-0.0061227526,0.0,0.0,-0.12,0,0,0,0,0
41351000,-0.0,-0.0,-0.012245248,0.0,0.9999812,-0.0,0.0,-0.0061225863,0.0,0.0,-0.12,0,0,0,0,0
41397000,-0.0,-0.0,-0.012242432,0.0,0.9999813,-0.0,0.0,-0.0061211777,0.0,0.0,-0.12,0,0,0,0,0
41439000,-0.0,-0.0,-0.012242653,0.0,0.9999813,-0.0,0.0,-0.0061212885,0.0,0.0,-0.12,0,0,0,0,0
41488000,-0.0,-0.0,-0.012235409,0.0,0.9999813,-0.0,0.0,-0.006117666,0.0,0.0,-0.001,0,0,0,0,0
41543000,-0.0,-0.0,-0.01226303,0.0,0.9999812,-0.0,0.0,-0.0061314767,0.0,0.0,-0.001,0,0,0,0,0
41597000,-0.0,-0.0,-0.012250227,0.0,0.9999812,-0.0,0.0,-0.0061250757,0.0,0.0,-0.001,0,0,0,0,0
41648000,-0.0,-0.0,-0.012257417,0.0,0.9999812,-0.0,0.0,-0.0061286706,0.0,0.0,-0.001,0,0,0,0,0
41696000,-0.0,-0.0,-0.012259189,0.0,0.9999812,-0.0,0.0,-0.006129557,0.0,0.0,-0.001,0,0,0,0,0
41736000,-0.0,-0.0,-0.0122536775,0.0,0.9999812,-0.0,0.0,-0.0061268015,0.0,0.0,-0.001,0,0,0,0,0
41795000,-0.0,-0.0,-0.01226541,0.0,0.99998116,-0.0,0.0,-0.0061326665,0.0,0.0,-0.001,0,0,0,0,0
41844000,-0.0,-0.0,-0.012247805,0.0,0.9999812,-0.0,0.0,-0.006123865,0.0,0.0,-0.001,0,0,0,0,0
41892000,-0.0,-0.0,-0.012254232,0.0,0.9999812,-0.0,0.0,-0.0061270786,0.0,0.0,-0.001,0,0,0,0,0
41943000,-0.0,-0.0,-0.012246403,0.0,0.9999812,-0.0,0.0,-0.0061231637,0.0,0.0,-0.001,0,0,0,0,0
41992000,-0.0,-0.0,-0.0122470725,0.0,0.9999812,-0.0,0.0,-0.006123499,0.0,0.0,-0.001,0,0,0,0,0
42048000,-0.0,-0.0,-0.012242247,0.0,0.9999813,-0.0,0.0,-0.0061210855,0.0,0.0,-0.001,0,0,0,0,0
42093000,-0.0,-0.0,-0.012250013,0.0,0.9999812,-0.0,0.0,-0.0061249686,0.0,0.0,-0.001,0,0,0,0,0
42136000,-0.0,-0.0,-0.012243435,0.0,0.9999813,-0.0,0.0,-0.006121679,0.0,0.0,-0.001,0,0,0,0,0
42193000,-0.0,-0.0,-0.012259539,0.0,0.9999812,-0.0,0.0,-0.0061297324,0.0,0.0,-0.001,0,0,0,0,0
42237000,-0.0,-0.0,-0.012247245,0.0,0.9999812,-0.0,0.0,-0.006123585,0.0,0.0,-0.001,0,0,0,0,0
42291000,-0.0,-0.0,-0.012217069,0.0,0.99998134,-0.0,0.0,-0.0061084973,0.0,0.0,-0.001,0,0,0,0,0
42343000,-0.0,-0.0,-0.012188254,0.0,0.9999814,-0.0,0.0,-0.0060940892,0.0,0.0,-0.001,0,0,0,0,0
42391000,-0.0,-0.0,-0.012185453,0.0,0.99998146,-0.0,0.0,-0.00609269,0.0,0.0,-0.001,0,0,0,0,0
42452000,-0.0,-0.0,-0.012205552,0.0,0.9999814,-0.0,0.0,-0.006102739,0.0,0.0,-0.001,0,0,0,0,0
42496000,-0.0,-0.0,-0.012209091,0.0,0.99998134,-0.0,0.0,-0.006104508,0.0,0.0,-0.001,0,0,0,0,0
42544000,-0.0,-0.0,-0.012196247,0.0,0.9999814,-0.0,0.0,-0.006098086,0.0,0.0,-0.001,0,0,0,0,0
42591000,-0.0,-0.0,-0.012198687,0.0,0.9999814,-0.0,0.0,-0.006099306,0.0,0.0,-0.001,0,0,0,0,0
42637000,-0.0,-0.0,-0.012197717,0.0,0.9999814,-0.0,0.0,-0.0060988213,0.0,0.0,-0.001,0,0,0,0,0
42693000,-0.0,-0.0,-0.012192032,0.0,0.9999814,-0.0,0.0,-0.0060959784,0.0,0.0,-0.001,0,0,0,0,0
42752000,-0.0,-0.0,-0.0121942805,0.0,0.9999814,-0.0,0.0,-0.0060971025,0.0,0.0,-0.001,0,0,0,0,0
42788000,-0.0,-0.0,-0.012192542,0.0,0.9999814,-0.0,0.0,-0.006096233,0.0,0.0,-0.001,0,0,0,0,0
42837000,-0.0,-0.0,-0.01218499,0.0,0.99998146,-0.0,0.0,-0.0060924576,0.0,0.0,-0.001,0,0,0,0,0
42893000,-0.0,-0.0,-0.012189015,0.0,0.9999814,-0.0,0.0,-0.0060944697,0.0,0.0,-0.001,0,0,0,0,0
42937000,-0.0,-0.0,-0.012200556,0.0,0.9999814,-0.0,0.0,-0.0061002406,0.0,0.0,-0.001,0,0,0,0,0
42988000,-0.0,-0.0,-0.012217607,0.0,0.99998134,-0.0,0.0,-0.0061087664,0.0,0.0,-0.001,0,0,0,0,0
43037000,-0.0,-0.0,-0.012250446,0.0,0.9999812,-0.0,0.0,-0.006125185,0.0,0.0,-0.001,0,0,0,0,0
43091000,-0.0,-0.0,-0.012275743,0.0,0.99998116,-0.0,0.0,-0.006137833,0.0,0.0,-0.001,0,0,0,0,0
43128000,-0.0,-0.0,-0.012278339,0.0,0.99998116,-0.0,0.0,-0.0061391313,0.0,0.0,-0.001,0,0,0,0,0
43192000,-0.0,-0.0,-0.012279432,0.0,0.99998116,-0.0,0.0,-0.0061396775,0.0,0.0,-0.001,0,0,0,0,0
43241000,-0.0,-0.0,-0.012285035,0.0,0.9999811,-0.0,0.0,-0.00614248,0.0,0.0,-0.001,0,0,0,0,0
43288000,-0.0,-0.0,-0.012278659,0.0,0.99998116,-0.0,0.0,-0.0061392915,0.0,0.0,-0.001,0,0,0,0,0
43344000,-0.0,-0.0,-0.012263228,0.0,0.9999812,-0.0,0.0,-0.0061315764,0.0,0.0,-0.001,0,0,0,0,0
43396000,-0.0,-0.0,-0.012256479,0.0,0.9999812,-0.0,0.0,-0.0061282017,0.0,0.0,-0.001,0,0,0,0,0
43441000,-0.0,-0.0,-0.012247022,0.0,0.9999812,-0.0,0.0,-0.006123474,0.0,0.0,-0.001,0,0,0,0,0
43492000,-0.0,-0.0,-0.0122318175,0.0,0.9999813,-0.0,0.0,-0.0061158706,0.0,0.0,-0.001,0,0,0,0,0
43543000,-0.0,-0.0,-0.012239008,0.0,0.9999813,-0.0,0.0,-0.0061194664,0.0,0.0,-0.001,0,0,0,0,0
43588000,-0.0,-0.0,-0.012216336,0.0,0.99998134,-0.0,0.0,-0.0061081303,0.0,0.0,-0.001,0,0,0,0,0
43641000,-0.0,-0.0,-0.012224386,0.0,0.99998134,-0.0,0.0,-0.006112156,0.0,0.0,-0.001,0,0,0,0,0
43695000,-0.0,-0.0,-0.012218612,0.0,0.99998134,-0.0,0.0,-0.006109269,0.0,0.0,-0.001,0,0,0,0,0
43739000,-0.0,-0.0,-0.0121864565,0.0,0.99998146,-0.0,0.0,-0.0060931914,0.0,0.0,-0.001,0,0,0,0,0
43791000,-0.0,-0.0,-0.012166694,0.0,0.9999815,-0.0,0.0,-0.0060833097,0.0,0.0,-0.001,0,0,0,0,0
43839000,-0.0,-0.0,-0.012165523,0.0,0.9999815,-0.0,0.0,-0.006082724,0.0,0.0,-0.001,0,0,0,0,0
43892000,-0.0,-0.0,-0.012142562,0.0,0.9999816,-0.0,0.0,-0.0060712444,0.0,0.0,-0.001,0,0,0,0,0
43945000,-0.0,-0.0,-0.012134424,0.0,0.9999816,-0.0,0.0,-0.006067176,0.0,0.0,-0.001,0,0,0,0,0
43991000,-0.0,-0.0,-0.012119997,0.0,0.99998164,-0.0,0.0,-0.0060599614,0.0,0.0,-0.001,0,0,0,0,0
44043000,-0.0,-0.0,-0.012102251,0.0,0.9999817,-0.0,0.0,-0.0060510896,0.0,0.0,-0.001,0,0,0,0,0
44087000,-0.0,-0.0,-0.012092755,0.0,0.99998176,-0.0,0.0,-0.0060463413,0.0,0.0,-0.001,0,0,0,0,0
44140000,-0.0,-0.0,-0.012078302,0.0,0.99998176,-0.0,0.0,-0.006039115,0.0,0.0,-0.001,0,0,0,0,0
44188000,-0.0,-0.0,-0.012069959,0.0,0.99998176,-0.0,0.0,-0.006034943,0.0,0.0,-0.001,0,0,0,0,0
44240000,-0.0,-0.0,-0.012082173,0.0,0.99998176,-0.0,0.0,-0.00604105,0.0,0.0,-0.001,0,0,0,0,0
44293000,-0.0,-0.0,-0.012094278,0.0,0.9999817,-0.0,0.0,-0.006047102,0.0,0.0,-0.001,0,0,0,0,0
44343000,-0.0,-0.0,-0.012096321,0.0,0.9999817,-0.0,0.0,-0.0060481243,0.0,0.0,-0.001,0,0,0,0,0
44392000,-0.0,-0.0,-0.012098397,0.0,0.9999817,-0.0,0.0,-0.006049162,0.0,0.0,-0.001,0,0,0,0,0
44443000,-0.0,-0.0,-0.012123573,0.0,0.99998164,-0.0,0.0,-0.006061749,0.0,0.0,-0.001,0,0,0,0,0
