timestamp,timestamp_sample,xyz[0],xyz[1],xyz[2]
515000,515000,-0.013799355,0.0038768146,-9.745504
524000,524000,-0.011492188,0.007728598,-9.768206
572000,572000,0.0020760696,0.009091945,-9.822607
613000,613000,-0.017249916,0.009631806,-9.797834
667000,667000,-0.008946616,0.0034470595,-9.7955265
716000,716000,-0.01943532,0.0034027647,-9.764615
764000,764000,0.0041182945,-0.003907308,-9.834987
820000,820000,-0.010271077,-0.014811406,-9.775689
871000,871000,0.0102915345,-0.013226928,-9.826972
920000,920000,-0.016559746,0.011136128,-9.772259
967000,967000,0.020773958,-0.010545686,-9.763424
1015000,1015000,0.0033551662,-0.0050431327,-9.762888
1068000,1068000,-0.0031369233,0.008315763,-9.798735
1116000,1116000,-0.005498777,-0.006499692,-9.824479
1165000,1165000,0.016740492,-0.008760545,-9.768236
1216000,1216000,0.0063329656,0.0030488677,-9.809565
1268000,1268000,-0.01704002,-0.011488654,-9.807829
1317000,1317000,0.00044389418,-0.009208671,-9.782919
1368000,1368000,-0.018925458,0.0054209754,-9.746264
1416000,1416000,-0.014626097,0.021598019,-9.770614
1471000,1471000,0.013232873,0.021014353,-9.798391
1512000,1512000,0.01180018,0.0030990676,-9.790758
1568000,1568000,0.006538408,0.022909544,-9.781048
1615000,1615000,-0.009249757,0.016537424,-9.8449135
1663000,1663000,-0.02304623,-0.005344566,-9.811144
1716000,1716000,0.02667593,-0.00015394075,-9.806664
1761000,1761000,0.0025775246,0.0067716413,-9.806215
1812000,1812000,0.031177271,-0.0026608454,-9.774986
1868000,1868000,-0.01511557,0.017359443,-9.745171
1919000,1919000,0.012080974,0.0020816342,-9.764136
1967000,1967000,0.010676001,-0.006688938,-9.824256
2016000,2016000,-0.004788169,-0.0070891315,-9.798743
2071000,2071000,0.0017544992,-0.019635,-9.80653
2111000,2111000,-0.014637144,-0.002714381,-9.805674
2168000,2168000,-0.027405385,-0.014439574,-9.775227
2215000,2215000,0.0046863,0.0074096387,-9.748962
2268000,2268000,-0.017849846,-0.0057342146,-9.761402
2316000,2316000,-0.021933638,0.0052879057,-9.777729
2367000,2367000,-0.011940545,0.023033082,-9.848819
2415000,2415000,-0.011091429,-0.026048243,-9.746112
2468000,2468000,-0.022128325,-0.027546622,-9.79132
2515000,2515000,-0.021840233,-0.004174319,-9.78843
2572000,2572000,-0.01120445,0.017192667,-9.788561
2617000,2617000,0.013945618,-0.0015877675,-9.771622
2672000,2672000,-0.005497372,0.0035871065,-9.80034
2715000,2715000,-0.023615852,-0.034235176,-9.786795
2768000,2768000,-0.005238654,0.008999059,-9.78924
2817000,2817000,0.010987447,0.0016737122,-9.822655
2868000,2868000,-0.006312797,-0.023311494,-9.799715
2917000,2917000,0.006609101,-0.008799431,-9.797589
2964000,2964000,-0.0055976342,-0.0031668681,-9.764353
3015000,3015000,-0.0108116735,-0.0036916325,-9.751876
3071000,3071000,-0.003964249,0.0050362675,-9.770532
3111000,3111000,-0.003531465,0.022331329,-9.767702
3168000,3168000,3.0816067e-05,0.004478338,-9.81906
3216000,3216000,0.015190343,-0.008143834,-9.732995
3267000,3267000,8.592742e-06,-0.0060038115,-9.80835
3316000,3316000,0.0072669107,-0.0066862684,-9.769604
3368000,3368000,-0.008079123,5.8248595e-05,-9.837044
3419000,3419000,-0.0081153,-0.020068068,-9.793238
3468000,3468000,0.0018089373,-0.013249654,-9.787899
3511000,3511000,0.005842413,-0.00623047,-9.82861
3568000,3568000,-0.027007114,0.009203302,-9.809126
3616000,3616000,0.0072818766,0.00034540196,-9.780204
3668000,3668000,0.016471412,0.0033333742,-9.801645
3712000,3712000,-0.0006673506,-0.00033614787,-9.752907
3763000,3763000,-0.00320951,0.0100094415,-9.801449
3815000,3815000,-0.001998817,0.019427678,-9.791523
3868000,3868000,0.0053803595,-0.00632355,-9.785173
3916000,3916000,0.005538904,0.0051010014,-9.803669
3968000,3968000,0.0044081626,0.0039772335,-9.807443
4016000,4016000,0.034686178,0.033328228,-9.823717
4067000,4067000,0.011614482,-0.0027468244,-9.810563
4115000,4115000,-0.008206695,0.014267539,-9.782938
4172000,4172000,0.007744892,0.004943791,-9.820545
4211000,4211000,0.007097685,0.016757062,-9.797103
4272000,4272000,0.0013466626,0.010154229,-9.809212
4340000,4340000,0.025974652,0.0017883319,-9.787211
4367000,4367000,0.0048346645,-0.0075362897,-9.798473
4415000,4415000,-0.01208663,0.010480882,-9.76733
4468000,4468000,-0.01191502,0.017982982,-9.797674
4517000,4517000,-0.0011078566,0.013381581,-9.806015
4568000,4568000,0.009683757,-0.013079818,-9.767512
4615000,4615000,-0.0017981015,0.008313895,-9.806789
4664000,4664000,0.0072148875,0.00088477915,-9.756139
4711000,4711000,-0.023040835,0.009490532,-9.771655
4763000,4763000,-0.002740528,-0.007449938,-9.794856
4816000,4816000,0.013615534,0.0022901134,-9.767027
4863000,4863000,0.014614255,-0.011826437,-9.812056
4911000,4911000,0.015544385,0.0067037605,-9.832226
4968000,4968000,-0.018869627,-0.009145271,-9.844344
5015000,5015000,-0.0012280451,0.002887362,-9.769932
5064000,5064000,0.011545531,0.0050258907,-9.780123
5115000,5115000,0.003909047,-0.002042619,-9.810287
5168000,5168000,0.0020859768,0.006735961,-9.772448
5219000,5219000,-0.008362251,-0.022618134,-9.775354
5268000,5268000,-0.02213526,-0.0039673913,-9.805627
5317000,5317000,-0.003255473,0.014452119,-9.810889
5371000,5371000,0.009712943,-0.020406136,-9.828081
5415000,5415000,-0.011942906,0.011233155,-9.732424
5468000,5468000,-0.00023676635,0.0070358776,-9.79501
5515000,5515000,0.009167128,-0.0124672,-9.827503
5568000,5568000,-0.010756923,-0.0077240914,-9.802869
5619000,5619000,0.0069110245,0.03197421,-9.818089
5667000,5667000,0.0053316792,-0.020526413,-9.802427
5717000,5717000,0.010233888,-0.01547319,-9.81511
5768000,5768000,0.0025689544,0.0009805763,-9.80421
5819000,5819000,-0.008052224,0.013398673,-9.755141
5872000,5872000,-0.002704865,-0.0019422681,-9.782134
5917000,5917000,0.007503437,-0.0019434126,-9.832088
5968000,5968000,0.027089035,-0.00066465675,-9.822863
6015000,6015000,-0.030330677,-0.0048360587,-9.79244
6068000,6068000,0.023893267,-0.0029822057,-9.827514
6116000,6116000,-0.006025155,-0.0037236298,-9.77966
6168000,6168000,0.009928671,0.015241081,-9.807411
6216000,6216000,0.0019884412,-0.011356261,-9.774287
6268000,6268000,0.013278414,-0.010661129,-9.815165
6315000,6315000,0.020443091,0.0067884913,-9.785478
6368000,6368000,-0.021590007,0.0015996811,-9.811681
6415000,6415000,-0.008782903,0.014087403,-9.839668
6464000,6464000,-0.0010008158,-0.0023144276,-9.835898
6515000,6515000,-0.017150238,0.011417052,-9.836081
6564000,6564000,0.011015793,0.01937927,-9.836578
6615000,6615000,0.007740035,9.843265e-05,-9.781747
6671000,6671000,-0.0022665053,-0.013369404,-9.804721
6715000,6715000,-0.0019607563,0.0061929426,-9.79096
6773000,6773000,-0.008537384,-0.0053265323,-9.794522
6816000,6816000,-0.0070389006,0.004902155,-9.856513
6868000,6868000,0.0038112346,-0.011858649,-9.775539
6916000,6916000,-0.005309794,0.016496032,-9.85114
6968000,6968000,-0.015984852,0.021779455,-9.805301
7016000,7016000,-0.003806483,-0.0015284582,-9.806296
7068000,7068000,-0.028428175,-0.0062359837,-9.844047
7119000,7119000,0.0032398286,0.008480655,-9.8073435
7168000,7168000,-0.0055531,-0.0060537443,-9.797986
7217000,7217000,-1.1700671e-05,-0.03331261,-9.78564
7271000,7271000,-0.009524206,-0.005145357,-9.82949
7311000,7311000,0.0012598261,-0.017539859,-9.788893
7368000,7368000,0.010821348,-0.011238426,-9.8301935
7420000,7420000,-0.008224223,-0.0005690712,-9.810004
7468000,7468000,0.020593783,-0.004613588,-9.7681
7516000,7516000,0.0065300157,0.00034554358,-9.827698
7572000,7572000,-0.0129500665,0.010855757,-9.823358
7615000,7615000,-0.015866086,-0.0071800775,-9.77151
7663000,7663000,-0.016654769,-0.01324657,-9.830521
7720000,7720000,-0.0017789885,-0.006777783,-9.788735
7768000,7768000,-0.019196931,-0.001202904,-9.819897
7816000,7816000,-0.008121112,-0.0036062342,-9.811113
7868000,7868000,-0.010511519,0.0042035854,-9.752654
7916000,7916000,0.008449447,-0.011010928,-9.757103
7964000,7964000,-0.010833546,0.017498674,-9.788718
8016000,8016000,-0.010368379,-0.009380076,-9.815717
8068000,8068000,-0.012446597,-0.009226436,-9.808543
8115000,8115000,0.00041298373,-0.0029728676,-9.816357
8168000,8168000,0.01084353,0.013335399,-9.815306
8215000,8215000,0.01343567,-0.004055719,-9.834587
8268000,8268000,-0.01093492,-0.010254009,-9.782837
8315000,8315000,-0.0063586724,0.0025875864,-9.820858
8368000,8368000,-0.008810156,0.024371358,-9.802841
8412000,8412000,-0.008542245,0.013567256,-9.792692
8463000,8463000,-0.01313893,-0.012292053,-9.752687
8517000,8517000,0.0076372917,0.0032394829,-9.787004
8567000,8567000,0.011575333,-0.0010573523,-9.801698
8616000,8616000,0.0005599039,-0.014772043,-9.788164
8668000,8668000,-0.006374423,0.012646997,-9.758412
8721000,8721000,0.015329089,-0.020066995,-9.789176
8768000,8768000,-0.0023897719,0.019501185,-9.839282
8819000,8819000,0.0076073194,0.0043911804,-9.818587
8871000,8871000,-0.008697807,0.013591386,-9.799095
8917000,8917000,0.008714891,0.004636096,-9.817162
8967000,8967000,-0.015201603,-0.005542456,-9.800722
9016000,9016000,-0.001948022,0.013292135,-9.878508
9067000,9067000,-0.02654896,-0.023104306,-9.842865
9120000,9120000,-0.0129435565,-0.013839506,-9.781282
9167000,9167000,0.0046430817,0.015535777,-9.78149
9216000,9216000,-0.009827434,-0.0032714368,-9.84473
9268000,9268000,-0.0017155276,-0.012864927,-9.775561
9316000,9316000,0.011492888,0.0019989468,-9.8176775
9367000,9367000,-0.01241724,0.010294353,-9.840584
9411000,9411000,0.0004298929,-0.0060591097,-9.827995
9468000,9468000,-0.0030170293,0.002796459,-9.807092
9519000,9519000,-0.0011004066,-0.0037136674,-9.795331
9567000,9567000,0.014413129,-0.0049537853,-9.860715
9615000,9615000,0.0066820835,-0.01329885,-9.838249
9665000,9665000,-0.008253766,-0.015093029,-9.819612
9719000,9719000,0.008636623,-0.0060001886,-9.834695
9768000,9768000,-0.0010756148,-0.0048067197,-9.824669
9815000,9815000,0.008253751,-0.01854511,-9.881241
9867000,9867000,0.014967757,-0.0010720429,-9.779724
9916000,9916000,-0.005267316,-0.008544037,-9.8090515
9968000,9968000,0.025641587,0.026099354,-9.790789
10012000,10012000,0.008235974,-0.00812571,-9.798808
10063000,10063000,-0.0060484875,0.0024142843,-9.786915
10119000,10119000,-0.00044317218,-0.004622828,-9.80405
10168000,10168000,-0.0031330616,0.003922811,-9.816301
10217000,10217000,0.014863832,0.0021603783,-9.844069
10272000,10272000,-0.0014519299,-0.0040166443,-9.774168
10316000,10316000,0.005616199,-0.003996495,-9.805807
10366000,10366000,-0.0020264946,0.0035721692,-9.790065
10416000,10416000,-0.0069557442,0.005247565,-9.835631
10471000,10471000,0.0127549395,0.00059553236,-9.822013
10516000,10516000,-0.01596832,-0.012458045,-9.843732
10568000,10568000,0.002141398,0.005084807,-9.80739
10616000,10616000,-0.013763025,-0.023046333,-9.806265
10671000,10671000,0.004337296,-0.0016180048,-9.783649
10717000,10717000,-0.007849516,0.0055323634,-9.7736225
10772000,10772000,-0.011481362,-0.0063644303,-9.803761
10816000,10816000,-0.012167851,-0.0040930817,-9.813394
10868000,10868000,-0.0053610643,0.0016990912,-9.796616
10917000,10917000,-0.005111129,0.013220819,-9.811718
10967000,10967000,-0.021055967,-0.014811782,-9.786747
11016000,11016000,0.012820443,0.009017865,-9.780743
11068000,11068000,-0.0014264722,-0.009119847,-9.80336
11115000,11115000,0.0056082904,0.0044964748,-9.789616
11168000,11168000,0.0068007694,-0.011660788,-9.799226
11215000,11215000,0.0054732445,-0.0053278003,-9.82458
11267000,11267000,0.0032667192,0.0065867007,-9.796799
11315000,11315000,0.00034662898,0.0022722282,-9.791686
11368000,11368000,-0.0032397874,0.01675466,-9.781773
11421000,11421000,-0.0019645775,-0.010014864,-9.838802
11471000,11471000,-0.007836826,0.012978117,-9.805193
11517000,11517000,-0.016852213,0.009534461,-9.760073
11567000,11567000,0.0004302092,2.5418878e-05,-9.776608
11616000,11616000,-0.004797788,0.0045875586,-9.822162
11668000,11668000,-0.007384666,-0.022904405,-9.792217
11715000,11715000,-0.009529084,0.013538998,-9.802062
11767000,11767000,-0.006008763,-0.0035322814,-9.840382
11820000,11820000,-0.030084057,-0.01375756,-9.828587
11868000,11868000,-0.011822231,0.008272631,-9.86364
11912000,11912000,0.014544047,-0.00035013733,-9.769413
11968000,11968000,0.0058967182,0.0008313006,-9.825412
12021000,12021000,0.001626777,-0.0059338626,-9.790016
12068000,12068000,0.0179592,-0.015151646,-9.807761
12115000,12115000,0.0021730151,-0.0035815462,-9.776434
12172000,12172000,-0.015166996,-0.0034282936,-9.772183
12217000,12217000,0.004741898,-0.007462224,-9.855095
12268000,12268000,-0.0052992646,0.0021984002,-9.803295
12316000,12316000,-0.011453195,-0.010444508,-9.852977
12371000,12371000,0.0038062052,-0.0085769715,-9.815449
12416000,12416000,-0.0073165633,-0.02183938,-9.790188
12468000,12468000,-0.0018503781,-0.005988882,-9.814153
12516000,12516000,-0.023064267,0.0052826577,-9.786074
12568000,12568000,-0.0026518316,0.0060870457,-9.818903
12611000,12611000,0.004199871,-0.004034616,-9.767964
12668000,12668000,-0.018072106,0.009242065,-9.811375
12717000,12717000,0.006760261,0.01824271,-9.786905
12768000,12768000,-0.0073385905,0.009317055,-9.7860565
12812000,12812000,-0.0137823755,0.0020752538,-9.811112
12871000,12871000,-0.017708708,0.0065739537,-9.824242
12917000,12917000,0.00057594874,-0.019659359,-9.759186
12967000,12967000,-0.0041428106,0.00694546,-9.818065
13016000,13016000,-0.0063187634,-0.0008654002,-9.772068
13068000,13068000,0.017881133,0.0006340039,-9.8210535
13112000,13112000,0.008279063,0.030438162,-9.833089
13167000,13167000,-0.0019574887,0.006601474,-9.87555
13216000,13216000,-0.019166453,-0.0038545118,-9.80915
13267000,13267000,-0.0013506437,-0.00579572,-9.882331
13317000,13317000,-0.005782173,0.011282917,-9.761053
13372000,13372000,0.006278626,0.018091958,-9.833305
13416000,13416000,0.008769975,-0.0007875092,-9.761062
13467000,13467000,0.0048925667,-0.005328346,-9.810944
13517000,13517000,-0.010790482,0.019124731,-9.836681
13568000,13568000,-0.009292187,0.0034430053,-9.812451
13615000,13615000,0.023999918,0.005341162,-9.824556
13671000,13671000,0.019883009,-0.009693863,-9.783013
13716000,13716000,0.005950249,0.0014946322,-9.75875
13767000,13767000,0.0032846595,0.023313915,-9.789785
13817000,13817000,-0.010361319,0.009314879,-9.868248
13868000,13868000,0.010584062,-0.0030142802,-9.847471
13915000,13915000,-0.0046354495,0.030678488,-9.808433
13967000,13967000,0.0021680263,0.026842322,-9.789391
14015000,14015000,0.0029486706,0.026864454,-9.729879
14061000,14061000,-0.009938219,0.014153912,-9.784281
14111000,14111000,0.023536824,0.020721262,-9.804959
14167000,14167000,6.2467414e-05,0.01731632,-9.776291
14215000,14215000,0.009756546,0.009564449,-9.861979
14267000,14267000,0.0023946282,0.01342843,-9.866205
14320000,14320000,0.009705246,0.022713544,-9.84659
14371000,14371000,0.008898169,0.018229224,-9.772193
14416000,14416000,0.00974938,-0.008982821,-9.804648
14472000,14472000,0.0063964464,0.02554657,-9.838647
14516000,14516000,0.022977684,0.021603897,-9.816456
14563000,14563000,0.009861051,0.012975911,-9.839078
14615000,14615000,0.018767882,0.019468693,-9.770648
14667000,14667000,-0.02637464,0.012532289,-9.768237
14716000,14716000,-0.021557061,0.00019318704,-10.125554
14772000,14772000,-0.0022196507,-0.0020318567,-10.937271
14812000,14812000,0.008261604,-0.014950624,-11.697497
14868000,14868000,-0.0056787864,0.007854339,-11.764209
14915000,14915000,-0.0020533272,0.0064546997,-11.164091
14961000,14961000,-0.00037982833,-0.017877657,-10.513037
15017000,15017000,0.0147449495,0.00022789848,-9.730318
15067000,15067000,-0.012991533,-0.004783554,-9.401665
15116000,15116000,-0.0071664266,-0.015200791,-9.260568
15168000,15168000,0.011213858,0.012268393,-9.280425
15216000,15216000,0.010159418,-0.002232807,-9.439127
15267000,15267000,-0.00752938,0.012212956,-9.566518
15316000,15316000,0.0005279826,-0.0077018747,-9.652096
15367000,15367000,0.0129403025,0.0029534572,-9.750541
15415000,15415000,0.0011664267,0.0032908185,-9.860265
15463000,15463000,-0.0007751922,-0.0012446492,-9.875765
15516000,15516000,0.0069398913,-0.01058001,-9.929745
15567000,15567000,-0.0016514985,-0.003750132,-9.837717
15616000,15616000,0.010218419,0.011514218,-9.832882
15672000,15672000,0.0028115497,0.001760431,-9.79545
15715000,15715000,0.005765752,-0.014560543,-9.78328
15771000,15771000,0.0066805156,0.0034629628,-9.753644
15817000,15817000,-0.0045126197,0.0009994389,-9.800297
15868000,15868000,-0.0040536933,0.02614962,-9.791385
15912000,15912000,-0.00021814677,-0.0032145414,-9.7988615
15967000,15967000,-0.006227379,0.005072126,-9.834264
16017000,16017000,0.009417698,0.0020275463,-9.757233
16064000,16064000,-0.009212164,-0.022397937,-9.811454
16116000,16116000,0.014447974,0.016281225,-9.767729
16167000,16167000,0.020877756,0.0043937475,-9.748071
16216000,16216000,-0.0027041263,0.011367095,-9.734043
16267000,16267000,-0.008752713,0.0020739762,-9.739858
16315000,16315000,-0.012841369,0.0030785124,-9.79107
16368000,16368000,-0.00793038,0.029947722,-9.806741
16417000,16417000,-0.011364798,0.0033391796,-9.751799
16471000,16471000,0.0127912285,-0.015914788,-9.727111
16516000,16516000,0.00090003456,-0.0021004668,-9.782942
16568000,16568000,0.0048559913,-0.0055050505,-9.762081
16615000,16615000,-0.0039019724,-0.016623158,-9.731767
16667000,16667000,0.0032067108,-0.010910943,-9.754244
16716000,16716000,0.019428976,0.003383445,-9.759775
16771000,16771000,0.011467355,-0.013064995,-9.777191
16815000,16815000,-0.014042137,0.013795573,-9.770928
16867000,16867000,-0.006580242,-0.013011606,-9.765367
16915000,16915000,-0.023854945,0.0024246103,-9.784129
16972000,16972000,-0.01322034,-0.0034535583,-9.726909
17015000,17015000,0.004800751,-0.008095242,-9.716036
17072000,17072000,0.016625762,0.01919856,-9.786455
17115000,17115000,-0.017382015,-0.01683528,-9.760918
17167000,17167000,0.018003259,-0.018224442,-9.731045
17216000,17216000,0.010890055,0.0038393144,-9.744506
17267000,17267000,0.014740683,0.0028404598,-9.724022
17316000,17316000,0.026693434,-0.009373902,-9.692692
17368000,17368000,0.005880457,-0.018127505,-9.698039
17416000,17416000,-0.010536386,-0.0025882176,-9.734918
17472000,17472000,0.012139395,-0.016694276,-9.752062
17515000,17515000,0.006380232,-0.01877909,-9.759225
17568000,17568000,-0.012376443,0.011347763,-9.712399
17619000,17619000,0.008475155,-0.016787685,-9.744705
17667000,17667000,-0.014816951,0.0060559697,-9.741231
17716000,17716000,0.0059982454,-0.015276264,-9.808468
17767000,17767000,0.013594941,-0.010239508,-9.750887
17815000,17815000,-0.0019036799,-0.006571777,-9.784718
17868000,17868000,0.004623628,-0.011276979,-9.749879
17916000,17916000,0.019555632,0.008039018,-9.731173
17968000,17968000,-0.014980572,0.009985986,-8.157666
18016000,18016000,-0.00069228455,-0.005644767,-7.682544
18063000,18063000,0.02625753,-0.011414196,-8.019273
18116000,18116000,0.020526528,-0.010286795,-8.735577
18163000,18163000,-0.005207571,0.011831578,-9.474995
18216000,18216000,-0.003995851,0.008804429,-10.14435
18272000,18272000,-0.0094683925,-0.00669415,-10.535144
18316000,18316000,-0.0059234817,0.0070874873,-10.54992
18368000,18368000,-0.00821043,0.008918047,-10.473585
18415000,18415000,0.010244917,-0.009222646,-10.275406
18468000,18468000,0.0047415323,-0.0008626584,-10.054608
18516000,18516000,0.009118167,-0.00096932997,-9.913844
18568000,18568000,-0.0014079041,0.015519892,-9.791852
18615000,18615000,-0.018068884,-0.00760232,-9.786801
18668000,18668000,0.0031126586,-0.006904889,-9.835372
18715000,18715000,0.0034696944,0.010664028,-9.856799
18768000,18768000,-0.003888621,-0.0032847244,-9.874243
18815000,18815000,-0.004987489,0.0059891567,-9.8829365
18867000,18867000,-0.011868793,0.009186407,-9.859728
18917000,18917000,-0.012739187,-0.010672776,-9.855769
18968000,18968000,-0.01126446,-0.0066902004,-9.90101
19011000,19011000,-0.005202056,-0.015930155,-9.837866
19067000,19067000,0.0031814529,-0.013199006,-9.844655
19115000,19115000,-0.0106544625,-0.0026378322,-9.783846
19168000,19168000,0.005551274,-0.002305258,-9.821748
19217000,19217000,-0.0183315,0.004228683,-9.838075
19268000,19268000,0.0018709258,-0.007705209,-9.803142
19316000,19316000,0.01205556,0.00039330643,-9.816299
19368000,19368000,0.01479139,0.012171798,-9.80084
19420000,19420000,0.0089458665,0.002585199,-9.852811
19467000,19467000,0.00020273856,-0.0049240836,-9.848236
19512000,19512000,0.005387922,0.0012376817,-9.837301
19567000,19567000,0.017932465,-0.009385311,-9.810921
19615000,19615000,0.010701434,-0.009354146,-9.833187
19667000,19667000,0.0051891007,0.003165184,-9.827224
19713000,19713000,0.0077524725,-0.009871364,-9.807457
19773000,19773000,-0.01010739,0.026434712,-9.833939
19815000,19815000,0.0059264204,-0.012125786,-9.840885
19867000,19867000,-0.0010914803,0.008389512,-9.817274
19915000,19915000,0.0019427077,0.000898602,-9.82319
19968000,19968000,0.0064602494,0.0013094242,-9.760724
20020000,20020000,-0.0072636134,-0.015763514,-9.812729
20068000,20068000,-0.0012038478,-0.019361963,-9.798092
20115000,20115000,0.008434948,0.000592003,-9.840948
20164000,20164000,-0.0012888345,-0.0065393783,-9.852967
20215000,20215000,0.0036694622,-0.0076689525,-9.7982
20271000,20271000,-0.013057903,-0.012832519,-9.826203
20316000,20316000,-0.008896214,-0.01069267,-9.821377
20367000,20367000,-0.015246302,-0.015063662,-9.802699
20417000,20417000,0.0028382856,-0.0043661133,-9.824425
20468000,20468000,0.034150194,0.0070684752,-9.813444
20516000,20516000,-0.012553353,0.004910923,-9.825791
20567000,20567000,-0.010880808,-0.0016279167,-9.780591
20617000,20617000,-0.005692518,-0.00512332,-9.821859
20664000,20664000,-0.0021402938,-0.018190045,-9.764875
20716000,20716000,-0.0014731504,-0.005404245,-9.816458
20763000,20763000,-0.02216391,-0.025819425,-9.8122835
20812000,20812000,-0.01582779,0.0011482459,-9.805496
20867000,20867000,-0.011594374,0.010478669,-9.773317
20916000,20916000,0.012251142,-0.011412091,-9.818483
20968000,20968000,0.013905158,-0.022262927,-9.83716
21011000,21011000,-0.0071194926,-0.017384999,-9.828481
21068000,21068000,0.0040535326,-0.0054073273,-9.810411
21117000,21117000,-0.00229498,0.013554424,-9.8133955
21168000,21168000,0.009710692,0.030539948,-9.824932
21216000,21216000,0.0075117,0.0024504445,-9.809011
21267000,21267000,-0.00064201286,-0.0041037905,-9.755742
21316000,21316000,-0.018052716,-0.018228717,-9.828575
21367000,21367000,-0.030061962,-0.019049887,-9.774407
21415000,21415000,-0.019169927,-0.032320965,-9.801009
21472000,21472000,0.0004751765,-0.022472546,-9.806564
21515000,21515000,-0.00878919,-0.015814397,-9.776492
21559000,21559000,-0.007997385,0.001195752,-9.778993
21615000,21615000,-0.015153586,-0.011492184,-9.781877
21672000,21672000,-0.022360558,-0.020684408,-9.836687
21715000,21715000,-0.00667206,0.004556883,-9.794962
21768000,21768000,-0.0045125475,-0.018784406,-9.868902
21817000,21817000,0.009427905,-0.023869013,-9.806843
21863000,21863000,-0.016034862,-0.025420321,-9.772236
21916000,21916000,-0.012802023,-0.0018963479,-9.820877
21967000,21967000,-0.00039052934,-0.02667332,-9.790548
22015000,22015000,0.0036276048,-0.004389981,-9.810419
22068000,22068000,-0.00926431,-0.017818652,-9.78781
22116000,22116000,-0.0018240602,-0.02198575,-9.780439
22168000,22168000,-0.0022893713,-0.009356249,-9.790059
22211000,22211000,-0.0021539251,-0.0028038286,-9.819745
22267000,22267000,-0.01194853,-0.00185579,-9.796042
22317000,22317000,-0.0177138,0.010906456,-9.808683
22367000,22367000,0.0014402638,-0.0048405575,-9.801009
22420000,22420000,-0.003578783,-0.017685058,-9.830079
22468000,22468000,-0.02568202,0.012941398,-9.815608
22515000,22515000,-0.008494944,-0.008850051,-9.84881
22572000,22572000,-0.0138715245,-0.0037122348,-9.8075905
22612000,22612000,0.011883454,-0.013207097,-9.834827
22672000,22672000,-0.017280411,0.007706302,-9.796398
22713000,22713000,-0.0073962454,-0.01772361,-9.8197975
22768000,22768000,-0.011398412,-0.00088936894,-9.764374
22817000,22817000,-0.017726852,-0.017042665,-9.810528
22868000,22868000,-0.008369013,-0.030362308,-9.789645
22912000,22912000,-0.012168001,-0.0322792,-9.807779
22967000,22967000,0.007334041,-0.009884288,-9.815435
23015000,23015000,0.0038148663,-0.02368956,-9.791351
23068000,23068000,-0.0047532287,0.0039822836,-9.840942
23116000,23116000,-0.0025119167,0.0064639775,-9.798226
23172000,23172000,0.020030674,-0.011064596,-9.849416
23215000,23215000,-0.001729239,-0.011721561,-9.783421
23267000,23267000,-0.020280588,-0.022042781,-9.827797
23316000,23316000,-0.004073088,-0.00028095988,-9.783843
23367000,23367000,-0.0071823504,0.0035643363,-9.789312
23417000,23417000,-0.00450228,-0.00825184,-9.767685
23463000,23463000,-0.015401886,-0.030876324,-9.806136
23511000,23511000,0.003985961,-0.010207567,-9.803637
23568000,23568000,-0.005043148,-0.010243905,-9.769851
23613000,23613000,-0.0047520516,0.0014785974,-9.789252
23668000,23668000,-0.004870681,-0.012749284,-9.771026
23720000,23720000,-3.5086647e-05,-0.0075302576,-9.8301735
23771000,23771000,-0.01049526,-0.021198599,-9.789318
23815000,23815000,-0.028177204,0.0002228131,-9.801859
23868000,23868000,-0.013775292,0.00891965,-9.821654
23915000,23915000,0.013400361,0.012094127,-9.827684
23967000,23967000,0.0009583546,0.018241271,-9.838397
24015000,24015000,0.013446874,-0.025618823,-9.825744
24067000,24067000,0.002010367,-0.0051801116,-9.807991
24116000,24116000,-0.005254426,0.008783651,-9.79048
24167000,24167000,0.010007391,-0.03310536,-9.7278805
24217000,24217000,-0.024320092,-0.025568463,-9.744582
24268000,24268000,-0.008124181,-0.011455915,-9.793803
24317000,24317000,-0.0044759572,0.016301759,-9.77803
24368000,24368000,0.01202699,0.022529986,-9.869261
24421000,24421000,-0.013095539,-0.017200656,-9.79652
24468000,24468000,-0.01643161,-0.017363377,-9.79624
24512000,24512000,-0.0086202705,0.0030190204,-9.806135
24572000,24572000,-0.0043930663,-0.014860224,-9.812927
24617000,24617000,-0.022990312,-0.009354148,-9.784662
24667000,24667000,-0.008281079,-0.008972154,-9.810598
24715000,24715000,0.0017692654,-0.0056777205,-9.820492
24768000,24768000,0.0006647124,-0.031814717,-9.81613
24812000,24812000,0.011328775,0.0008037536,-9.795885
24871000,24871000,-0.028814359,-0.0013778098,-9.794764
24912000,24912000,-0.0016194526,-0.015580174,-9.829471
24972000,24972000,-0.020248495,-0.005964874,-9.818749
25020000,25020000,-0.014807238,-0.0022650799,-9.811883
25064000,25064000,0.019688547,-0.010838625,-9.787176
25112000,25112000,-0.010606102,-0.014424071,-9.834161
25168000,25168000,0.011655334,-0.009926813,-9.809746
25215000,25215000,0.014661677,-0.0023492973,-9.864763
25267000,25267000,0.003920504,-0.0027018697,-9.843658
25317000,25317000,0.008526754,-0.042064443,-9.754495
25363000,25363000,-0.017678767,-0.014182532,-9.781049
25417000,25417000,-0.005809853,-0.010071092,-9.816582
25467000,25467000,-0.025621762,-0.025500147,-9.797574
25520000,25520000,-0.0036972878,-0.032585423,-9.783758
25571000,25571000,-0.0020339917,-0.016810358,-9.791611
25616000,25616000,-0.0044960305,-0.030258803,-9.778567
25668000,25668000,0.024599938,-0.003024729,-9.795294
25716000,25716000,-0.0028802846,-0.017672587,-9.787599
25768000,25768000,-0.010095748,-0.021665184,-9.799614
25815000,25815000,0.020667031,-0.0060916897,-9.825682
25863000,25863000,-0.008812897,0.008269103,-9.790261
25920000,25920000,-0.024690634,0.00055928074,-9.795762
25963000,25963000,-0.005307461,-0.008925442,-9.788328
26017000,26017000,0.0051879664,0.007695891,-9.807616
26068000,26068000,0.012664219,-0.012932373,-9.790907
26115000,26115000,-0.0065665073,-0.0074920566,-9.837963
26163000,26163000,0.013824286,-0.009470802,-9.877773
26216000,26216000,0.0062807845,0.005559207,-9.753584
26268000,26268000,-0.012160565,0.0068709385,-9.805081
26315000,26315000,-0.0043777,-0.017720144,-9.791055
26368000,26368000,-0.0068979776,-0.02076908,-9.75003
26417000,26417000,-0.0062958263,-0.013472255,-9.777957
26468000,26468000,0.009790329,0.006516105,-9.826653
26513000,26513000,-0.019450366,-0.016002947,-9.807018
26568000,26568000,-0.0036411393,-0.004376957,-9.77203
26615000,26615000,-0.0033135386,0.02179294,-9.8554325
26668000,26668000,-0.032069065,0.007598937,-9.800411
26715000,26715000,0.0043585873,-0.0010723182,-9.796915
26768000,26768000,-0.008237751,-0.0013207097,-9.805955
26820000,26820000,0.009842748,-0.011479191,-9.783594
26871000,26871000,-0.014196215,-0.01851812,-9.796816
26916000,26916000,-0.0023216268,-0.00071391073,-9.7862835
26967000,26967000,-0.002403491,0.010395513,-9.8087845
27020000,27020000,-0.0020979692,0.010716683,-9.747433
27068000,27068000,-0.0096984655,-0.010514289,-9.840037
27115000,27115000,-0.017346784,0.022125844,-9.779649
27163000,27163000,-0.0024071573,0.0021939736,-9.794495
27215000,27215000,-0.01503986,-0.006338881,-9.81983
27263000,27263000,0.015987458,-0.016239103,-9.808242
27315000,27315000,0.0054382575,0.0051868088,-9.838132
27367000,27367000,0.007861269,0.00020832993,-9.776333
27416000,27416000,-0.007139305,-0.0231308,-9.833615
27468000,27468000,0.0064565297,-0.019406699,-9.788454
27516000,27516000,0.0022708129,-0.0048069637,-9.803546
27567000,27567000,-0.0105570145,0.007091796,-9.804908
27615000,27615000,-0.009776532,-0.015607927,-9.883945
27667000,27667000,0.015790187,0.0032322467,-9.851157
27716000,27716000,0.021853408,-0.009571989,-9.776133
27772000,27772000,-0.012205549,0.004792858,-9.837997
27812000,27812000,0.00018226745,-0.0043938467,-9.796649
27864000,27864000,-0.011236898,0.007762056,-9.765348
27916000,27916000,-0.011261031,0.0014117942,-9.758953
27963000,27963000,-0.011809908,-0.007031748,-9.8005495
28011000,28011000,0.010965845,0.025901519,-9.772458
28071000,28071000,-0.0066309567,-0.00851352,-9.787483
28116000,28116000,-0.0026968736,0.012170738,-9.818218
28163000,28163000,-0.03384397,0.004382912,-9.855793
28216000,28216000,0.004465412,-0.008727728,-9.810884
28261000,28261000,-0.004510096,0.012885526,-9.838044
28316000,28316000,-0.008193899,0.026576033,-9.827465
28367000,28367000,-0.022158733,-0.0087329745,-9.832451
28415000,28415000,-0.004978127,-0.016701106,-9.832744
28464000,28464000,0.003291255,-0.008391424,-9.813552
28512000,28512000,-0.0047972887,-0.009401651,-9.773181
28572000,28572000,0.010639134,-0.018399898,-9.759087
28612000,28612000,0.0006019329,-0.00018385623,-9.805527
28668000,28668000,-0.009196501,-0.02479634,-9.813438
28716000,28716000,0.00097654655,0.0057114195,-9.795741
28763000,28763000,-0.017130084,-0.01873455,-9.836498
28811000,28811000,0.0036203722,0.005116433,-9.776991
28867000,28867000,0.012256404,-0.009870479,-9.823343
28915000,28915000,0.007692838,0.009254232,-9.756289
28968000,28968000,0.004813803,-0.0019075945,-9.828836
29019000,29019000,0.022321358,0.0195221,-9.83605
29067000,29067000,-0.022493733,-0.0033042012,-9.794372
29116000,29116000,0.006116634,-0.011377202,-9.793143
29168000,29168000,0.0013959568,0.01121331,-9.795904
29217000,29217000,-0.0060957354,0.015408093,-9.815213
29268000,29268000,0.012908533,-0.0015233776,-9.876495
29317000,29317000,-0.0052979323,-0.018292468,-9.826465
29368000,29368000,0.016898802,-0.012804603,-9.829725
29413000,29413000,0.00541463,-0.02108829,-9.7985525
29467000,29467000,0.02080446,-0.0028796177,-9.8868
29516000,29516000,-0.0051696696,-0.0016735934,-9.802786
29568000,29568000,0.010602297,-0.014897331,-9.788158
29615000,29615000,-0.015665557,-0.010193915,-9.755499
29671000,29671000,0.019353988,0.00030198344,-9.811667
29715000,29715000,-0.004738344,-0.012223799,-9.845604
29767000,29767000,-0.01912936,-0.0027517534,-9.800023
29812000,29812000,-0.009217381,-0.015867215,-9.805925
29868000,29868000,0.009693569,-0.005481179,-9.826003
29915000,29915000,-0.0040327455,-0.001676676,-9.7694025
29963000,29963000,0.0008940167,0.0017089741,-9.781435
30017000,30017000,0.0068395496,-0.0065348884,-9.796103
30072000,30072000,-0.021802487,-0.009023413,-9.832285
30113000,30113000,0.004980861,0.0006380996,-9.843867
30172000,30172000,0.003899977,-0.025221571,-9.820516
30217000,30217000,-0.008261918,-0.0016077334,-9.812519
30267000,30267000,-0.010051331,0.0061358586,-9.790375
30316000,30316000,0.016276293,-0.017801728,-9.814346
30367000,30367000,-0.016881276,0.0012867245,-9.815182
30417000,30417000,-0.013350591,0.005242017,-9.749467
30468000,30468000,-0.003788562,-0.0016554577,-9.773598
30516000,30516000,0.027011922,-0.011157744,-9.828894
30567000,30567000,-0.023511367,-0.004666766,-9.788442
30615000,30615000,-0.012752475,0.011180171,-9.833867
30668000,30668000,0.008988068,-0.005674516,-9.807484
30715000,30715000,-0.018455364,0.011138878,-9.816084
30767000,30767000,-0.01247423,-0.005951924,-9.780237
30818000,30818000,-0.004791115,-0.018893164,-9.855503
30868000,30868000,-0.011996758,-0.015386042,-9.851217
30916000,30916000,0.004786029,-0.01761574,-9.845358
30968000,30968000,0.014087779,-0.026487792,-9.815752
31011000,31011000,0.0053608115,-0.0035993885,-9.815302
31063000,31063000,-0.0025391877,-0.026917849,-9.819177
31118000,31118000,0.0051463293,-0.016057478,-9.811244
31167000,31167000,0.0064039696,-0.02315158,-9.809793
31215000,31215000,0.015945368,0.0026451012,-9.753586
31268000,31268000,0.017736912,-0.001998884,-9.771387
31320000,31320000,-0.018782625,-0.0025675423,-9.761665
31368000,31368000,0.001643313,0.012056823,-9.751665
31419000,31419000,-0.004495832,-0.00458602,-9.836358
31468000,31468000,-0.009416887,0.0014670517,-9.789464
31516000,31516000,-0.01795372,-0.01164538,-9.833335
31561000,31561000,-0.033176016,0.009748975,-9.857235
31615000,31615000,0.0046377033,-0.005842945,-9.837249
31667000,31667000,0.016241426,0.0117333345,-9.808845
31716000,31716000,0.002195551,-0.012851872,-9.836666
31767000,31767000,0.00037912652,-0.0040620263,-9.8293705
31815000,31815000,-0.0033495561,-0.00033535127,-9.777055
31863000,31863000,0.005438298,-0.016686823,-9.803072
31915000,31915000,-0.021484498,0.0043343827,-9.788255
31967000,31967000,0.0049474146,-0.02157712,-9.828487
32016000,32016000,0.012893135,-0.020864293,-9.838865
32061000,32061000,0.018572265,0.013396197,-9.785009
32115000,32115000,-0.01477255,0.00080827426,-9.803923
32171000,32171000,-0.007882471,-0.0008285831,-9.844513
32217000,32217000,-0.013604784,-0.00972918,-9.804945
32271000,32271000,-0.018229762,0.014242406,-9.784856
32315000,32315000,-0.0022027872,-0.00773705,-9.79293
32368000,32368000,0.009736173,0.011003876,-9.763007
32416000,32416000,0.016603269,-0.00062747695,-9.797518
32468000,32468000,-0.014965872,0.017852066,-9.815295
32511000,32511000,-0.0039188405,-0.023810582,-9.840101
32568000,32568000,-0.01373144,0.004742413,-9.829182
32617000,32617000,-0.003431377,0.0078522395,-9.76651
32668000,32668000,-0.0008326427,-0.011617856,-9.741077
32713000,32713000,-0.016674541,-0.013243789,-9.756764
32771000,32771000,0.022533225,0.009980537,-9.823112
32811000,32811000,0.0062575787,0.007418953,-9.837295
32868000,32868000,-0.017286118,-0.004823956,-9.791208
32916000,32916000,0.0050721564,-0.009140976,-9.800433
32963000,32963000,-0.014201428,-0.00081593404,-9.789288
33015000,33015000,0.015705688,0.013465166,-9.856084
33063000,33063000,0.0057107992,-0.008295927,-9.786587
33117000,33117000,-0.0011475957,-0.014588033,-9.798319
33167000,33167000,0.0071938415,-0.005920303,-9.810221
33215000,33215000,0.018495047,0.0053272736,-9.854572
33267000,33267000,-0.0047743833,0.0025679013,-9.79213
33315000,33315000,0.010092004,-0.0010487208,-9.804253
33367000,33367000,0.00924382,0.0076614767,-9.811281
33416000,33416000,0.009574647,-0.0027165227,-9.796526
33467000,33467000,-0.012512489,0.010509804,-9.821412
33516000,33516000,0.0072978083,0.023886517,-9.8607435
33567000,33567000,0.00039302872,0.00015003653,-9.785198
33620000,33620000,-0.008700825,-0.0003762237,-9.815493
33671000,33671000,-0.0023157299,-0.0154538145,-9.824999
33711000,33711000,0.011718191,0.007329546,-9.819147
33768000,33768000,-0.01959711,-0.0028197381,-9.793448
33815000,33815000,0.012649588,-0.011570464,-9.81768
33868000,33868000,0.014691475,-0.006351456,-9.841782
33916000,33916000,-0.0061522205,-0.0022169,-9.832009
33967000,33967000,0.0043198345,-0.011319986,-9.79627
34021000,34021000,0.007134406,-0.0010651737,-9.815309
34068000,34068000,0.0041135508,-0.015268988,-9.823114
34113000,34113000,-0.01111413,0.0085809445,-9.795627
34167000,34167000,-0.007000128,-0.026565522,-9.841492
34216000,34216000,0.0021662428,-0.008173935,-9.790833
34263000,34263000,-0.0022821636,-0.011633858,-9.798091
34315000,34315000,0.0009408997,-0.00038534153,-9.776501
34372000,34372000,-0.0031745348,-0.006231623,-9.771819
34416000,34416000,-0.013297895,-0.0025625625,-9.791732
34471000,34471000,0.007011916,0.006410142,-9.798649
34519000,34519000,-0.0032872818,0.000879479,-9.772364
34568000,34568000,0.008038171,0.0029898975,-9.840738
34611000,34611000,-0.020205555,0.0067930166,-9.807691
34673000,34673000,-0.008778865,-0.012009736,-9.850256
34712000,34712000,0.035437204,0.010159111,-9.763761
34768000,34768000,-0.0031738938,-0.01969717,-9.812682
34816000,34816000,0.0110375825,-0.014926689,-9.753549
34872000,34872000,-0.01823695,-0.02035223,-9.848175
34912000,34912000,-0.0152514875,-0.0028644267,-9.786191
34967000,34967000,0.002851772,0.031000713,-9.800507
35017000,35017000,-0.0028879328,0.0071156123,-9.805847
35072000,35072000,-0.0036356435,-0.0011790653,-9.831039
35120000,35120000,0.0064549833,0.01175114,-9.829428
35163000,35163000,-0.0070184986,0.0017866959,-9.810539
35217000,35217000,-0.0028646337,0.00984133,-9.796576
35268000,35268000,-0.0065267086,-0.0014069214,-9.816864
35321000,35321000,0.008316649,-0.0012089236,-9.806583
35368000,35368000,0.01000395,-0.0027032048,-9.809294
35416000,35416000,0.004830946,-0.0004927288,-9.814523
35471000,35471000,0.004834177,-0.009909778,-9.84403
35516000,35516000,-0.0067197075,0.009830161,-9.8173685
35568000,35568000,0.0005185837,-0.014061732,-9.798954
35616000,35616000,0.0056004566,-0.007878855,-9.83874
35672000,35672000,-0.004887633,-0.005338742,-9.785789
35715000,35715000,0.005360036,-0.015365047,-9.826256
35767000,35767000,-0.00867831,-0.01204715,-9.79056
35819000,35819000,-0.0062363003,-0.0104191825,-9.8295
35863000,35863000,0.0043405388,0.016387243,-9.820898
35916000,35916000,0.006316061,0.0029401805,-9.777107
35967000,35967000,-0.0113844145,0.002469073,-9.835286
36011000,36011000,0.006556756,-0.029286008,-9.817947
36067000,36067000,9.9433586e-05,-0.0012858205,-9.828934
36115000,36115000,0.009665549,-0.007235055,-9.795808
36167000,36167000,0.015156382,-0.017780837,-9.828325
36216000,36216000,-0.008492977,-0.0026584151,-9.825407
36267000,36267000,-0.018267393,-0.012433713,-9.798096
36315000,36315000,0.0109164165,-0.016398387,-9.803511
36367000,36367000,-0.025867702,0.008178018,-9.860685
36415000,36415000,0.0070698373,-0.010074662,-9.76403
36468000,36468000,0.0040106555,-0.016929071,-9.817976
36515000,36515000,-0.016462728,0.009558374,-9.819395
36567000,36567000,0.014404706,-0.00041971845,-9.810167
36616000,36616000,0.00013992042,-0.019237844,-9.760829
36667000,36667000,-0.012586572,0.004115549,-9.795831
36717000,36717000,-0.008155134,-0.0012408857,-9.784412
36772000,36772000,-0.004638447,-0.008100134,-9.748919
36817000,36817000,-0.015919037,-0.020123044,-9.802141
36868000,36868000,0.007262379,-0.010399198,-9.81512
36917000,36917000,0.0021047546,-0.019010369,-9.8033085
36972000,36972000,-0.013854293,-0.013077336,-9.82979
37015000,37015000,0.0048914333,-0.0053306725,-9.76402
37068000,37068000,0.01898676,0.008234307,-9.824587
37113000,37113000,-0.014721225,0.006434516,-9.831301
37168000,37168000,0.01156407,-0.005976084,-9.842423
37216000,37216000,0.02794278,-0.029045407,-9.775278
37271000,37271000,-0.025131978,0.0039743,-9.762363
37316000,37316000,-0.0039633587,-0.025245175,-9.809989
37367000,37367000,-0.009473059,-0.011545675,-9.775879
37415000,37415000,-0.010480786,0.002680509,-9.770603
37467000,37467000,-0.005662487,-0.006852455,-9.815797
37516000,37516000,0.015811313,0.003676387,-9.785696
37568000,37568000,-0.0073978766,-0.00021856674,-9.860362
37615000,37615000,0.030190967,-0.010701691,-9.861969
37672000,37672000,-0.02662449,0.0075420826,-9.78424
37716000,37716000,-0.031065926,-0.010170141,-9.749501
37767000,37767000,0.016848272,-0.011869288,-9.846158
37815000,37815000,0.008242212,-0.012094667,-9.772514
37863000,37863000,-0.026487948,0.0046625007,-9.806404
37912000,37912000,0.010019987,-0.019835722,-9.826299
37968000,37968000,0.019538827,0.007069501,-9.782598
38016000,38016000,0.005404542,0.010032736,-9.739815
38067000,38067000,0.015455947,0.0031226433,-9.549329
38115000,38115000,0.008892756,-0.016490921,-9.132787
38167000,38167000,-0.008478346,-0.022183947,-8.420452
38216000,38216000,0.016755363,-0.03189502,-7.897112
38263000,38263000,0.009620069,-0.00557083,-7.793354
38311000,38311000,0.018494532,-0.009814896,-7.7352896
38371000,38371000,0.0035183677,0.0010116291,-7.7707906
38411000,38411000,-0.011320163,-0.035959136,-7.735693
38468000,38468000,0.016284233,-0.007872946,-8.159336
38515000,38515000,-0.003498591,-0.017169712,-8.8571205
38567000,38567000,-0.0030323782,-0.0115675945,-9.444845
38616000,38616000,0.010063726,-0.008878484,-9.985967
38672000,38672000,0.007489451,-0.014369214,-10.485216
38715000,38715000,0.009888079,-0.0037477794,-10.653039
38768000,38768000,0.010886362,0.0037195825,-10.697552
38816000,38816000,-0.0474146,-0.01606477,-10.7053585
38868000,38868000,-0.012263276,-0.002904993,-10.765917
38916000,38916000,-0.0009910401,-0.0059671663,-10.758128
38972000,38972000,-0.0031329726,0.011102971,-10.442371
39015000,39015000,-0.012449593,-0.017936353,-9.824098
39071000,39071000,-0.0017744903,-0.00806523,-9.264967
39117000,39117000,0.0066049965,0.005902042,-9.061458
39168000,39168000,0.021325203,-0.010297233,-9.101132
39216000,39216000,0.02856723,-0.022934237,-9.250029
39271000,39271000,-0.013513189,-0.0067819827,-9.443314
39317000,39317000,0.0051783645,-0.020781871,-9.6744795
39368000,39368000,-0.0031108973,-0.0036264602,-9.731235
39415000,39415000,0.013797686,-0.2880084,-40.34672
39467000,39467000,-0.002398733,-0.10059311,-9.757058
39517000,39517000,-0.016558558,-0.013737002,-9.865931
39568000,39568000,-0.007899082,-0.03986012,-9.806223
39617000,39617000,-0.024534538,-0.007943922,-9.750517
39668000,39668000,0.0022281131,-0.019314768,-9.797133
39717000,39717000,0.007173372,-0.030940894,-9.785391
39767000,39767000,0.00901789,-0.035482675,-9.845558
39815000,39815000,-0.027308527,-0.017924622,-9.85774
39868000,39868000,-0.020162102,-0.021491919,-9.763968
39919000,39919000,-0.017994482,-0.012657626,-9.80907
39972000,39972000,-0.014738553,-0.02668297,-9.815207
40013000,40013000,-0.01956487,-0.014050861,-9.825631
40068000,40068000,-0.018386234,-0.033388026,-9.8089285
40116000,40116000,-0.013368089,-0.0044936063,-9.764103
40168000,40168000,-0.0135891745,-0.020845655,-9.753411
40216000,40216000,0.0037604584,-0.022790186,-9.783394
40268000,40268000,-0.008604658,-0.026891442,-9.8351
40316000,40316000,-0.01494701,-0.019318137,-9.7733135
40363000,40363000,-2.772679e-05,-0.04014538,-9.80784
40417000,40417000,-0.019728912,-0.009478606,-9.750004
40461000,40461000,-0.007790647,-0.02297675,-9.835186
40515000,40515000,-0.032248557,0.00013015536,-9.833615
40567000,40567000,-0.011639866,-0.021676125,-9.75112
40616000,40616000,-0.031666733,0.0012396385,-9.783428
40672000,40672000,-0.023015307,-0.009332635,-9.731082
40715000,40715000,-0.020581944,-0.01709224,-9.889607
40767000,40767000,-0.015255799,0.0024030278,-9.768397
40816000,40816000,-0.02082879,-0.032165248,-9.849581
40871000,40871000,-0.011976901,-0.024284942,-9.791048
40916000,40916000,-0.001867525,-0.0036914714,-9.786901
40968000,40968000,-0.011853658,-0.036416613,-9.813383
41019000,41019000,-0.008818594,-0.026166199,-9.825422
41071000,41071000,-0.011987628,-0.0009643645,-9.799068
41116000,41116000,-0.0047749057,-0.0038519492,-9.813673
41168000,41168000,0.0068292227,-0.042521425,-9.851405
41219000,41219000,0.007870575,0.001923765,-9.815193
41268000,41268000,-0.027966652,0.014165872,-9.873698
41314000,41314000,-0.0038233064,-0.0068687163,-9.761536
41368000,41368000,-0.019703373,0.0130890645,-9.796922
41420000,41420000,-0.020752536,-0.02326539,-9.792062
41468000,41468000,0.0036852167,-0.014144466,-9.846579
41511000,41511000,0.0016732656,-0.0059375907,-9.827852
41568000,41568000,0.014829269,0.008152506,-9.831411
41615000,41615000,-0.011419231,0.0032827198,-9.793419
41667000,41667000,0.01224308,0.0009853778,-9.836348
41716000,41716000,-0.008135694,0.0135600995,-9.87067
41767000,41767000,-0.019069737,0.010782723,-9.824049
41819000,41819000,0.0033874633,0.020323904,-9.799882
41867000,41867000,0.0064524338,-0.0041125803,-9.790246
41911000,41911000,0.013781872,-0.0019509625,-9.780582
41968000,41968000,-0.009173492,-0.019920796,-9.790155
42015000,42015000,-0.01583921,0.0003904428,-9.793982
42068000,42068000,-0.007799033,-0.01919042,-9.784888
42115000,42115000,-0.03523539,-0.017303564,-9.816316
42167000,42167000,-0.028545516,0.023774743,-9.784338
42216000,42216000,0.0062266584,0.011597609,-9.807457
42272000,42272000,-0.004786978,0.00035443666,-9.767984
42316000,42316000,-0.008081487,0.0069001047,-9.787041
42368000,42368000,0.0017825968,-0.0089471545,-9.824167
42412000,42412000,0.010498668,-0.001003297,-9.820511
42471000,42471000,-0.002590092,0.008303024,-9.78956
42515000,42515000,-0.0013590193,0.0014659946,-9.765266
42572000,42572000,-0.008993787,-0.020421132,-9.872932
42616000,42616000,-0.00644209,0.0055464488,-9.80982
42668000,42668000,0.011959698,-8.28933e-05,-9.801514
42717000,42717000,0.0019419104,0.0028597803,-9.813267
42771000,42771000,-0.027595768,-0.009076049,-9.797207
42817000,42817000,0.008887907,-0.013131447,-9.794172
42868000,42868000,-0.0022483426,-0.0062251734,-9.820903
42916000,42916000,0.0041288706,-0.016121587,-9.850946
42968000,42968000,0.006004021,0.010975913,-9.802992
43017000,43017000,0.00812166,-0.008251245,-9.845915
43068000,43068000,-0.013899904,-0.018011123,-9.800405
43116000,43116000,-0.0058600213,-0.013946228,-9.813619
43167000,43167000,0.010640018,-0.019584598,-9.811146
43216000,43216000,0.008742004,0.006255756,-9.7890835
43268000,43268000,0.02552777,-0.008598426,-9.84743
43316000,43316000,-0.0078076907,0.0064375685,-9.816246
43367000,43367000,0.0060243863,0.009815004,-9.797298
43416000,43416000,-0.005401736,-0.017052187,-9.828229
43467000,43467000,-0.0011478604,-0.028754555,-9.800415
43515000,43515000,-0.014396973,-0.0059769712,-9.8117
43568000,43568000,0.013443518,-0.011636297,-9.830027
43621000,43621000,0.0008072697,0.00012313889,-9.82051
43667000,43667000,0.007455677,-0.020194007,-9.817622
43715000,43715000,0.027862351,0.0020871363,-9.830274
43773000,43773000,-0.0031299584,0.015778434,-9.802959
43815000,43815000,0.0009608045,0.010850813,-9.803047
43871000,43871000,0.0056385575,-0.0014104987,-9.839222
43916000,43916000,-0.012571099,-0.020509034,-9.807177
43963000,43963000,-0.008386508,0.001935041,-9.830493
44015000,44015000,0.028860245,-0.012630565,-9.82436
44068000,44068000,-0.01089383,-0.014153072,-9.82492
44116000,44116000,0.018637251,-0.024959605,-9.792134
44168000,44168000,-0.013091074,0.010187047,-9.787353
44221000,44221000,-0.00086263753,0.012126932,-9.83271
44268000,44268000,0.0220754,9.111513e-05,-9.801847
44315000,44315000,-0.00065024104,0.0013127112,-9.806079
44368000,44368000,-0.007687716,-0.011657666,-9.825214
44415000,44415000,0.002888233,-0.00489531,-9.804813
44468000,44468000,0.027467044,-0.008973727,-9.811465
