timestamp,timestamp_sample,baro_device_id,baro_alt_meter,baro_temp_celcius,baro_pressure_pa,rho
467000,442545,6620172,49.917366,14.674885,100726.89,1.2189401
521000,495461,6620172,49.964314,14.675888,100726.31,1.2189353
572000,548600,6620172,49.964314,14.675218,100726.3,1.218936
623000,596800,6620172,49.936146,14.675652,100726.61,1.218938
676000,649357,6620172,49.945534,14.674892,100726.516,1.2189399
728000,703583,6620172,49.945534,14.675991,100726.54,1.2189398
783000,754818,6620172,49.907974,14.676169,100726.97,1.2189405
835000,809636,6620172,49.945534,14.675374,100726.54,1.2189387
887000,861727,6620172,49.973705,14.675808,100726.21,1.2189356
943000,915750,6620172,49.91267,14.675586,100726.93,1.2189403
996000,971538,6620172,49.945534,14.675769,100726.54,1.2189399
1047000,1023230,6620172,49.94084,14.674795,100726.6,1.2189387
1101000,1074750,6620172,49.954926,14.67529,100726.44,1.2189366
1152000,1129416,6620172,49.95962,14.674702,100726.34,1.2189375
1203000,1181125,6620172,49.95962,14.675941,100726.35,1.2189381
1256000,1232000,6620172,49.89389,14.676163,100727.16,1.218943
1308000,1283384,6620172,49.945534,14.675074,100726.54,1.2189361
1360000,1335454,6620172,49.93145,14.676082,100726.72,1.218939
1412000,1386750,6620172,49.922062,14.675612,100726.8,1.2189406
1464000,1440363,6620172,49.95023,14.675106,100726.47,1.2189397
1516000,1495181,6620172,49.922062,14.6760025,100726.8,1.218938
1568000,1542181,6620172,49.9784,14.674904,100726.13,1.2189361
1621000,1595538,6620172,49.926754,14.676207,100726.75,1.218938
1671000,1649818,6620172,49.936146,14.67538,100726.64,1.2189357
1723000,1701250,6620172,49.93145,14.676151,100726.69,1.2189394
1775000,1750909,6620172,49.93145,14.676185,100726.734,1.2189384
1828000,1802000,6620172,49.936146,14.676042,100726.66,1.2189407
1879000,1855384,6620172,49.936146,14.675719,100726.65,1.2189363
1931000,1907909,6620172,49.954926,14.67553,100726.41,1.218938
1983000,1958250,6620172,49.94084,14.676035,100726.58,1.2189361
2036000,2013333,6620172,49.945534,14.675818,100726.516,1.2189375
2093000,2065818,6620172,49.922062,14.675142,100726.81,1.2189382
2143000,2123800,6620172,49.945534,14.675925,100726.52,1.2189357
2196000,2171615,6620172,49.964314,14.674755,100726.305,1.2189327
2248000,2223636,6620172,49.945534,14.675984,100726.51,1.2189367
2299000,2276363,6620172,49.922062,14.675274,100726.81,1.2189386
2351000,2326250,6620172,49.93145,14.6761,100726.68,1.2189367
2403000,2377100,6620172,49.95962,14.675491,100726.38,1.2189351
2453000,2428636,6620172,49.93145,14.675636,100726.69,1.2189372
2503000,2480181,6620172,49.9784,14.675884,100726.15,1.2189343
2556000,2529727,6620172,49.964314,14.674971,100726.33,1.2189351
2608000,2585636,6620172,49.94084,14.6754875,100726.55,1.2189361
2664000,2636818,6620172,49.964314,14.674787,100726.29,1.2189366
2715000,2692000,6620172,49.926754,14.674947,100726.74,1.2189424
2768000,2742818,6620172,49.922062,14.675644,100726.83,1.21894
2823000,2798636,6620172,49.973705,14.674876,100726.23,1.2189353
2876000,2851538,6620172,49.95962,14.675763,100726.36,1.2189332
2931000,2904300,6620172,49.95962,14.675935,100726.38,1.218938
2983000,2958600,6620172,49.926754,14.675966,100726.74,1.2189404
3036000,3011545,6620172,49.936146,14.674842,100726.66,1.2189378
3088000,3065000,6620172,49.95962,14.675461,100726.39,1.2189385
3144000,3115333,6620172,49.95962,14.674897,100726.38,1.2189333
3196000,3173416,6620172,49.95962,14.675203,100726.37,1.2189385
3248000,3225090,6620172,49.922062,14.675095,100726.78,1.2189381
3299000,3276363,6620172,49.936146,14.675561,100726.664,1.2189379
3352000,3327583,6620172,49.917366,14.675981,100726.88,1.2189436
3403000,3381000,6620172,49.94084,14.674998,100726.56,1.2189357
3455000,3431636,6620172,49.926754,14.675925,100726.74,1.2189419
3508000,3486000,6620172,49.95023,14.674715,100726.47,1.2189366
3560000,3534833,6620172,49.945534,14.674906,100726.49,1.2189387
3611000,3586416,6620172,49.945534,14.675314,100726.49,1.2189364
3663000,3638083,6620172,49.936146,14.67515,100726.66,1.218942
3716000,3690166,6620172,49.94084,14.674859,100726.59,1.218941
3768000,3742416,6620172,49.936146,14.674799,100726.63,1.2189372
3821000,3796545,6620172,49.964314,14.675181,100726.305,1.2189342
3873000,3848636,6620172,49.95962,14.675674,100726.36,1.2189335
3923000,3902000,6620172,49.95962,14.675461,100726.39,1.2189373
3975000,3951909,6620172,49.917366,14.675937,100726.86,1.2189416
4031000,4004000,6620172,49.973705,14.675816,100726.21,1.2189342
4081000,4059333,6620172,49.954926,14.675865,100726.44,1.2189395
4133000,4109416,6620172,49.954926,14.674724,100726.414,1.2189361
4183000,4161090,6620172,49.945534,14.676089,100726.54,1.2189406
4237000,4210727,6620172,49.94084,14.674861,100726.6,1.2189369
4287000,4262900,6620172,49.945534,14.675045,100726.52,1.2189375
4340000,4320500,6620172,49.93145,14.675976,100726.72,1.2189422
4392000,4366250,6620172,49.917366,14.674927,100726.85,1.218939
4443000,4419100,6620172,49.917366,14.675565,100726.87,1.2189388
4497000,4471083,6620172,49.94084,14.675708,100726.58,1.2189353
4548000,4525200,6620172,49.922062,14.675433,100726.805,1.2189387
4599000,4575538,6620172,49.95023,14.675052,100726.47,1.2189362
4652000,4626250,6620172,49.917366,14.6754875,100726.86,1.2189437
4704000,4679615,6620172,49.936146,14.675196,100726.62,1.2189418
4756000,4732500,6620172,49.926754,14.675887,100726.74,1.218939
4808000,4784166,6620172,49.926754,14.674708,100726.74,1.2189374
4859000,4836090,6620172,49.9784,14.67519,100726.16,1.2189326
4911000,4886500,6620172,49.9784,14.675227,100726.12,1.218933
4963000,4939416,6620172,49.917366,14.676011,100726.86,1.2189382
5015000,4991538,6620172,49.93145,14.676151,100726.734,1.218943
5068000,5043666,6620172,49.922062,14.674789,100726.78,1.2189375
5119000,5094500,6620172,49.96901,14.675363,100726.24,1.218937
5171000,5147692,6620172,49.94084,14.675258,100726.586,1.2189355
5223000,5199800,6620172,49.954926,14.675257,100726.44,1.2189356
5276000,5252416,6620172,49.93145,14.675399,100726.71,1.2189415
5331000,5305250,6620172,49.93145,14.675043,100726.73,1.2189398
5383000,5358416,6620172,49.954926,14.675502,100726.44,1.218936
5433000,5408000,6620172,49.926754,14.675793,100726.74,1.2189379
5483000,5462181,6620172,49.936146,14.675482,100726.664,1.2189378
5535000,5513333,6620172,49.93145,14.67481,100726.72,1.2189399
5591000,5565818,6620172,49.94084,14.675407,100726.555,1.218939
5643000,5621300,6620172,49.95023,14.67518,100726.48,1.2189366
5695000,5672583,6620172,49.954926,14.6750555,100726.445,1.2189374
5748000,5723666,6620172,49.973705,14.674742,100726.19,1.2189362
5800000,5777111,6620172,49.964314,14.675759,100726.3,1.2189345
5851000,5827454,6620172,49.91267,14.675017,100726.96,1.2189455
5901000,5879000,6620172,49.922062,14.675608,100726.82,1.2189416
5951000,5928600,6620172,49.936146,14.674693,100726.61,1.2189382
6003000,5979333,6620172,49.95023,14.6761465,100726.47,1.218934
6057000,6030916,6620172,49.964314,14.675325,100726.27,1.2189372
6108000,6086363,6620172,49.936146,14.675962,100726.66,1.2189419
6160000,6134083,6620172,49.94084,14.675897,100726.58,1.218938
6212000,6187545,6620172,49.91267,14.675808,100726.93,1.2189441
6268000,6239916,6620172,49.91267,14.676225,100726.93,1.2189403
6320000,6294833,6620172,49.95023,14.675167,100726.47,1.218937
6372000,6345500,6620172,49.945534,14.675594,100726.49,1.2189384
6427000,6401750,6620172,49.926754,14.676073,100726.76,1.21894
6478000,6454454,6620172,49.93145,14.674909,100726.734,1.218942
6532000,6507900,6620172,49.94084,14.67506,100726.55,1.218937
6584000,6559000,6620172,49.922062,14.676049,100726.83,1.2189407
6641000,6613900,6620172,49.964314,14.675298,100726.28,1.2189368
6692000,6669100,6620172,49.889194,14.675015,100727.18,1.2189436
6743000,6719384,6620172,49.90328,14.676053,100727.02,1.2189404
6796000,6772900,6620172,49.945534,14.6751375,100726.53,1.2189373
6848000,6821916,6620172,49.936146,14.675915,100726.63,1.2189364
6900000,6876272,6620172,49.91267,14.675562,100726.96,1.2189411
6951000,6926272,6620172,49.90328,14.674998,100727.05,1.218946
7004000,6979250,6620172,49.95962,14.675331,100726.336,1.2189367
7055000,7033181,6620172,49.964314,14.674747,100726.27,1.2189376
7108000,7083000,6620172,49.91267,14.674689,100726.96,1.2189407
7160000,7136454,6620172,49.94084,14.675922,100726.6,1.218941
7212000,7186090,6620172,49.936146,14.675954,100726.66,1.2189403
7263000,7240888,6620172,49.936146,14.675694,100726.65,1.2189415
7316000,7292454,6620172,49.936146,14.6757145,100726.66,1.2189375
7368000,7342500,6620172,49.95023,14.675228,100726.48,1.2189379
7420000,7395222,6620172,49.917366,14.67589,100726.88,1.2189444
7473000,7448416,6620172,49.898586,14.676036,100727.12,1.2189417
7523000,7501416,6620172,49.936146,14.674921,100726.63,1.2189374
7576000,7553700,6620172,49.926754,14.675819,100726.74,1.2189395
7627000,7604200,6620172,49.94084,14.676116,100726.58,1.2189381
7680000,7656833,6620172,49.964314,14.67581,100726.32,1.2189358
7732000,7707777,6620172,49.95962,14.675687,100726.39,1.2189391
7783000,7759250,6620172,49.898586,14.675923,100727.11,1.2189448
7833000,7808090,6620172,49.922062,14.675193,100726.8,1.2189425
7883000,7863600,6620172,49.954926,14.67505,100726.45,1.2189375
7935000,7910181,6620172,49.936146,14.675387,100726.66,1.2189393
7988000,7964545,6620172,49.9784,14.676007,100726.15,1.218932
8044000,8017666,6620172,49.926754,14.675918,100726.74,1.2189386
8096000,8071250,6620172,49.91267,14.674908,100726.95,1.218941
8147000,8123545,6620172,49.954926,14.67523,100726.44,1.2189397
8199000,8173818,6620172,49.91267,14.675074,100726.914,1.2189411
8252000,8227636,6620172,49.954926,14.674683,100726.41,1.2189349
8307000,8279769,6620172,49.89389,14.67541,100727.14,1.2189425
8359000,8334750,6620172,49.94084,14.676048,100726.56,1.218938
8412000,8389272,6620172,49.91267,14.675399,100726.945,1.2189411
8463000,8441545,6620172,49.94084,14.676005,100726.586,1.2189399
8517000,8490000,6620172,49.95023,14.676176,100726.46,1.2189381
8567000,8543333,6620172,49.964314,14.674678,100726.33,1.2189357
8620000,8595727,6620172,49.922062,14.675672,100726.81,1.218943
8672000,8647538,6620172,49.95023,14.675941,100726.47,1.2189347
8728000,8698583,6620172,49.945534,14.675063,100726.53,1.2189356
8779000,8756583,6620172,49.922062,14.675056,100726.79,1.2189385
8832000,8810100,6620172,49.926754,14.675639,100726.76,1.2189397
8884000,8860818,6620172,49.936146,14.675842,100726.664,1.2189362
8937000,8911083,6620172,49.95023,14.675311,100726.46,1.2189337
8987000,8964090,6620172,49.936146,14.67534,100726.664,1.2189385
9040000,9016500,6620172,49.922062,14.675317,100726.8,1.2189397
9093000,9066916,6620172,49.95962,14.676173,100726.37,1.2189374
9144000,9121909,6620172,49.94084,14.675498,100726.6,1.2189362
9197000,9170833,6620172,49.945534,14.674853,100726.52,1.2189364
9247000,9225181,6620172,49.945534,14.675935,100726.51,1.2189376
9297000,9273545,6620172,49.90328,14.675164,100727.016,1.2189413
9348000,9325727,6620172,49.936146,14.675764,100726.63,1.2189382
9401000,9375363,6620172,49.94084,14.67529,100726.6,1.2189401
9451000,9428333,6620172,49.936146,14.675986,100726.65,1.2189362
9504000,9478833,6620172,49.954926,14.675656,100726.44,1.2189373
9555000,9535000,6620172,49.922062,14.675946,100726.8,1.2189394
9611000,9583916,6620172,49.93145,14.67578,100726.68,1.218941
9665000,9639833,6620172,49.926754,14.675897,100726.74,1.2189415
9719000,9693363,6620172,49.8845,14.67582,100727.25,1.2189445
9772000,9746416,6620172,49.917366,14.675713,100726.86,1.218942
9823000,9799909,6620172,49.9784,14.674698,100726.164,1.2189337
9873000,9849300,6620172,49.945534,14.675388,100726.5,1.2189401
9923000,9901500,6620172,49.93145,14.67571,100726.73,1.2189432
9975000,9952833,6620172,49.94084,14.67574,100726.57,1.2189413
10028000,10004727,6620172,49.922062,14.674949,100726.77,1.2189438
10079000,10053727,6620172,49.936146,14.67578,100726.63,1.2189356
10131000,10107600,6620172,49.922062,14.6757145,100726.83,1.218942
10183000,10157454,6620172,49.96901,14.674686,100726.234,1.2189327
10237000,10212636,6620172,49.93145,14.674717,100726.7,1.2189392
10288000,10265090,6620172,49.898586,14.675036,100727.07,1.2189432
10339000,10316583,6620172,49.936146,14.675931,100726.63,1.2189373
10393000,10368600,6620172,49.94084,14.675784,100726.6,1.218939
10443000,10420181,6620172,49.91267,14.674987,100726.95,1.2189445
10495000,10472000,6620172,49.93145,14.675604,100726.68,1.2189425
10548000,10523454,6620172,49.94084,14.676206,100726.6,1.2189418
10600000,10577250,6620172,49.93145,14.675746,100726.72,1.2189413
10652000,10627692,6620172,49.954926,14.675095,100726.44,1.2189343
10704000,10682100,6620172,49.922062,14.675737,100726.77,1.2189422
10756000,10734100,6620172,49.94084,14.675168,100726.55,1.2189361
10807000,10783454,6620172,49.94084,14.676218,100726.56,1.2189378
10860000,10833200,6620172,49.91267,14.675985,100726.91,1.2189422
10912000,10888000,6620172,49.954926,14.6758375,100726.41,1.2189382
10967000,10941166,6620172,49.91267,14.676143,100726.9,1.2189407
11019000,10995090,6620172,49.983097,14.675622,100726.05,1.2189343
11073000,11047384,6620172,49.93145,14.674729,100726.695,1.2189404
11123000,11101000,6620172,49.94084,14.675481,100726.56,1.2189399
11175000,11152833,6620172,49.95962,14.674689,100726.36,1.2189385
11228000,11205166,6620172,49.922062,14.6756,100726.805,1.2189407
11283000,11255923,6620172,49.91267,14.675619,100726.93,1.2189404
11335000,11310818,6620172,49.922062,14.6755495,100726.8,1.2189417
11387000,11363166,6620172,49.945534,14.675629,100726.484,1.2189348
11437000,11412600,6620172,49.898586,14.676203,100727.086,1.2189442
11487000,11464100,6620172,49.922062,14.675077,100726.82,1.218939
11541000,11515500,6620172,49.94084,14.675253,100726.55,1.2189364
11592000,11569000,6620172,49.936146,14.675997,100726.64,1.2189416
11643000,11621416,6620172,49.936146,14.676195,100726.66,1.218942
11695000,11671615,6620172,49.945534,14.675725,100726.49,1.2189392
11747000,11723545,6620172,49.95962,14.675616,100726.375,1.2189387
11799000,11775545,6620172,49.936146,14.675259,100726.63,1.2189395
11851000,11826500,6620172,49.95962,14.675813,100726.37,1.2189368
11903000,11878555,6620172,49.964314,14.675131,100726.3,1.2189347
11956000,11931500,6620172,49.945534,14.675909,100726.51,1.2189378
12007000,11983384,6620172,49.945534,14.676217,100726.52,1.2189378
12060000,12038636,6620172,49.917366,14.675222,100726.85,1.2189448
12112000,12084600,6620172,49.936146,14.675606,100726.63,1.2189403
12164000,12140083,6620172,49.95023,14.675767,100726.46,1.2189391
12217000,12193000,6620172,49.922062,14.67518,100726.82,1.2189379
12268000,12245909,6620172,49.917366,14.67577,100726.88,1.2189403
12319000,12294333,6620172,49.926754,14.676141,100726.74,1.2189416
12371000,12347727,6620172,49.936146,14.675174,100726.66,1.2189378
12423000,12400750,6620172,49.922062,14.676209,100726.8,1.2189415
12475000,12452454,6620172,49.93145,14.675857,100726.72,1.2189397
12528000,12504000,6620172,49.95962,14.674859,100726.38,1.218938
12583000,12556000,6620172,49.89389,14.675125,100727.14,1.2189426
12633000,12609583,6620172,49.90328,14.675712,100727.02,1.2189457
12687000,12661583,6620172,49.954926,14.675878,100726.44,1.2189375
12737000,12713181,6620172,49.90328,14.6756,100727.01,1.2189451
12788000,12764545,6620172,49.945534,14.675263,100726.5,1.218937
12843000,12815000,6620172,49.91267,14.6748085,100726.96,1.2189395
12895000,12873000,6620172,49.954926,14.676001,100726.445,1.2189392
12948000,12922909,6620172,49.922062,14.675608,100726.836,1.21894
13001000,12976750,6620172,49.917366,14.676105,100726.86,1.2189398
13051000,13027400,6620172,49.922062,14.675378,100726.8,1.2189376
13103000,13079615,6620172,49.917366,14.676227,100726.86,1.2189415
13156000,13130333,6620172,49.945534,14.674937,100726.516,1.2189366
13207000,13183666,6620172,49.922062,14.675995,100726.8,1.2189434
13257000,13234727,6620172,49.936146,14.675397,100726.64,1.2189419
13307000,13283800,6620172,49.95962,14.675237,100726.336,1.2189343
13359000,13337181,6620172,49.94084,14.676124,100726.6,1.2189376
13411000,13388100,6620172,49.95962,14.675867,100726.38,1.2189367
13463000,13440272,6620172,49.94084,14.675325,100726.586,1.2189372
13517000,13491545,6620172,49.926754,14.675443,100726.75,1.2189381
13568000,13544222,6620172,49.95962,14.675721,100726.38,1.2189333
13619000,13596000,6620172,49.93145,14.674906,100726.72,1.2189412
13671000,13647272,6620172,49.95962,14.675854,100726.35,1.2189356
13723000,13699230,6620172,49.93145,14.675023,100726.73,1.2189391
13776000,13752090,6620172,49.964314,14.675166,100726.305,1.2189368
13827000,13804181,6620172,49.936146,14.675391,100726.63,1.2189413
13877000,13854200,6620172,49.922062,14.675911,100726.836,1.2189438
13928000,13906181,6620172,49.926754,14.67527,100726.74,1.2189413
13980000,13957000,6620172,49.926754,14.675373,100726.76,1.2189435
14033000,14006818,6620172,49.94084,14.675481,100726.55,1.218939
14083000,14061363,6620172,49.96901,14.675159,100726.266,1.2189374
14136000,14112916,6620172,49.94084,14.675816,100726.555,1.2189386
14188000,14165083,6620172,49.945534,14.675621,100726.516,1.2189375
14239000,14215538,6620172,49.936146,14.675676,100726.63,1.218936
14291000,14269083,6620172,49.954926,14.675402,100726.42,1.2189388
14343000,14318090,6620172,49.95023,14.67556,100726.47,1.2189367
14395000,14372083,6620172,49.93145,14.676219,100726.69,1.2189412
14447000,14420454,6620172,49.922062,14.675426,100726.83,1.2189406
14499000,14475454,6620172,49.926754,14.675577,100726.74,1.2189406
14551000,14527545,6620172,49.93145,14.676189,100726.69,1.2189381
14604000,14580100,6620172,49.94084,14.675464,100726.58,1.2189401
14655000,14629454,6620172,49.936146,14.676009,100726.64,1.2189397
14708000,14683384,6620172,49.922062,14.676108,100726.78,1.218938
14761000,14734636,6620172,49.95023,14.676113,100726.47,1.2189387
14812000,14788090,6620172,49.95023,14.675255,100726.47,1.2189397
14863000,14839727,6620172,49.964314,14.674848,100726.305,1.2189369
14915000,14890583,6620172,49.95962,14.675876,100726.39,1.2189344
14968000,14942000,6620172,49.992485,14.67535,100725.95,1.2189339
15019000,14995692,6620172,49.992485,14.674835,100725.96,1.2189344
15072000,15049727,6620172,50.00657,14.674838,100725.82,1.2189343
15123000,15099384,6620172,50.03474,14.675202,100725.48,1.2189307
15173000,15151181,6620172,50.039436,14.674513,100725.39,1.2189257
15223000,15201333,6620172,50.08169,14.674254,100724.9,1.2189189
15273000,15250636,6620172,50.086384,14.673797,100724.84,1.218922
15323000,15300818,6620172,50.062912,14.674328,100725.12,1.2189238
15377000,15350750,6620172,50.08169,14.67393,100724.875,1.2189226
15427000,15407400,6620172,50.08169,14.67439,100724.93,1.2189212
15481000,15456181,6620172,50.133335,14.673695,100724.26,1.2189175
15533000,15510727,6620172,50.142727,14.674135,100724.18,1.2189152
15584000,15560272,6620172,50.13803,14.673926,100724.24,1.2189146
15641000,15614818,6620172,50.19437,14.674181,100723.58,1.2189109
15695000,15671700,6620172,50.203762,14.673533,100723.484,1.2189081
15748000,15725454,6620172,50.184982,14.673778,100723.66,1.218908
15803000,15778818,6620172,50.22254,14.67413,100723.22,1.218905
15854000,15832416,6620172,50.217846,14.6729965,100723.234,1.2189063
15908000,15883000,6620172,50.217846,14.673164,100723.26,1.2189074
15959000,15936636,6620172,50.25071,14.672791,100722.91,1.2189051
16012000,15987500,6620172,50.255405,14.673464,100722.8,1.2189034
16064000,16041727,6620172,50.274185,14.67365,100722.62,1.2188988
16116000,16090166,6620172,50.283577,14.673221,100722.49,1.2189015
16167000,16143153,6620172,50.31644,14.672698,100722.11,1.2188942
16220000,16195538,6620172,50.321136,14.672441,100722.04,1.2188905
16272000,16247583,6620172,50.36339,14.672206,100721.5,1.2188876
16327000,16299846,6620172,50.330524,14.672979,100721.914,1.2188935
16378000,16355461,6620172,50.358696,14.672104,100721.61,1.2188878
16428000,16406200,6620172,50.36339,14.672536,100721.516,1.2188901
16479000,16456363,6620172,50.344612,14.6733675,100721.75,1.2188894
16532000,16507818,6620172,50.386868,14.673111,100721.25,1.2188878
16583000,16559333,6620172,50.39156,14.672605,100721.19,1.2188858
16636000,16611461,6620172,50.415035,14.673063,100720.9,1.2188823
16688000,16662818,6620172,50.405647,14.672926,100721.04,1.2188864
16740000,16717333,6620172,50.41973,14.672447,100720.86,1.2188823
16792000,16766700,6620172,50.447903,14.671986,100720.49,1.2188781
16843000,16817750,6620172,50.43851,14.672407,100720.664,1.218882
16896000,16872500,6620172,50.47138,14.671891,100720.22,1.2188773
16948000,16921727,6620172,50.47607,14.672104,100720.18,1.2188723
16999000,16976083,6620172,50.499546,14.671782,100719.9,1.2188718
17051000,17027416,6620172,50.499546,14.672529,100719.92,1.2188703
17101000,17077000,6620172,50.518326,14.671915,100719.68,1.218873
17151000,17127600,6620172,50.52302,14.67107,100719.65,1.2188679
17203000,17178750,6620172,50.504242,14.671839,100719.875,1.2188702
17255000,17231461,6620172,50.508938,14.671854,100719.766,1.2188727
17312000,17284500,6620172,50.480766,14.670916,100720.125,1.2188745
17368000,17339846,6620172,50.555885,14.671904,100719.24,1.2188653
17419000,17394363,6620172,50.532413,14.671894,100719.53,1.2188679
17472000,17447900,6620172,50.551193,14.671305,100719.29,1.2188691
17523000,17498666,6620172,50.565277,14.671332,100719.125,1.218863
17581000,17553833,6620172,50.59814,14.670735,100718.695,1.2188591
17634000,17611285,6620172,50.621616,14.670421,100718.45,1.2188584
17688000,17665100,6620172,50.59345,14.670502,100718.8,1.2188594
17739000,17715600,6620172,50.588753,14.671643,100718.83,1.2188636
17793000,17768700,6620172,50.588753,14.671643,100718.82,1.2188655
17843000,17819636,6620172,50.640396,14.670434,100718.22,1.2188565
17895000,17870083,6620172,50.61692,14.671066,100718.51,1.218861
17947000,17921750,6620172,50.66387,14.670174,100717.95,1.2188512
17999000,17975166,6620172,50.66387,14.670112,100717.945,1.2188537
18051000,18028000,6620172,50.659176,14.670648,100718.016,1.2188532
18108000,18079769,6620172,50.668568,14.671019,100717.875,1.2188537
18163000,18136090,6620172,50.659176,14.670539,100718.02,1.2188507
18216000,18190833,6620172,50.602837,14.670997,100718.68,1.2188598
18272000,18243333,6620172,50.602837,14.671722,100718.68,1.2188613
18323000,18299500,6620172,50.63101,14.671448,100718.336,1.2188543
18376000,18354909,6620172,50.61223,14.671411,100718.555,1.2188613
18428000,18403153,6620172,50.56058,14.671074,100719.18,1.2188663
18478000,18455230,6620172,50.607533,14.670431,100718.65,1.218862
18532000,18507545,6620172,50.565277,14.670863,100719.13,1.2188663
18584000,18561222,6620172,50.588753,14.671754,100718.875,1.2188637
18635000,18613000,6620172,50.574665,14.671237,100719.03,1.2188615
18688000,18664750,6620172,50.61223,14.671013,100718.58,1.2188615
18739000,18715153,6620172,50.569973,14.672031,100719.04,1.218864
18791000,18768250,6620172,50.59814,14.671242,100718.74,1.2188637
18843000,18817833,6620172,50.551193,14.671049,100719.28,1.2188694
18895000,18871384,6620172,50.59345,14.671263,100718.76,1.2188584
18948000,18924300,6620172,50.565277,14.671279,100719.14,1.2188644
19000000,18975454,6620172,50.588753,14.670946,100718.84,1.2188605
19052000,19027500,6620172,50.59814,14.671108,100718.73,1.2188617
19103000,19079538,6620172,50.588753,14.6706085,100718.875,1.2188622
19153000,19127727,6620172,50.61692,14.6715765,100718.46,1.2188604
19203000,19179700,6620172,50.5418,14.671351,100719.414,1.2188692
19255000,19232333,6620172,50.57936,14.671085,100718.945,1.2188649
19307000,19285000,6620172,50.588753,14.670832,100718.83,1.2188591
19360000,19334545,6620172,50.602837,14.671281,100718.68,1.2188584
19412000,19386666,6620172,50.546497,14.671535,100719.336,1.218867
19463000,19442700,6620172,50.569973,14.671718,100719.07,1.218867
19516000,19491384,6620172,50.57936,14.671187,100718.94,1.2188607
19567000,19543230,6620172,50.57936,14.671549,100718.94,1.2188612
19618000,19595461,6620172,50.621616,14.671148,100718.43,1.2188601
19672000,19647307,6620172,50.602837,14.670753,100718.68,1.2188584
19723000,19699818,6620172,50.59345,14.67079,100718.79,1.2188586
19773000,19747909,6620172,50.59345,14.671076,100718.75,1.2188603
19823000,19802909,6620172,50.59814,14.670918,100718.734,1.2188579
19875000,19850750,6620172,50.588753,14.671261,100718.875,1.2188604
19931000,19904333,6620172,50.574665,14.67115,100718.984,1.2188652
19981000,19957916,6620172,50.61692,14.670839,100718.5,1.218861
20032000,20008818,6620172,50.574665,14.67136,100718.97,1.2188638
20084000,20061166,6620172,50.574665,14.671947,100718.984,1.218865
20135000,20113500,6620172,50.57936,14.671929,100718.96,1.2188615
20191000,20162545,6620172,50.621616,14.671357,100718.44,1.2188586
20243000,20217916,6620172,50.59345,14.671212,100718.77,1.2188636
20297000,20270545,6620172,50.61692,14.670508,100718.484,1.2188556
20347000,20324545,6620172,50.63101,14.670577,100718.34,1.2188591
20400000,20373666,6620172,50.59814,14.671224,100718.7,1.2188638
20452000,20427545,6620172,50.588753,14.670828,100718.83,1.2188635
20503000,20478500,6620172,50.59345,14.671837,100718.76,1.2188586
20556000,20531461,6620172,50.59345,14.670865,100718.77,1.2188611
20608000,20584083,6620172,50.59814,14.670474,100718.734,1.2188641
20659000,20636833,6620172,50.565277,14.671585,100719.09,1.218863
20712000,20689727,6620172,50.59345,14.671641,100718.805,1.2188654
20763000,20739000,6620172,50.61692,14.671744,100718.484,1.2188613
20816000,20792750,6620172,50.61692,14.671467,100718.46,1.218856
20867000,20842083,6620172,50.61223,14.67117,100718.58,1.218861
20919000,20895461,6620172,50.607533,14.671853,100718.625,1.2188629
20971000,20947666,6620172,50.584057,14.671169,100718.89,1.2188647
21023000,20999076,6620172,50.588753,14.670777,100718.82,1.2188642
21073000,21049666,6620172,50.555885,14.671841,100719.22,1.2188653
21123000,21099909,6620172,50.602837,14.6704445,100718.66,1.2188592
21175000,21152416,6620172,50.569973,14.6708765,100719.05,1.2188624
21227000,21204545,6620172,50.61223,14.671255,100718.54,1.21886
21279000,21256583,6620172,50.61692,14.671714,100718.5,1.2188611
21332000,21306454,6620172,50.588753,14.671657,100718.81,1.2188598
21383000,21360250,6620172,50.61692,14.670269,100718.484,1.218858
21437000,21411461,6620172,50.602837,14.671814,100718.66,1.2188625
21487000,21466100,6620172,50.626312,14.670633,100718.41,1.2188601
21540000,21516000,6620172,50.607533,14.670332,100718.59,1.21886
21592000,21567555,6620172,50.649788,14.671461,100718.13,1.2188516
21647000,21619000,6620172,50.61223,14.671166,100718.555,1.2188579
21700000,21675636,6620172,50.607533,14.670958,100718.63,1.2188619
21752000,21730000,6620172,50.621616,14.6707945,100718.45,1.2188581
21803000,21779500,6620172,50.645092,14.670913,100718.16,1.2188547
21856000,21832833,6620172,50.584057,14.67091,100718.9,1.2188615
21907000,21881833,6620172,50.621616,14.671504,100718.44,1.2188604
21959000,21935909,6620172,50.645092,14.6703415,100718.17,1.2188524
22011000,21985750,6620172,50.645092,14.6710415,100718.17,1.2188585
22064000,22040900,6620172,50.626312,14.6709795,100718.375,1.2188567
22116000,22089916,6620172,50.626312,14.670981,100718.414,1.2188554
22168000,22143583,6620172,50.61692,14.670899,100718.48,1.2188579
22219000,22195461,6620172,50.640396,14.671512,100718.2,1.2188537
22272000,22247416,6620172,50.626312,14.671355,100718.41,1.218857
22323000,22298909,6620172,50.63101,14.671578,100718.32,1.2188588
22377000,22352416,6620172,50.6357,14.67084,100718.266,1.2188597
22427000,22406400,6620172,50.626312,14.671176,100718.42,1.2188568
22483000,22455846,6620172,50.61692,14.670694,100718.516,1.2188598
22535000,22513333,6620172,50.673264,14.6702585,100717.82,1.2188541
22588000,22563166,6620172,50.6357,14.670676,100718.28,1.2188587
22640000,22615545,6620172,50.654484,14.670241,100718.04,1.2188519
22692000,22665727,6620172,50.6357,14.671415,100718.29,1.218856
22744000,22719750,6620172,50.659176,14.671452,100718.01,1.2188561
22795000,22770909,6620172,50.654484,14.671125,100718.05,1.2188563
22848000,22823363,6620172,50.626312,14.67095,100718.4,1.218859
22899000,22875461,6620172,50.6357,14.670546,100718.3,1.2188593
22953000,22927700,6620172,50.654484,14.670311,100718.04,1.218855
23003000,22980272,6620172,50.6357,14.671204,100718.29,1.2188551
23055000,23031916,6620172,50.654484,14.670116,100718.06,1.2188551
23107000,23082818,6620172,50.673264,14.6700945,100717.85,1.2188514
23157000,23133500,6620172,50.673264,14.671261,100717.82,1.2188529
23208000,23186909,6620172,50.6357,14.670388,100718.3,1.218857
23259000,23235000,6620172,50.61692,14.6709,100718.46,1.2188591
23312000,23287250,6620172,50.654484,14.67035,100718.06,1.2188538
23363000,23338750,6620172,50.677956,14.67017,100717.734,1.2188536
23417000,23391545,6620172,50.687347,14.670399,100717.67,1.2188516
23468000,23445727,6620172,50.649788,14.671047,100718.125,1.2188561
23519000,23494250,6620172,50.61223,14.6708145,100718.58,1.2188624
23571000,23547384,6620172,50.59814,14.671532,100718.72,1.2188623
23623000,23598181,6620172,50.63101,14.670731,100718.32,1.2188556
23676000,23650916,6620172,50.673264,14.670972,100717.8,1.2188509
23727000,23702909,6620172,50.63101,14.671467,100718.35,1.2188556
23783000,23755545,6620172,50.668568,14.670309,100717.91,1.218856
23837000,23812750,6620172,50.649788,14.671453,100718.09,1.2188582
23887000,23864090,6620172,50.6357,14.670813,100718.3,1.2188551
23939000,23916083,6620172,50.70143,14.670576,100717.45,1.2188486
23991000,23968545,6620172,50.687347,14.670018,100717.67,1.218849
24043000,24021166,6620172,50.654484,14.6701765,100718.04,1.2188519
24095000,24072166,6620172,50.63101,14.671293,100718.336,1.2188597
24147000,24123500,6620172,50.649788,14.670788,100718.125,1.2188542
24200000,24172818,6620172,50.659176,14.670665,100717.984,1.218857
24251000,24228166,6620172,50.626312,14.67023,100718.414,1.2188568
24303000,24281166,6620172,50.645092,14.6713085,100718.164,1.2188559
24355000,24332272,6620172,50.66387,14.670367,100717.945,1.2188513
24411000,24383769,6620172,50.63101,14.671144,100718.35,1.2188554
24463000,24443181,6620172,50.66387,14.670595,100717.95,1.2188532
24516000,24492666,6620172,50.649788,14.669993,100718.125,1.2188537
24572000,24546200,6620172,50.645092,14.671344,100718.15,1.2188592
24623000,24597583,6620172,50.659176,14.671033,100717.984,1.218852
24676000,24651666,6620172,50.6357,14.671456,100718.305,1.2188579
24728000,24705818,6620172,50.66387,14.670797,100717.93,1.2188503
24780000,24755538,6620172,50.668568,14.670149,100717.9,1.2188522
24833000,24807666,6620172,50.668568,14.670722,100717.9,1.2188549
24883000,24862500,6620172,50.673264,14.670938,100717.82,1.2188544
24936000,24912666,6620172,50.61692,14.671177,100718.484,1.2188569
24993000,24964272,6620172,50.68265,14.670873,100717.695,1.2188526
25043000,25020600,6620172,50.659176,14.670533,100718.016,1.2188559
25093000,25070090,6620172,50.659176,14.671286,100718.02,1.2188518
25143000,25121416,6620172,50.673264,14.670772,100717.82,1.2188517
25196000,25171818,6620172,50.677956,14.67147,100717.75,1.2188524
25248000,25224833,6620172,50.6357,14.670824,100718.305,1.218859
25299000,25274333,6620172,50.626312,14.671057,100718.4,1.218861
25351000,25326800,6620172,50.68265,14.670322,100717.7,1.2188538
25403000,25379416,6620172,50.6357,14.670835,100718.29,1.2188559
25453000,25429200,6620172,50.687347,14.670215,100717.664,1.2188488
25508000,25481500,6620172,50.68265,14.670288,100717.7,1.2188519
25559000,25537250,6620172,50.659176,14.670514,100717.984,1.2188563
25611000,25589083,6620172,50.645092,14.671022,100718.164,1.2188543
25663000,25639363,6620172,50.649788,14.670286,100718.09,1.2188528
25716000,25691083,6620172,50.68265,14.670127,100717.7,1.2188499
25768000,25745250,6620172,50.677956,14.670709,100717.74,1.2188509
25819000,25796666,6620172,50.66387,14.669939,100717.93,1.2188522
25871000,25847307,6620172,50.668568,14.671007,100717.87,1.2188526
25923000,25897454,6620172,50.710823,14.670385,100717.37,1.2188445
25975000,25952250,6620172,50.668568,14.670702,100717.87,1.2188506
26028000,26007333,6620172,50.654484,14.67038,100718.06,1.2188548
26083000,26056076,6620172,50.659176,14.67131,100717.98,1.2188516
26136000,26110818,6620172,50.687347,14.6710005,100717.65,1.2188487
26187000,26163307,6620172,50.70143,14.670396,100717.49,1.2188498
26239000,26216416,6620172,50.645092,14.670931,100718.17,1.2188543
26291000,26268500,6620172,50.706127,14.669939,100717.43,1.2188457
26344000,26319230,6620172,50.668568,14.670095,100717.9,1.2188523
26396000,26372272,6620172,50.649788,14.670051,100718.09,1.2188568
26447000,26423416,6620172,50.70143,14.671104,100717.484,1.2188494
26499000,26475538,6620172,50.68265,14.671084,100717.72,1.2188495
26552000,26528416,6620172,50.673264,14.67044,100717.82,1.2188505
26603000,26579538,6620172,50.654484,14.671239,100718.06,1.2188556
26656000,26631545,6620172,50.687347,14.669993,100717.65,1.2188474
26708000,26684000,6620172,50.70143,14.670331,100717.45,1.218847
26763000,26736000,6620172,50.668568,14.670215,100717.9,1.2188506
26820000,26791769,6620172,50.668568,14.670316,100717.875,1.2188512
26871000,26846181,6620172,50.654484,14.671269,100718.06,1.2188545
26923000,26899230,6620172,50.677956,14.670367,100717.766,1.2188512
26977000,26951181,6620172,50.649788,14.670648,100718.125,1.2188581
27032000,27005181,6620172,50.72021,14.670277,100717.25,1.2188486
27083000,27060454,6620172,50.677956,14.671251,100717.734,1.218853
27137000,27112666,6620172,50.654484,14.671419,100718.05,1.2188563
27187000,27163818,6620172,50.66387,14.670059,100717.95,1.2188542
27241000,27215307,6620172,50.645092,14.671436,100718.164,1.2188566
27291000,27268636,6620172,50.70143,14.67082,100717.5,1.2188518
27343000,27318916,6620172,50.692043,14.670677,100717.58,1.2188492
27395000,27373300,6620172,50.645092,14.670332,100718.15,1.2188576
27447000,27423230,6620172,50.677956,14.670963,100717.75,1.218854
27499000,27475230,6620172,50.654484,14.670659,100718.04,1.2188518
27553000,27527538,6620172,50.68265,14.671148,100717.69,1.2188516
27603000,27581583,6620172,50.654484,14.670412,100718.04,1.2188538
27653000,27629416,6620172,50.668568,14.670781,100717.875,1.2188542
27703000,27681888,6620172,50.659176,14.671282,100717.97,1.2188509
27755000,27731833,6620172,50.659176,14.670907,100717.99,1.2188535
27812000,27785000,6620172,50.677956,14.670202,100717.74,1.218854
27864000,27839500,6620172,50.649788,14.670397,100718.125,1.218854
27916000,27893666,6620172,50.677956,14.671001,100717.734,1.2188506
27968000,27944916,6620172,50.70143,14.670512,100717.51,1.2188488
28021000,27997416,6620172,50.659176,14.671271,100718.02,1.2188576
28071000,28048700,6620172,50.696735,14.67035,100717.56,1.2188504
28123000,28098500,6620172,50.687347,14.671382,100717.65,1.2188509
28176000,28152916,6620172,50.668568,14.671464,100717.89,1.2188554
28228000,28203916,6620172,50.659176,14.669998,100717.99,1.2188529
28280000,28254909,6620172,50.668568,14.669995,100717.875,1.2188528
28331000,28308300,6620172,50.677956,14.670132,100717.79,1.2188524
28383000,28359153,6620172,50.659176,14.670476,100718.02,1.2188568
28436000,28411750,6620172,50.6357,14.671244,100718.26,1.2188566
28488000,28462250,6620172,50.659176,14.67006,100717.98,1.2188529
28543000,28515727,6620172,50.668568,14.670152,100717.87,1.218851
28596000,28571750,6620172,50.66387,14.670559,100717.93,1.2188559
28648000,28625166,6620172,50.706127,14.670112,100717.42,1.21885
28701000,28676545,6620172,50.677956,14.6707735,100717.78,1.2188514
28751000,28729636,6620172,50.659176,14.6710825,100717.99,1.2188536
28803000,28781272,6620172,50.649788,14.671249,100718.125,1.2188576
28853000,28830818,6620172,50.640396,14.67117,100718.234,1.2188597
28903000,28879800,6620172,50.640396,14.671395,100718.18,1.2188565
28955000,28932000,6620172,50.659176,14.67138,100717.98,1.2188551
29007000,28982545,6620172,50.649788,14.670792,100718.09,1.2188555
29060000,29036200,6620172,50.68265,14.670486,100717.73,1.2188507
29112000,29085916,6620172,50.626312,14.671088,100718.38,1.2188581
29164000,29139583,6620172,50.61692,14.671536,100718.484,1.2188612
29217000,29192916,6620172,50.654484,14.671182,100718.04,1.2188525
29268000,29246363,6620172,50.668568,14.670522,100717.91,1.218854
29323000,29295692,6620172,50.6357,14.671393,100718.27,1.2188585
29373000,29351545,6620172,50.677956,14.670213,100717.734,1.2188509
29423000,29399363,6620172,50.677956,14.670899,100717.78,1.2188512
29476000,29453500,6620172,50.668568,14.671086,100717.91,1.2188543
29531000,29503846,6620172,50.640396,14.670641,100718.2,1.2188545
29583000,29558333,6620172,50.6357,14.670533,100718.29,1.2188553
29635000,29611307,6620172,50.640396,14.670914,100718.2,1.2188572
29687000,29663000,6620172,50.640396,14.671217,100718.234,1.218854
29737000,29716800,6620172,50.645092,14.670118,100718.164,1.2188591
29788000,29766909,6620172,50.640396,14.670455,100718.18,1.2188581
29839000,29815000,6620172,50.649788,14.671087,100718.086,1.2188526
29892000,29868250,6620172,50.673264,14.670844,100717.85,1.2188492
29943000,29921000,6620172,50.696735,14.670674,100717.56,1.2188482
29996000,29971461,6620172,50.659176,14.670485,100717.97,1.218854
30051000,30024250,6620172,50.6357,14.670848,100718.26,1.2188565
30101000,30078363,6620172,50.640396,14.670632,100718.23,1.2188542
30151000,30130727,6620172,50.668568,14.671219,100717.914,1.218851
30203000,30182818,6620172,50.645092,14.671405,100718.15,1.2188559
30255000,30233000,6620172,50.63101,14.670428,100718.32,1.2188568
30308000,30282083,6620172,50.659176,14.670188,100717.99,1.2188537
30360000,30335538,6620172,50.640396,14.6702795,100718.23,1.218856
30413000,30386583,6620172,50.673264,14.670884,100717.85,1.2188554
30463000,30441000,6620172,50.659176,14.670723,100718.01,1.2188568
30516000,30492416,6620172,50.6357,14.670145,100718.305,1.2188554
30567000,30543818,6620172,50.63101,14.671079,100718.34,1.2188582
30620000,30596166,6620172,50.677956,14.671178,100717.766,1.2188504
30671000,30649166,6620172,50.645092,14.670531,100718.164,1.2188534
30723000,30700416,6620172,50.654484,14.670486,100718.05,1.2188563
30775000,30750833,6620172,50.63101,14.671515,100718.33,1.218855
30828000,30802666,6620172,50.640396,14.671327,100718.234,1.2188548
30884000,30855916,6620172,50.649788,14.6707945,100718.12,1.2188581
30935000,30911307,6620172,50.626312,14.670754,100718.4,1.2188604
30987000,30963636,6620172,50.659176,14.671008,100717.99,1.2188532
31039000,31014416,6620172,50.645092,14.670798,100718.15,1.2188591
31092000,31068083,6620172,50.668568,14.670487,100717.9,1.2188532
31147000,31120166,6620172,50.640396,14.670804,100718.18,1.2188553
31197000,31173666,6620172,50.626312,14.671173,100718.37,1.218857
31247000,31224181,6620172,50.6357,14.670379,100718.24,1.2188553
31300000,31274800,6620172,50.659176,14.670403,100717.984,1.2188542
31352000,31326727,6620172,50.654484,14.671112,100718.05,1.218857
31403000,31379230,6620172,50.668568,14.670435,100717.875,1.218852
31456000,31432750,6620172,50.61223,14.670436,100718.586,1.2188601
31508000,31483384,6620172,50.649788,14.671431,100718.125,1.2188543
31561000,31535615,6620172,50.668568,14.671355,100717.914,1.2188549
31612000,31590272,6620172,50.640396,14.670449,100718.23,1.2188553
31663000,31638800,6620172,50.696735,14.671165,100717.53,1.2188487
31716000,31690545,6620172,50.6357,14.670607,100718.24,1.2188547
31767000,31742454,6620172,50.607533,14.670072,100718.59,1.2188593
31820000,31795700,6620172,50.677956,14.670211,100717.74,1.2188519
31872000,31846545,6620172,50.668568,14.670296,100717.89,1.2188524
31927000,31899769,6620172,50.6357,14.670967,100718.3,1.218858
31979000,31957083,6620172,50.607533,14.670166,100718.59,1.2188588
32032000,32006909,6620172,50.640396,14.671476,100718.19,1.2188563
32083000,32052200,6620172,50.640396,14.670368,100718.2,1.2188565
32135000,32111833,6620172,50.692043,14.670931,100717.63,1.2188492
32188000,32163000,6620172,50.61692,14.67141,100718.484,1.218859
32239000,32215083,6620172,50.668568,14.670238,100717.875,1.2188542
32291000,32267583,6620172,50.649788,14.67126,100718.086,1.2188553
32341000,32317583,6620172,50.673264,14.670672,100717.82,1.2188548
32391000,32369000,6620172,50.654484,14.670435,100718.04,1.2188557
32443000,32419461,6620172,50.668568,14.670924,100717.914,1.2188523
32496000,32471384,6620172,50.640396,14.671223,100718.22,1.2188559
32548000,32525000,6620172,50.640396,14.670751,100718.2,1.2188573
32598000,32577083,6620172,50.668568,14.670486,100717.9,1.2188536
32648000,32626200,6620172,50.6357,14.671499,100718.266,1.2188559
32699000,32676916,6620172,50.6357,14.671224,100718.28,1.2188541
32752000,32730363,6620172,50.687347,14.670836,100717.67,1.2188479
32803000,32779909,6620172,50.649788,14.670379,100718.125,1.2188586
32853000,32830545,6620172,50.649788,14.670587,100718.125,1.2188573
32903000,32880181,6620172,50.668568,14.671128,100717.914,1.2188522
32955000,32931363,6620172,50.668568,14.671501,100717.914,1.2188505
33007000,32983461,6620172,50.645092,14.670844,100718.15,1.2188568
33060000,33034250,6620172,50.645092,14.671061,100718.164,1.2188549
33112000,33086818,6620172,50.673264,14.670385,100717.81,1.2188492
33164000,33141000,6620172,50.621616,14.670628,100718.45,1.2188607
33215000,33190750,6620172,50.66387,14.670696,100717.95,1.2188543
33267000,33242400,6620172,50.588753,14.6715,100718.82,1.2188666
33320000,33294454,6620172,50.654484,14.671174,100718.06,1.2188548
33372000,33350454,6620172,50.645092,14.6707325,100718.15,1.2188587
33423000,33398583,6620172,50.640396,14.6713705,100718.2,1.218858
33475000,33451818,6620172,50.640396,14.670746,100718.234,1.2188536
33527000,33503272,6620172,50.63101,14.67134,100718.336,1.2188599
33579000,33555916,6620172,50.668568,14.67073,100717.875,1.2188507
33631000,33609400,6620172,50.640396,14.671331,100718.21,1.2188582
33682000,33656818,6620172,50.649788,14.670558,100718.14,1.2188587
33733000,33709500,6620172,50.626312,14.671275,100718.414,1.2188596
33783000,33760833,6620172,50.649788,14.671401,100718.14,1.2188584
33836000,33812083,6620172,50.6357,14.670626,100718.29,1.2188547
33888000,33863307,6620172,50.654484,14.671128,100718.06,1.2188523
33939000,33917083,6620172,50.659176,14.670886,100718.0,1.218853
33992000,33966600,6620172,50.6357,14.671044,100718.25,1.2188541
34043000,34021900,6620172,50.645092,14.671335,100718.15,1.2188528
34095000,34073300,6620172,50.6357,14.671245,100718.27,1.2188553
34148000,34122636,6620172,50.6357,14.6710615,100718.28,1.2188599
34203000,34175923,6620172,50.659176,14.670104,100717.97,1.2188541
34256000,34230250,6620172,50.668568,14.671146,100717.87,1.2188553
34307000,34282083,6620172,50.626312,14.670505,100718.37,1.2188597
34359000,34335153,6620172,50.659176,14.670106,100718.0,1.2188545
34411000,34386500,6620172,50.668568,14.670263,100717.86,1.2188493
34463000,34439083,6620172,50.659176,14.670433,100717.98,1.2188516
34513000,34490100,6620172,50.66387,14.670504,100717.95,1.2188509
34563000,34541200,6620172,50.677956,14.670644,100717.76,1.2188526
34615000,34590750,6620172,50.626312,14.670776,100718.414,1.2188567
34673000,34645727,6620172,50.6357,14.670776,100718.28,1.2188584
34723000,34703200,6620172,50.659176,14.671606,100718.016,1.2188556
34775000,34752272,6620172,50.645092,14.671424,100718.15,1.2188578
34828000,34804666,6620172,50.626312,14.671065,100718.375,1.2188601
34879000,34854250,6620172,50.68265,14.670395,100717.7,1.2188514
34931000,34907000,6620172,50.66387,14.670424,100717.945,1.2188541
34984000,34960750,6620172,50.668568,14.670776,100717.9,1.2188544
35035000,35011500,6620172,50.63101,14.67103,100718.36,1.2188553
35087000,35061454,6620172,50.654484,14.670768,100718.06,1.218854
35138000,35115583,6620172,50.677956,14.67105,100717.734,1.2188535
35192000,35165833,6620172,50.63101,14.670451,100718.36,1.2188556
35243000,35221636,6620172,50.654484,14.671534,100718.06,1.2188517
35296000,35272250,6620172,50.602837,14.671505,100718.66,1.2188625
35352000,35326000,6620172,50.68265,14.671298,100717.7,1.218851
35404000,35379636,6620172,50.692043,14.670413,100717.58,1.2188483
35456000,35431900,6620172,50.659176,14.670872,100718.01,1.2188561
35511000,35485909,6620172,50.61692,14.671405,100718.484,1.2188568
35563000,35539250,6620172,50.645092,14.670948,100718.15,1.2188579
35616000,35590500,6620172,50.649788,14.67141,100718.09,1.2188582
35672000,35645727,6620172,50.668568,14.670864,100717.87,1.2188555
35724000,35699250,6620172,50.61692,14.670868,100718.484,1.2188613
35777000,35752000,6620172,50.677956,14.670049,100717.77,1.2188519
35827000,35804454,6620172,50.640396,14.670738,100718.2,1.2188559
35879000,35857818,6620172,50.640396,14.670954,100718.22,1.2188562
35932000,35908416,6620172,50.649788,14.670708,100718.11,1.2188541
35983000,35959333,6620172,50.659176,14.6701565,100718.0,1.2188568
36033000,36009200,6620172,50.649788,14.671477,100718.1,1.2188557
36083000,36059700,6620172,50.654484,14.670524,100718.08,1.2188542
36135000,36113727,6620172,50.673264,14.671567,100717.83,1.2188487
36192000,36163909,6620172,50.626312,14.670249,100718.38,1.2188584
36243000,36217916,6620172,50.63101,14.670786,100718.34,1.218857
36295000,36271230,6620172,50.621616,14.671135,100718.43,1.2188575
36348000,36325090,6620172,50.654484,14.671045,100718.05,1.218854
36399000,36375461,6620172,50.654484,14.671109,100718.06,1.2188554
36451000,36428727,6620172,50.6357,14.670056,100718.24,1.218854
36503000,36480666,6620172,50.61692,14.671591,100718.51,1.2188605
36560000,36532000,6620172,50.649788,14.67148,100718.125,1.2188529
36612000,36588181,6620172,50.66387,14.670528,100717.95,1.2188528
36663000,36638166,6620172,50.6357,14.671443,100718.266,1.2188578
36717000,36691307,6620172,50.66387,14.671074,100717.94,1.2188531
36772000,36745909,6620172,50.70143,14.670079,100717.445,1.2188497
36824000,36797916,6620172,50.66387,14.671505,100717.93,1.2188559
36881000,36857300,6620172,50.61223,14.670198,100718.57,1.2188586
36932000,36908363,6620172,50.602837,14.671503,100718.68,1.2188604
36983000,36960818,6620172,50.692043,14.670543,100717.62,1.2188524
37035000,37012416,6620172,50.649788,14.670887,100718.11,1.2188559
37087000,37063307,6620172,50.645092,14.670984,100718.17,1.2188585
37139000,37116454,6620172,50.649788,14.671058,100718.11,1.2188544
37193000,37166750,6620172,50.640396,14.671276,100718.21,1.2188575
37244000,37221166,6620172,50.640396,14.671391,100718.19,1.2188554
37296000,37270181,6620172,50.607533,14.6711855,100718.59,1.2188578
37348000,37321727,6620172,50.640396,14.670936,100718.234,1.2188538
37399000,37374583,6620172,50.63101,14.671041,100718.32,1.2188557
37453000,37425583,6620172,50.6357,14.6710825,100718.29,1.2188576
37507000,37480454,6620172,50.66387,14.671109,100717.93,1.2188553
37558000,37535250,6620172,50.621616,14.671283,100718.45,1.2188617
37611000,37586636,6620172,50.70143,14.670431,100717.484,1.2188503
37664000,37638916,6620172,50.640396,14.671137,100718.19,1.2188592
37716000,37693500,6620172,50.659176,14.670704,100718.016,1.2188545
37767000,37743454,6620172,50.668568,14.670143,100717.875,1.2188523
37819000,37796272,6620172,50.59345,14.670828,100718.79,1.2188601
37872000,37847384,6620172,50.626312,14.670289,100718.39,1.2188609
37928000,37899750,6620172,50.649788,14.670861,100718.09,1.2188537
37981000,37955818,6620172,50.640396,14.670476,100718.18,1.218857
38031000,38009083,6620172,50.61692,14.671468,100718.51,1.2188599
38083000,38058000,6620172,50.6357,14.671312,100718.28,1.2188582
38133000,38109416,6620172,50.645092,14.671685,100718.164,1.2188537
38183000,38161727,6620172,50.640396,14.67046,100718.22,1.2188579
38235000,38210454,6620172,50.61692,14.670633,100718.484,1.2188572
38287000,38263750,6620172,50.602837,14.670482,100718.68,1.2188623
38339000,38314090,6620172,50.574665,14.670922,100719.01,1.2188624
38391000,38367500,6620172,50.537106,14.6718025,100719.45,1.2188714
38443000,38420250,6620172,50.51363,14.67237,100719.71,1.2188723
38493000,38473000,6620172,50.51363,14.671121,100719.73,1.2188724
38545000,38521727,6620172,50.47138,14.672546,100720.195,1.2188733
38601000,38573833,6620172,50.452595,14.672519,100720.48,1.2188776
38653000,38629727,6620172,50.37278,14.672973,100721.445,1.2188873
38704000,38681400,6620172,50.349308,14.672596,100721.695,1.2188897
38759000,38733666,6620172,50.321136,14.672505,100722.02,1.2188898
38811000,38787384,6620172,50.302357,14.672764,100722.28,1.218898
38863000,38840333,6620172,50.246017,14.672778,100722.92,1.218902
38916000,38891384,6620172,50.203762,14.674334,100723.44,1.2189069
38972000,38943846,6620172,50.203762,14.673396,100723.43,1.2189044
39023000,39001272,6620172,50.19437,14.673736,100723.58,1.2189103
39076000,39051545,6620172,50.123947,14.67408,100724.375,1.2189149
39128000,39102400,6620172,50.076996,14.67373,100724.96,1.218924
39179000,39155666,6620172,50.09108,14.6737995,100724.8,1.2189221
39232000,39209272,6620172,50.0723,14.674827,100724.98,1.2189188
39283000,39259000,6620172,50.039436,14.674935,100725.4,1.2189269
39333000,39310300,6620172,50.02535,14.674537,100725.586,1.2189249
39383000,39360090,6620172,49.964314,14.674838,100726.31,1.2189382
39433000,39409909,6620172,49.90328,14.675493,100726.99,1.21894
39483000,39461416,6620172,49.922062,14.675231,100726.83,1.2189428
39533000,39509000,6620172,49.936146,14.674834,100726.67,1.2189403
39584000,39561454,6620172,49.964314,14.674781,100726.27,1.2189342
39635000,39612727,6620172,49.954926,14.674721,100726.43,1.2189388
39692000,39663923,6620172,49.9784,14.675325,100726.12,1.218931
39743000,39719583,6620172,49.936146,14.676081,100726.664,1.2189397
39795000,39771230,6620172,49.917366,14.6759615,100726.89,1.2189416
39851000,39822750,6620172,49.926754,14.675328,100726.76,1.2189373
39903000,39881000,6620172,49.954926,14.675047,100726.44,1.218936
39956000,39932636,6620172,49.89389,14.67587,100727.164,1.2189472
40013000,39985363,6620172,49.95023,14.674927,100726.46,1.2189357
40063000,40040500,6620172,49.964314,14.675526,100726.32,1.2189368
40116000,40092833,6620172,49.954926,14.674863,100726.44,1.2189344
40168000,40141833,6620172,49.95962,14.675106,100726.38,1.2189336
40219000,40195909,6620172,49.926754,14.674726,100726.74,1.2189416
40271000,40250181,6620172,49.964314,14.675052,100726.33,1.2189363
40323000,40300909,6620172,49.964314,14.674986,100726.33,1.2189366
40376000,40351615,6620172,49.95962,14.674934,100726.38,1.2189348
40427000,40401916,6620172,49.936146,14.6755085,100726.64,1.2189419
40479000,40458000,6620172,49.94084,14.675119,100726.6,1.2189394
40531000,40506181,6620172,49.926754,14.676168,100726.76,1.2189407
40584000,40560727,6620172,49.93145,14.675602,100726.69,1.2189412
40641000,40612818,6620172,49.94084,14.675051,100726.586,1.2189392
40691000,40667500,6620172,49.922062,14.675783,100726.836,1.2189388
40743000,40717181,6620172,49.936146,14.675318,100726.64,1.218939
40797000,40774727,6620172,49.926754,14.674935,100726.766,1.2189431
40848000,40825416,6620172,49.93145,14.675793,100726.7,1.2189372
40899000,40877300,6620172,49.91267,14.67593,100726.91,1.2189422
40952000,40926750,6620172,49.889194,14.675112,100727.19,1.2189429
41003000,40981000,6620172,49.936146,14.675606,100726.64,1.2189395
41055000,41031454,6620172,49.936146,14.675791,100726.62,1.2189413
41108000,41083545,6620172,49.922062,14.676221,100726.82,1.2189419
41163000,41136076,6620172,49.94084,14.676225,100726.59,1.2189387
41213000,41190600,6620172,49.93145,14.675709,100726.69,1.2189415
41263000,41241636,6620172,49.96901,14.675037,100726.25,1.2189355
41314000,41291076,6620172,49.954926,14.675086,100726.44,1.2189381
41368000,41341900,6620172,49.95023,14.675548,100726.47,1.2189351
41420000,41393636,6620172,49.898586,14.676026,100727.08,1.2189431
41472000,41447307,6620172,49.93145,14.675586,100726.734,1.2189372
41523000,41497090,6620172,49.973705,14.675675,100726.21,1.2189364
41576000,41551272,6620172,49.95962,14.674988,100726.375,1.2189361
41628000,41605363,6620172,49.95962,14.675447,100726.38,1.2189379
41679000,41655500,6620172,49.936146,14.675342,100726.625,1.21894
41731000,41705833,6620172,49.922062,14.675627,100726.79,1.218939
41783000,41759307,6620172,49.93145,14.675811,100726.69,1.2189422
41835000,41809727,6620172,49.93145,14.675706,100726.72,1.2189368
41887000,41866200,6620172,49.94084,14.674935,100726.55,1.218935
41940000,41912000,6620172,49.917366,14.675746,100726.88,1.2189404
41992000,41966818,6620172,49.898586,14.676196,100727.086,1.2189422
42043000,42020090,6620172,49.945534,14.674689,100726.49,1.218938
42093000,42070181,6620172,49.95962,14.674979,100726.37,1.2189388
42143000,42119727,6620172,49.93145,14.675289,100726.695,1.2189403
42193000,42168545,6620172,49.964314,14.675479,100726.305,1.2189368
42243000,42219636,6620172,49.90328,14.676177,100727.016,1.2189422
42297000,42271000,6620172,49.926754,14.675817,100726.74,1.2189388
42348000,42325500,6620172,49.95962,14.676154,100726.34,1.2189382
42399000,42377166,6620172,49.936146,14.67598,100726.66,1.2189395
42452000,42427800,6620172,49.93145,14.676156,100726.69,1.218941
42503000,42480250,6620172,49.91267,14.676095,100726.914,1.2189416
42557000,42532181,6620172,49.954926,14.675035,100726.42,1.2189357
42607000,42586909,6620172,49.93145,14.675776,100726.7,1.218939
42657000,42633363,6620172,49.93145,14.676051,100726.695,1.2189364
42707000,42685888,6620172,49.93145,14.675381,100726.69,1.2189406
42760000,42736000,6620172,49.898586,14.675076,100727.055,1.2189417
42811000,42787909,6620172,49.917366,14.674888,100726.89,1.2189387
42863000,42841545,6620172,49.90328,14.675717,100727.016,1.2189415
42916000,42891400,6620172,49.94084,14.674901,100726.55,1.2189374
42968000,42943416,6620172,49.94084,14.674773,100726.57,1.2189353
43023000,42995666,6620172,49.917366,14.675646,100726.88,1.2189406
43077000,43052583,6620172,49.95962,14.675119,100726.35,1.2189362
43128000,43105000,6620172,49.954926,14.675459,100726.41,1.218939
43181000,43156200,6620172,49.96901,14.674677,100726.24,1.2189347
43233000,43209500,6620172,49.945534,14.6749325,100726.53,1.2189366
43283000,43263090,6620172,49.964314,14.674959,100726.31,1.218932
43335000,43310083,6620172,49.936146,14.674719,100726.61,1.2189392
43388000,43363600,6620172,49.964314,14.674959,100726.29,1.2189338
43441000,43414666,6620172,49.91267,14.676126,100726.96,1.2189436
43492000,43467545,6620172,49.889194,14.67553,100727.24,1.2189436
43543000,43519909,6620172,49.98779,14.674814,100726.016,1.2189312
43595000,43571461,6620172,49.954926,14.674857,100726.41,1.2189348
43653000,43627600,6620172,49.922062,14.675138,100726.83,1.2189417
43703000,43681400,6620172,49.95962,14.6752615,100726.37,1.2189348
43756000,43731230,6620172,49.922062,14.675143,100726.8,1.2189415
43808000,43785545,6620172,49.964314,14.676005,100726.29,1.2189367
43861000,43836416,6620172,49.922062,14.675098,100726.83,1.2189422
43912000,43888500,6620172,49.945534,14.67594,100726.53,1.2189374
43963000,43940600,6620172,49.936146,14.67547,100726.66,1.2189367
44015000,43994000,6620172,49.94084,14.675595,100726.56,1.2189405
44068000,44042545,6620172,49.95962,14.6749935,100726.38,1.2189344
44119000,44097000,6620172,49.922062,14.676126,100726.82,1.218943
44171000,44149250,6620172,49.93145,14.675077,100726.71,1.2189404
44221000,44195909,6620172,49.964314,14.675216,100726.33,1.218938
44272000,44249100,6620172,49.898586,14.675984,100727.08,1.2189462
44323000,44300900,6620172,49.945534,14.674957,100726.484,1.2189392
44377000,44351615,6620172,49.917366,14.674684,100726.87,1.2189423
44431000,44404545,6620172,49.917366,14.675146,100726.86,1.2189384
44483000,44458818,6620172,49.917366,14.674986,100726.875,1.2189429
